A10		Point
A100		15
A101		16
A102		17
A103		18
A104		19
A105		20
A106		21
A107		22
A108		23
A109		24
A11		
A110		
A112		OFFSET TABLE FOR TRANSFORMED DESIGN (At equally spaced waterlines and sections)
A114		
A115		No
A116	$A$85	0
A117	$A$86	1
A118	$A$87	2
A119	$A$88	3
A12		1
A120	$A$89	4
A121	$A$90	5
A122	$A$91	6
A123	$A$92	7
A124	$A$93	8
A125	$A$94	9
A126	$A$95	10
A127	$A$96	11
A128	$A$97	12
A129	$A$98	13
A13		2
A130	$A$99	14
A131	$A$100	15
A132	$A$101	16
A133	$A$102	17
A134	$A$103	18
A135	$A$104	19
A136	$A$105	20
A137	$A$106	21
A138	$A$107	22
A139	$A$138+1	23
A14		3
A140	$A$139+1	24
A141		
A142		BOJEAN
A143		
A144		No
A145	$A$85	0
A146	$A$86	1
A147	$A$87	2
A148	$A$88	3
A149	$A$89	4
A15		4
A150	$A$90	5
A151	$A$91	6
A152	$A$92	7
A153	$A$93	8
A154	$A$94	9
A155	$A$95	10
A156	$A$96	11
A157	$A$97	12
A158	$A$98	13
A159	$A$99	14
A16		5
A160	$A$100	15
A161	$A$101	16
A162	$A$102	17
A163	$A$103	18
A164	$A$104	19
A165	$A$105	20
A166	$A$106	21
A167	$A$107	22
A168	$A$138+1	23
A169	$A$139+1	24
A17		6
A170		Vertical Moment
A171		
A172		No
A173	$A$85	0
A174	$A$86	1
A175	$A$87	2
A176	$A$88	3
A177	$A$89	4
A178	$A$90	5
A179	$A$91	6
A18		7
A180	$A$92	7
A181	$A$93	8
A182	$A$94	9
A183	$A$95	10
A184	$A$96	11
A185	$A$97	12
A186	$A$98	13
A187	$A$99	14
A188	$A$100	15
A189	$A$101	16
A19		8
A190	$A$102	17
A191	$A$103	18
A192	$A$104	19
A193	$A$105	20
A194	$A$106	21
A195	$A$107	22
A196	$A$138+1	23
A197	$A$139+1	24
A198		
A199		Horizontal Moment
A20		9
A200		
A201		No
A202	$A$85	0
A203	$A$86	1
A204	$A$87	2
A205	$A$88	3
A206	$A$89	4
A207	$A$90	5
A208	$A$91	6
A209	$A$92	7
A21		10
A210	$A$93	8
A211	$A$94	9
A212	$A$95	10
A213	$A$96	11
A214	$A$97	12
A215	$A$98	13
A216	$A$99	14
A217	$A$100	15
A218	$A$101	16
A219	$A$102	17
A22		11
A220	$A$103	18
A221	$A$104	19
A222	$A$105	20
A223	$A$106	21
A224	$A$107	22
A225	$A$138+1	23
A226	$A$139+1	24
A227		
A228		Section Girth
A229		
A23		12
A230		No
A231	$A$85	0
A232	$A$86	1
A233	$A$87	2
A234	$A$88	3
A235	$A$89	4
A236	$A$90	5
A237	$A$91	6
A238	$A$92	7
A239	$A$93	8
A24		13
A240	$A$94	9
A241	$A$95	10
A242	$A$96	11
A243	$A$97	12
A244	$A$98	13
A245	$A$99	14
A246	$A$100	15
A247	$A$101	16
A248	$A$102	17
A249	$A$103	18
A25		14
A250	$A$104	19
A251	$A$105	20
A252	$A$106	21
A253	$A$107	22
A254	$A$138+1	23
A255	$A$139+1	24
A256		
A257		Hydrostatics to Design Waterline
A258		
A259		SM
A26		15
A260		Station
A261		X coord
A262		Waterline Offset
A263		Bonjean
A264		VMOM
A265		HMOM
A266		Girth
A267		X (from LCF)
A268		Displacement
A269		Vert. Mom. Area
A27		16
A270		JT
A271		Long. Mom. Area
A272		Waterplane Area
A273		LCB
A274		VCB
A275		BMT
A276		Midship Section Area
A277		JL
A278		BML
A279		LCF
A28		17
A280		WSA
A281		Cw
A282		
A284		Hydrostatics to Load Waterline
A285		
A286		SM
A287		Station
A288		X coord
A289		Waterline Offset
A29		18
A290		Bonjean
A291		VMOM
A292		HMOM
A293		Girth
A294		X (from LCF)
A295		Displacement
A296		
A297		Vert. Mom. Area
A298		JT
A299		Long. Mom. Area
A30		19
A300		Waterplane Area
A301		LCB
A302		VCB
A303		BMT
A304		Midship Section Area
A305		JL
A306		BML
A307		LCF
A308		WSA
A309		Cw
A31		20
A315		SM
A316		SM(2)
A317		Station
A318		X coord
A319		Girth
A32		21
A33		22
A34		23
A35		24
A36		25
A37		26
A38		27
A48		
A49		Data
A50		Point
A51		
A52		1
A53		2
A54		3
A55		4
A56		5
A57		6
A58		7
A59		8
A60		9
A61		10
A62		11
A63		12
A64		13
A65		14
A66		15
A67		16
A68		17
A69		18
A70		19
A71		20
A72		21
A73		22
A74		23
A75		24
A76		25
A77		26
A78		27
A8		
A81		Offset Data at equally spaced waterlines
A83		WL
A84		No
A85		0
A86	A85+1	1
A87		2
A88		3
A89		4
A9		Data
A90		5
A91		6
A92		7
A93		8
A94		9
A95	A94+1	10
A96		11
A97		12
A98		13
A99		14
AA10	'Basis Hull'!AA11	19.41
AA11		Y
AA12	'Basis Hull'!AA13	0.08
AA13	'Basis Hull'!AA14	0.09
AA14	'Basis Hull'!AA15	0.22
AA15	'Basis Hull'!AA16	0.98
AA16	'Basis Hull'!AA17	1.44
AA17	'Basis Hull'!AA18	1.71
AA18	'Basis Hull'!AA19	1.89
AA19	'Basis Hull'!AA20	2.02
AA20	'Basis Hull'!AA21	2.13
AA21	'Basis Hull'!AA22	2.1949999999999998
AA22	'Basis Hull'!AA23	2.2400000000000002
AA23	'Basis Hull'!AA24	2.25
AA24	'Basis Hull'!AA25	2.25
AA25	'Basis Hull'!AA26	0
AA26	'Basis Hull'!AA27	0
AA27	'Basis Hull'!AA28	0
AA28	'Basis Hull'!AA29	0
AA29	'Basis Hull'!AA30	0
AA30	'Basis Hull'!AA31	0
AA31	'Basis Hull'!AA32	0
AA32	'Basis Hull'!AA33	0
AA33	'Basis Hull'!AA34	0
AA34	'Basis Hull'!AA35	0
AA35	'Basis Hull'!AA36	0
AA36	'Basis Hull'!AA37	0
AA37	'Basis Hull'!AA38	0
AA38	'Basis Hull'!AA39	0
AA39		27
AA44		
AA48		
AA49	AA9	9
AA50	($E$44/2)*(1+((AA10-$E$4/2)/($E$4/2)+($T$46*(AA10-$E$4/2)/($E$4/2)*(1-(AA10-$E$4/2)/($E$4/2)))/($O$4*(1-2*$O$5))))+Input!$B$13*'Basis Hull'!AA41	10.319999999999999
AA51		Y
AA52	AA12*$E$45/$E$5	6.0540540540540533E-2
AA53		6.8108108108108106E-2
AA54		0.16648648648648648
AA55		0.74162162162162149
AA56		1.0897297297297297
AA57		1.2940540540540537
AA58		1.4302702702702701
AA59		1.5286486486486486
AA60		1.6118918918918916
AA61		1.6610810810810808
AA62		1.6951351351351351
AA63		1.7027027027027026
AA64		1.7027027027027026
AA65		0
AA66		0
AA67		0
AA68		0
AA69		0
AA70		0
AA71		0
AA72		0
AA73		0
AA74		0
AA75		0
AA76		0
AA77		0
AA78		0
AA79		27
AA8		
AA9		9
AB10		X  =
AB11		Z
AB12	'Basis Hull'!AB13	0
AB13	'Basis Hull'!AB14	0.19999999999999998
AB14	'Basis Hull'!AB15	0.39999999999999997
AB15	'Basis Hull'!AB16	0.6
AB16	'Basis Hull'!AB17	0.79999999999999993
AB17	'Basis Hull'!AB18	0.99999999999999989
AB18	'Basis Hull'!AB19	1.2
AB19	'Basis Hull'!AB20	1.4
AB20	'Basis Hull'!AB21	1.5999999999999999
AB21	'Basis Hull'!AB22	1.7999999999999998
AB22	'Basis Hull'!AB23	1.9999999999999998
AB23	'Basis Hull'!AB24	2.1999999999999997
AB24	'Basis Hull'!AB25	2.4
AB25	'Basis Hull'!AB26	0
AB26	'Basis Hull'!AB27	0
AB27	'Basis Hull'!AB28	0
AB28	'Basis Hull'!AB29	0
AB29	'Basis Hull'!AB30	0
AB30	'Basis Hull'!AB31	0
AB31	'Basis Hull'!AB32	0
AB32	'Basis Hull'!AB33	0
AB33	'Basis Hull'!AB34	0
AB34	'Basis Hull'!AB35	0
AB35	'Basis Hull'!AB36	0
AB36	'Basis Hull'!AB37	0
AB37	'Basis Hull'!AB38	0
AB38	'Basis Hull'!AB39	0
AB39		27
AB46		
AB48		
AB49		Number:
AB50		X  =
AB51		Z
AB52	AB12	0
AB53	IF(AB13<$I$4,AB13*$I$43/$I$4,$I$43+(AB13-$I$4)*($E$46-$I$43)/($E$6-$I$4))-Input!$B$14*AB13/$E$6*(1-AB13/$E$6)*AC$10/$E$4*(1-AC$10/$E$4)	8.0885298356300275E-2
AB54	IF(AB14<$I$4,AB14*$I$43/$I$4,$I$43+(AB14-$I$4)*($E$46-$I$43)/($E$6-$I$4))-Input!$B$14*AB14/$E$6*(1-AB14/$E$6)*AC$10/$E$4*(1-AC$10/$E$4)	0.17797326973872776
AB55	IF(AB15<$I$4,AB15*$I$43/$I$4,$I$43+(AB15-$I$4)*($E$46-$I$43)/($E$6-$I$4))-Input!$B$14*AB15/$E$6*(1-AB15/$E$6)*AC$10/$E$4*(1-AC$10/$E$4)	0.29126391414728259
AB56	IF(AB16<$I$4,AB16*$I$43/$I$4,$I$43+(AB16-$I$4)*($E$46-$I$43)/($E$6-$I$4))-Input!$B$14*AB16/$E$6*(1-AB16/$E$6)*AC$10/$E$4*(1-AC$10/$E$4)	0.42075723158196437
AB57	IF(AB17<$I$4,AB17*$I$43/$I$4,$I$43+(AB17-$I$4)*($E$46-$I$43)/($E$6-$I$4))-Input!$B$14*AB17/$E$6*(1-AB17/$E$6)*AC$10/$E$4*(1-AC$10/$E$4)	0.5664532220427736
AB58	IF(AB18<$I$4,AB18*$I$43/$I$4,$I$43+(AB18-$I$4)*($E$46-$I$43)/($E$6-$I$4))-Input!$B$14*AB18/$E$6*(1-AB18/$E$6)*AC$10/$E$4*(1-AC$10/$E$4)	0.71675188552970992
AB59	IF(AB19<$I$4,AB19*$I$43/$I$4,$I$43+(AB19-$I$4)*($E$46-$I$43)/($E$6-$I$4))-Input!$B$14*AB19/$E$6*(1-AB19/$E$6)*AC$10/$E$4*(1-AC$10/$E$4)	0.84845322204277385
AB60	IF(AB20<$I$4,AB20*$I$43/$I$4,$I$43+(AB20-$I$4)*($E$46-$I$43)/($E$6-$I$4))-Input!$B$14*AB20/$E$6*(1-AB20/$E$6)*AC$10/$E$4*(1-AC$10/$E$4)	0.99635723158196443
AB61	IF(AB21<$I$4,AB21*$I$43/$I$4,$I$43+(AB21-$I$4)*($E$46-$I$43)/($E$6-$I$4))-Input!$B$14*AB21/$E$6*(1-AB21/$E$6)*AC$10/$E$4*(1-AC$10/$E$4)	1.1604639141472826
AB62	IF(AB22<$I$4,AB22*$I$43/$I$4,$I$43+(AB22-$I$4)*($E$46-$I$43)/($E$6-$I$4))-Input!$B$14*AB22/$E$6*(1-AB22/$E$6)*AC$10/$E$4*(1-AC$10/$E$4)	1.3407732697387276
AB63	IF(AB23<$I$4,AB23*$I$43/$I$4,$I$43+(AB23-$I$4)*($E$46-$I$43)/($E$6-$I$4))-Input!$B$14*AB23/$E$6*(1-AB23/$E$6)*AC$10/$E$4*(1-AC$10/$E$4)	1.5372852983563001
AB64	IF(AB24<$I$4,AB24*$I$43/$I$4,$I$43+(AB24-$I$4)*($E$46-$I$43)/($E$6-$I$4))-Input!$B$14*AB24/$E$6*(1-AB24/$E$6)*AC$10/$E$4*(1-AC$10/$E$4)	1.75
AB65	IF(AB25<$I$4,AB25*$I$43/$I$4,$I$43+(AB25-$I$4)*($E$46-$I$43)/($E$6-$I$4))-Input!$B$14*AB25/$E$6*(1-AB25/$E$6)*AC$10/$E$4*(1-AC$10/$E$4)	0
AB66	IF(AB26<$I$4,AB26*$I$43/$I$4,$I$43+(AB26-$I$4)*($E$46-$I$43)/($E$6-$I$4))-Input!$B$14*AB26/$E$6*(1-AB26/$E$6)*AC$10/$E$4*(1-AC$10/$E$4)	0
AB67	IF(AB27<$I$4,AB27*$I$43/$I$4,$I$43+(AB27-$I$4)*($E$46-$I$43)/($E$6-$I$4))-Input!$B$14*AB27/$E$6*(1-AB27/$E$6)*AC$10/$E$4*(1-AC$10/$E$4)	0
AB68	IF(AB28<$I$4,AB28*$I$43/$I$4,$I$43+(AB28-$I$4)*($E$46-$I$43)/($E$6-$I$4))-Input!$B$14*AB28/$E$6*(1-AB28/$E$6)*AC$10/$E$4*(1-AC$10/$E$4)	0
AB69	IF(AB29<$I$4,AB29*$I$43/$I$4,$I$43+(AB29-$I$4)*($E$46-$I$43)/($E$6-$I$4))-Input!$B$14*AB29/$E$6*(1-AB29/$E$6)*AC$10/$E$4*(1-AC$10/$E$4)	0
AB70	IF(AB30<$I$4,AB30*$I$43/$I$4,$I$43+(AB30-$I$4)*($E$46-$I$43)/($E$6-$I$4))-Input!$B$14*AB30/$E$6*(1-AB30/$E$6)*AC$10/$E$4*(1-AC$10/$E$4)	0
AB71	IF(AB31<$I$4,AB31*$I$43/$I$4,$I$43+(AB31-$I$4)*($E$46-$I$43)/($E$6-$I$4))-Input!$B$14*AB31/$E$6*(1-AB31/$E$6)*AC$10/$E$4*(1-AC$10/$E$4)	0
AB72	IF(AB32<$I$4,AB32*$I$43/$I$4,$I$43+(AB32-$I$4)*($E$46-$I$43)/($E$6-$I$4))-Input!$B$14*AB32/$E$6*(1-AB32/$E$6)*AC$10/$E$4*(1-AC$10/$E$4)	0
AB73	IF(AB33<$I$4,AB33*$I$43/$I$4,$I$43+(AB33-$I$4)*($E$46-$I$43)/($E$6-$I$4))-Input!$B$14*AB33/$E$6*(1-AB33/$E$6)*AC$10/$E$4*(1-AC$10/$E$4)	0
AB74	IF(AB34<$I$4,AB34*$I$43/$I$4,$I$43+(AB34-$I$4)*($E$46-$I$43)/($E$6-$I$4))-Input!$B$14*AB34/$E$6*(1-AB34/$E$6)*AC$10/$E$4*(1-AC$10/$E$4)	0
AB75	IF(AB35<$I$4,AB35*$I$43/$I$4,$I$43+(AB35-$I$4)*($E$46-$I$43)/($E$6-$I$4))-Input!$B$14*AB35/$E$6*(1-AB35/$E$6)*AC$10/$E$4*(1-AC$10/$E$4)	0
AB76	IF(AB36<$I$4,AB36*$I$43/$I$4,$I$43+(AB36-$I$4)*($E$46-$I$43)/($E$6-$I$4))-Input!$B$14*AB36/$E$6*(1-AB36/$E$6)*AC$10/$E$4*(1-AC$10/$E$4)	0
AB77	IF(AB37<$I$4,AB37*$I$43/$I$4,$I$43+(AB37-$I$4)*($E$46-$I$43)/($E$6-$I$4))-Input!$B$14*AB37/$E$6*(1-AB37/$E$6)*AC$10/$E$4*(1-AC$10/$E$4)	0
AB78	IF(AB38<$I$4,AB38*$I$43/$I$4,$I$43+(AB38-$I$4)*($E$46-$I$43)/($E$6-$I$4))-Input!$B$14*AB38/$E$6*(1-AB38/$E$6)*AC$10/$E$4*(1-AC$10/$E$4)	0
AB79		27
AB8		
AB9		Number:
AC10	'Basis Hull'!AC11	21.0275
AC11		Y
AC12	'Basis Hull'!AC13	0.08
AC13	'Basis Hull'!AC14	0.09
AC14	'Basis Hull'!AC15	0.22
AC15	'Basis Hull'!AC16	0.98
AC16	'Basis Hull'!AC17	1.44
AC17	'Basis Hull'!AC18	1.71
AC18	'Basis Hull'!AC19	1.89
AC19	'Basis Hull'!AC20	2.02
AC20	'Basis Hull'!AC21	2.13
AC21	'Basis Hull'!AC22	2.1949999999999998
AC22	'Basis Hull'!AC23	2.2400000000000002
AC23	'Basis Hull'!AC24	2.25
AC24	'Basis Hull'!AC25	2.25
AC25	'Basis Hull'!AC26	0
AC26	'Basis Hull'!AC27	0
AC27	'Basis Hull'!AC28	0
AC28	'Basis Hull'!AC29	0
AC29	'Basis Hull'!AC30	0
AC30	'Basis Hull'!AC31	0
AC31	'Basis Hull'!AC32	0
AC32	'Basis Hull'!AC33	0
AC33	'Basis Hull'!AC34	0
AC34	'Basis Hull'!AC35	0
AC35	'Basis Hull'!AC36	0
AC36	'Basis Hull'!AC37	0
AC37	'Basis Hull'!AC38	0
AC38	'Basis Hull'!AC39	0
AC39		27
AC48		
AC49	AC9	8
AC50	($E$44/2)*(1+((AC10-$E$4/2)/($E$4/2)+($T$46*(AC10-$E$4/2)/($E$4/2)*(1-(AC10-$E$4/2)/($E$4/2)))/($O$4*(1-2*$O$5))))+Input!$B$13*'Basis Hull'!AC41	11.179999999999998
AC51		Y
AC52	AC12*$E$45/$E$5	6.0540540540540533E-2
AC53		6.8108108108108106E-2
AC54		0.16648648648648648
AC55		0.74162162162162149
AC56		1.0897297297297297
AC57		1.2940540540540537
AC58		1.4302702702702701
AC59		1.5286486486486486
AC60		1.6118918918918916
AC61		1.6610810810810808
AC62		1.6951351351351351
AC63		1.7027027027027026
AC64		1.7027027027027026
AC65		0
AC66		0
AC67		0
AC68		0
AC69		0
AC70		0
AC71		0
AC72		0
AC73		0
AC74		0
AC75		0
AC76		0
AC77		0
AC78		0
AC79		27
AC8		
AC9		8
AD10		X  =
AD11		Z
AD12	'Basis Hull'!AD13	0
AD13	'Basis Hull'!AD14	0.19999999999999998
AD14	'Basis Hull'!AD15	0.39999999999999997
AD15	'Basis Hull'!AD16	0.6
AD16	'Basis Hull'!AD17	0.79999999999999993
AD17	'Basis Hull'!AD18	0.99999999999999989
AD18	'Basis Hull'!AD19	1.2
AD19	'Basis Hull'!AD20	1.4
AD20	'Basis Hull'!AD21	1.5999999999999999
AD21	'Basis Hull'!AD22	1.7999999999999998
AD22	'Basis Hull'!AD23	1.9999999999999998
AD23	'Basis Hull'!AD24	2.1999999999999997
AD24	'Basis Hull'!AD25	2.4
AD25	'Basis Hull'!AD26	0
AD26	'Basis Hull'!AD27	0
AD27	'Basis Hull'!AD28	0
AD28	'Basis Hull'!AD29	0
AD29	'Basis Hull'!AD30	0
AD30	'Basis Hull'!AD31	0
AD31	'Basis Hull'!AD32	0
AD32	'Basis Hull'!AD33	0
AD33	'Basis Hull'!AD34	0
AD34	'Basis Hull'!AD35	0
AD35	'Basis Hull'!AD36	0
AD36	'Basis Hull'!AD37	0
AD37	'Basis Hull'!AD38	0
AD38	'Basis Hull'!AD39	0
AD39		27
AD48		
AD49		Number:
AD50		X  =
AD51		Z
AD52	AD12	0
AD53	IF(AD13<$I$4,AD13*$I$43/$I$4,$I$43+(AD13-$I$4)*($E$46-$I$43)/($E$6-$I$4))-Input!$B$14*AD13/$E$6*(1-AD13/$E$6)*AE$10/$E$4*(1-AE$10/$E$4)	8.7740275405815624E-2
AD54	IF(AD14<$I$4,AD14*$I$43/$I$4,$I$43+(AD14-$I$4)*($E$46-$I$43)/($E$6-$I$4))-Input!$B$14*AD14/$E$6*(1-AD14/$E$6)*AE$10/$E$4*(1-AE$10/$E$4)	0.1904368643742102
AD55	IF(AD15<$I$4,AD15*$I$43/$I$4,$I$43+(AD15-$I$4)*($E$46-$I$43)/($E$6-$I$4))-Input!$B$14*AD15/$E$6*(1-AD15/$E$6)*AE$10/$E$4*(1-AE$10/$E$4)	0.30808976690518386
AD56	IF(AD16<$I$4,AD16*$I$43/$I$4,$I$43+(AD16-$I$4)*($E$46-$I$43)/($E$6-$I$4))-Input!$B$14*AD16/$E$6*(1-AD16/$E$6)*AE$10/$E$4*(1-AE$10/$E$4)	0.44069898299873628
AD57	IF(AD17<$I$4,AD17*$I$43/$I$4,$I$43+(AD17-$I$4)*($E$46-$I$43)/($E$6-$I$4))-Input!$B$14*AD17/$E$6*(1-AD17/$E$6)*AE$10/$E$4*(1-AE$10/$E$4)	0.58826451265486801
AD58	IF(AD18<$I$4,AD18*$I$43/$I$4,$I$43+(AD18-$I$4)*($E$46-$I$43)/($E$6-$I$4))-Input!$B$14*AD18/$E$6*(1-AD18/$E$6)*AE$10/$E$4*(1-AE$10/$E$4)	0.73918635587357839
AD59	IF(AD19<$I$4,AD19*$I$43/$I$4,$I$43+(AD19-$I$4)*($E$46-$I$43)/($E$6-$I$4))-Input!$B$14*AD19/$E$6*(1-AD19/$E$6)*AE$10/$E$4*(1-AE$10/$E$4)	0.87026451265486804
AD60	IF(AD20<$I$4,AD20*$I$43/$I$4,$I$43+(AD20-$I$4)*($E$46-$I$43)/($E$6-$I$4))-Input!$B$14*AD20/$E$6*(1-AD20/$E$6)*AE$10/$E$4*(1-AE$10/$E$4)	1.0162989829987363
AD61	IF(AD21<$I$4,AD21*$I$43/$I$4,$I$43+(AD21-$I$4)*($E$46-$I$43)/($E$6-$I$4))-Input!$B$14*AD21/$E$6*(1-AD21/$E$6)*AE$10/$E$4*(1-AE$10/$E$4)	1.1772897669051838
AD62	IF(AD22<$I$4,AD22*$I$43/$I$4,$I$43+(AD22-$I$4)*($E$46-$I$43)/($E$6-$I$4))-Input!$B$14*AD22/$E$6*(1-AD22/$E$6)*AE$10/$E$4*(1-AE$10/$E$4)	1.3532368643742101
AD63	IF(AD23<$I$4,AD23*$I$43/$I$4,$I$43+(AD23-$I$4)*($E$46-$I$43)/($E$6-$I$4))-Input!$B$14*AD23/$E$6*(1-AD23/$E$6)*AE$10/$E$4*(1-AE$10/$E$4)	1.5441402754058156
AD64	IF(AD24<$I$4,AD24*$I$43/$I$4,$I$43+(AD24-$I$4)*($E$46-$I$43)/($E$6-$I$4))-Input!$B$14*AD24/$E$6*(1-AD24/$E$6)*AE$10/$E$4*(1-AE$10/$E$4)	1.75
AD65	IF(AD25<$I$4,AD25*$I$43/$I$4,$I$43+(AD25-$I$4)*($E$46-$I$43)/($E$6-$I$4))-Input!$B$14*AD25/$E$6*(1-AD25/$E$6)*AE$10/$E$4*(1-AE$10/$E$4)	0
AD66	IF(AD26<$I$4,AD26*$I$43/$I$4,$I$43+(AD26-$I$4)*($E$46-$I$43)/($E$6-$I$4))-Input!$B$14*AD26/$E$6*(1-AD26/$E$6)*AE$10/$E$4*(1-AE$10/$E$4)	0
AD67	IF(AD27<$I$4,AD27*$I$43/$I$4,$I$43+(AD27-$I$4)*($E$46-$I$43)/($E$6-$I$4))-Input!$B$14*AD27/$E$6*(1-AD27/$E$6)*AE$10/$E$4*(1-AE$10/$E$4)	0
AD68	IF(AD28<$I$4,AD28*$I$43/$I$4,$I$43+(AD28-$I$4)*($E$46-$I$43)/($E$6-$I$4))-Input!$B$14*AD28/$E$6*(1-AD28/$E$6)*AE$10/$E$4*(1-AE$10/$E$4)	0
AD69	IF(AD29<$I$4,AD29*$I$43/$I$4,$I$43+(AD29-$I$4)*($E$46-$I$43)/($E$6-$I$4))-Input!$B$14*AD29/$E$6*(1-AD29/$E$6)*AE$10/$E$4*(1-AE$10/$E$4)	0
AD70	IF(AD30<$I$4,AD30*$I$43/$I$4,$I$43+(AD30-$I$4)*($E$46-$I$43)/($E$6-$I$4))-Input!$B$14*AD30/$E$6*(1-AD30/$E$6)*AE$10/$E$4*(1-AE$10/$E$4)	0
AD71	IF(AD31<$I$4,AD31*$I$43/$I$4,$I$43+(AD31-$I$4)*($E$46-$I$43)/($E$6-$I$4))-Input!$B$14*AD31/$E$6*(1-AD31/$E$6)*AE$10/$E$4*(1-AE$10/$E$4)	0
AD72	IF(AD32<$I$4,AD32*$I$43/$I$4,$I$43+(AD32-$I$4)*($E$46-$I$43)/($E$6-$I$4))-Input!$B$14*AD32/$E$6*(1-AD32/$E$6)*AE$10/$E$4*(1-AE$10/$E$4)	0
AD73	IF(AD33<$I$4,AD33*$I$43/$I$4,$I$43+(AD33-$I$4)*($E$46-$I$43)/($E$6-$I$4))-Input!$B$14*AD33/$E$6*(1-AD33/$E$6)*AE$10/$E$4*(1-AE$10/$E$4)	0
AD74	IF(AD34<$I$4,AD34*$I$43/$I$4,$I$43+(AD34-$I$4)*($E$46-$I$43)/($E$6-$I$4))-Input!$B$14*AD34/$E$6*(1-AD34/$E$6)*AE$10/$E$4*(1-AE$10/$E$4)	0
AD75	IF(AD35<$I$4,AD35*$I$43/$I$4,$I$43+(AD35-$I$4)*($E$46-$I$43)/($E$6-$I$4))-Input!$B$14*AD35/$E$6*(1-AD35/$E$6)*AE$10/$E$4*(1-AE$10/$E$4)	0
AD76	IF(AD36<$I$4,AD36*$I$43/$I$4,$I$43+(AD36-$I$4)*($E$46-$I$43)/($E$6-$I$4))-Input!$B$14*AD36/$E$6*(1-AD36/$E$6)*AE$10/$E$4*(1-AE$10/$E$4)	0
AD77	IF(AD37<$I$4,AD37*$I$43/$I$4,$I$43+(AD37-$I$4)*($E$46-$I$43)/($E$6-$I$4))-Input!$B$14*AD37/$E$6*(1-AD37/$E$6)*AE$10/$E$4*(1-AE$10/$E$4)	0
AD78	IF(AD38<$I$4,AD38*$I$43/$I$4,$I$43+(AD38-$I$4)*($E$46-$I$43)/($E$6-$I$4))-Input!$B$14*AD38/$E$6*(1-AD38/$E$6)*AE$10/$E$4*(1-AE$10/$E$4)	0
AD79		27
AD8		
AD9		Number:
AE10	'Basis Hull'!AE11	22.645
AE11		Y
AE12	'Basis Hull'!AE13	0.08
AE13	'Basis Hull'!AE14	0.09
AE14	'Basis Hull'!AE15	0.22
AE15	'Basis Hull'!AE16	0.92
AE16	'Basis Hull'!AE17	1.37
AE17	'Basis Hull'!AE18	1.65
AE18	'Basis Hull'!AE19	1.83
AE19	'Basis Hull'!AE20	1.96
AE20	'Basis Hull'!AE21	2.06
AE21	'Basis Hull'!AE22	2.13
AE22	'Basis Hull'!AE23	2.17
AE23	'Basis Hull'!AE24	2.19
AE24	'Basis Hull'!AE25	2.2000000000000002
AE25	'Basis Hull'!AE26	0
AE26	'Basis Hull'!AE27	0
AE27	'Basis Hull'!AE28	0
AE28	'Basis Hull'!AE29	0
AE29	'Basis Hull'!AE30	0
AE30	'Basis Hull'!AE31	0
AE31	'Basis Hull'!AE32	0
AE32	'Basis Hull'!AE33	0
AE33	'Basis Hull'!AE34	0
AE34	'Basis Hull'!AE35	0
AE35	'Basis Hull'!AE36	0
AE36	'Basis Hull'!AE37	0
AE37	'Basis Hull'!AE38	0
AE38	'Basis Hull'!AE39	0
AE39		27
AE48		
AE49	AE9	7
AE50	($E$44/2)*(1+((AE10-$E$4/2)/($E$4/2)+($T$46*(AE10-$E$4/2)/($E$4/2)*(1-(AE10-$E$4/2)/($E$4/2)))/($O$4*(1-2*$O$5))))+Input!$B$13*'Basis Hull'!AE41	12.04
AE51		Y
AE52	AE12*$E$45/$E$5	6.0540540540540533E-2
AE53		6.8108108108108106E-2
AE54		0.16648648648648648
AE55		0.69621621621621621
AE56		1.0367567567567566
AE57		1.2486486486486483
AE58		1.3848648648648647
AE59		1.483243243243243
AE60		1.5589189189189188
AE61		1.6118918918918916
AE62		1.642162162162162
AE63		1.657297297297297
AE64		1.6648648648648647
AE65		0
AE66		0
AE67		0
AE68		0
AE69		0
AE70		0
AE71		0
AE72		0
AE73		0
AE74		0
AE75		0
AE76		0
AE77		0
AE78		0
AE79		27
AE8		
AE9		7
AF10		X  =
AF11		Z
AF12	'Basis Hull'!AF13	0
AF13	'Basis Hull'!AF14	0.19999999999999998
AF14	'Basis Hull'!AF15	0.39999999999999997
AF15	'Basis Hull'!AF16	0.6
AF16	'Basis Hull'!AF17	0.79999999999999993
AF17	'Basis Hull'!AF18	0.99999999999999989
AF18	'Basis Hull'!AF19	1.2
AF19	'Basis Hull'!AF20	1.4
AF20	'Basis Hull'!AF21	1.5999999999999999
AF21	'Basis Hull'!AF22	1.7999999999999998
AF22	'Basis Hull'!AF23	1.9999999999999998
AF23	'Basis Hull'!AF24	2.1999999999999997
AF24	'Basis Hull'!AF25	2.4
AF25	'Basis Hull'!AF26	0
AF26	'Basis Hull'!AF27	0
AF27	'Basis Hull'!AF28	0
AF28	'Basis Hull'!AF29	0
AF29	'Basis Hull'!AF30	0
AF30	'Basis Hull'!AF31	0
AF31	'Basis Hull'!AF32	0
AF32	'Basis Hull'!AF33	0
AF33	'Basis Hull'!AF34	0
AF34	'Basis Hull'!AF35	0
AF35	'Basis Hull'!AF36	0
AF36	'Basis Hull'!AF37	0
AF37	'Basis Hull'!AF38	0
AF38	'Basis Hull'!AF39	0
AF39		27
AF48		
AF49		Number:
AF50		X  =
AF51		Z
AF52	AF12	0
AF53	IF(AF13<$I$4,AF13*$I$43/$I$4,$I$43+(AF13-$I$4)*($E$46-$I$43)/($E$6-$I$4))-Input!$B$14*AF13/$E$6*(1-AF13/$E$6)*AG$10/$E$4*(1-AG$10/$E$4)	9.6553817326621105E-2
AF54	IF(AF14<$I$4,AF14*$I$43/$I$4,$I$43+(AF14-$I$4)*($E$46-$I$43)/($E$6-$I$4))-Input!$B$14*AF14/$E$6*(1-AF14/$E$6)*AG$10/$E$4*(1-AG$10/$E$4)	0.206461486048402
AF55	IF(AF15<$I$4,AF15*$I$43/$I$4,$I$43+(AF15-$I$4)*($E$46-$I$43)/($E$6-$I$4))-Input!$B$14*AF15/$E$6*(1-AF15/$E$6)*AG$10/$E$4*(1-AG$10/$E$4)	0.32972300616534272
AF56	IF(AF16<$I$4,AF16*$I$43/$I$4,$I$43+(AF16-$I$4)*($E$46-$I$43)/($E$6-$I$4))-Input!$B$14*AF16/$E$6*(1-AF16/$E$6)*AG$10/$E$4*(1-AG$10/$E$4)	0.46633837767744313
AF57	IF(AF17<$I$4,AF17*$I$43/$I$4,$I$43+(AF17-$I$4)*($E$46-$I$43)/($E$6-$I$4))-Input!$B$14*AF17/$E$6*(1-AF17/$E$6)*AG$10/$E$4*(1-AG$10/$E$4)	0.61630760058470346
AF58	IF(AF18<$I$4,AF18*$I$43/$I$4,$I$43+(AF18-$I$4)*($E$46-$I$43)/($E$6-$I$4))-Input!$B$14*AF18/$E$6*(1-AF18/$E$6)*AG$10/$E$4*(1-AG$10/$E$4)	0.76803067488712362
AF59	IF(AF19<$I$4,AF19*$I$43/$I$4,$I$43+(AF19-$I$4)*($E$46-$I$43)/($E$6-$I$4))-Input!$B$14*AF19/$E$6*(1-AF19/$E$6)*AG$10/$E$4*(1-AG$10/$E$4)	0.89830760058470371
AF60	IF(AF20<$I$4,AF20*$I$43/$I$4,$I$43+(AF20-$I$4)*($E$46-$I$43)/($E$6-$I$4))-Input!$B$14*AF20/$E$6*(1-AF20/$E$6)*AG$10/$E$4*(1-AG$10/$E$4)	1.0419383776774434
AF61	IF(AF21<$I$4,AF21*$I$43/$I$4,$I$43+(AF21-$I$4)*($E$46-$I$43)/($E$6-$I$4))-Input!$B$14*AF21/$E$6*(1-AF21/$E$6)*AG$10/$E$4*(1-AG$10/$E$4)	1.1989230061653426
AF62	IF(AF22<$I$4,AF22*$I$43/$I$4,$I$43+(AF22-$I$4)*($E$46-$I$43)/($E$6-$I$4))-Input!$B$14*AF22/$E$6*(1-AF22/$E$6)*AG$10/$E$4*(1-AG$10/$E$4)	1.3692614860484018
AF63	IF(AF23<$I$4,AF23*$I$43/$I$4,$I$43+(AF23-$I$4)*($E$46-$I$43)/($E$6-$I$4))-Input!$B$14*AF23/$E$6*(1-AF23/$E$6)*AG$10/$E$4*(1-AG$10/$E$4)	1.5529538173266209
AF64	IF(AF24<$I$4,AF24*$I$43/$I$4,$I$43+(AF24-$I$4)*($E$46-$I$43)/($E$6-$I$4))-Input!$B$14*AF24/$E$6*(1-AF24/$E$6)*AG$10/$E$4*(1-AG$10/$E$4)	1.75
AF65	IF(AF25<$I$4,AF25*$I$43/$I$4,$I$43+(AF25-$I$4)*($E$46-$I$43)/($E$6-$I$4))-Input!$B$14*AF25/$E$6*(1-AF25/$E$6)*AG$10/$E$4*(1-AG$10/$E$4)	0
AF66	IF(AF26<$I$4,AF26*$I$43/$I$4,$I$43+(AF26-$I$4)*($E$46-$I$43)/($E$6-$I$4))-Input!$B$14*AF26/$E$6*(1-AF26/$E$6)*AG$10/$E$4*(1-AG$10/$E$4)	0
AF67	IF(AF27<$I$4,AF27*$I$43/$I$4,$I$43+(AF27-$I$4)*($E$46-$I$43)/($E$6-$I$4))-Input!$B$14*AF27/$E$6*(1-AF27/$E$6)*AG$10/$E$4*(1-AG$10/$E$4)	0
AF68	IF(AF28<$I$4,AF28*$I$43/$I$4,$I$43+(AF28-$I$4)*($E$46-$I$43)/($E$6-$I$4))-Input!$B$14*AF28/$E$6*(1-AF28/$E$6)*AG$10/$E$4*(1-AG$10/$E$4)	0
AF69	IF(AF29<$I$4,AF29*$I$43/$I$4,$I$43+(AF29-$I$4)*($E$46-$I$43)/($E$6-$I$4))-Input!$B$14*AF29/$E$6*(1-AF29/$E$6)*AG$10/$E$4*(1-AG$10/$E$4)	0
AF70	IF(AF30<$I$4,AF30*$I$43/$I$4,$I$43+(AF30-$I$4)*($E$46-$I$43)/($E$6-$I$4))-Input!$B$14*AF30/$E$6*(1-AF30/$E$6)*AG$10/$E$4*(1-AG$10/$E$4)	0
AF71	IF(AF31<$I$4,AF31*$I$43/$I$4,$I$43+(AF31-$I$4)*($E$46-$I$43)/($E$6-$I$4))-Input!$B$14*AF31/$E$6*(1-AF31/$E$6)*AG$10/$E$4*(1-AG$10/$E$4)	0
AF72	IF(AF32<$I$4,AF32*$I$43/$I$4,$I$43+(AF32-$I$4)*($E$46-$I$43)/($E$6-$I$4))-Input!$B$14*AF32/$E$6*(1-AF32/$E$6)*AG$10/$E$4*(1-AG$10/$E$4)	0
AF73	IF(AF33<$I$4,AF33*$I$43/$I$4,$I$43+(AF33-$I$4)*($E$46-$I$43)/($E$6-$I$4))-Input!$B$14*AF33/$E$6*(1-AF33/$E$6)*AG$10/$E$4*(1-AG$10/$E$4)	0
AF74	IF(AF34<$I$4,AF34*$I$43/$I$4,$I$43+(AF34-$I$4)*($E$46-$I$43)/($E$6-$I$4))-Input!$B$14*AF34/$E$6*(1-AF34/$E$6)*AG$10/$E$4*(1-AG$10/$E$4)	0
AF75	IF(AF35<$I$4,AF35*$I$43/$I$4,$I$43+(AF35-$I$4)*($E$46-$I$43)/($E$6-$I$4))-Input!$B$14*AF35/$E$6*(1-AF35/$E$6)*AG$10/$E$4*(1-AG$10/$E$4)	0
AF76	IF(AF36<$I$4,AF36*$I$43/$I$4,$I$43+(AF36-$I$4)*($E$46-$I$43)/($E$6-$I$4))-Input!$B$14*AF36/$E$6*(1-AF36/$E$6)*AG$10/$E$4*(1-AG$10/$E$4)	0
AF77	IF(AF37<$I$4,AF37*$I$43/$I$4,$I$43+(AF37-$I$4)*($E$46-$I$43)/($E$6-$I$4))-Input!$B$14*AF37/$E$6*(1-AF37/$E$6)*AG$10/$E$4*(1-AG$10/$E$4)	0
AF78	IF(AF38<$I$4,AF38*$I$43/$I$4,$I$43+(AF38-$I$4)*($E$46-$I$43)/($E$6-$I$4))-Input!$B$14*AF38/$E$6*(1-AF38/$E$6)*AG$10/$E$4*(1-AG$10/$E$4)	0
AF79		27
AF8		
AF9		Number:
AG10	'Basis Hull'!AG11	24.262499999999999
AG11		Y
AG12	'Basis Hull'!AG13	0
AG13	'Basis Hull'!AG14	0.06
AG14	'Basis Hull'!AG15	0.17
AG15	'Basis Hull'!AG16	0.72
AG16	'Basis Hull'!AG17	1.21
AG17	'Basis Hull'!AG18	1.48
AG18	'Basis Hull'!AG19	1.66
AG19	'Basis Hull'!AG20	1.8
AG20	'Basis Hull'!AG21	1.9
AG21	'Basis Hull'!AG22	1.98
AG22	'Basis Hull'!AG23	2.02
AG23	'Basis Hull'!AG24	2.04
AG24	'Basis Hull'!AG25	2.04
AG25	'Basis Hull'!AG26	0
AG26	'Basis Hull'!AG27	0
AG27	'Basis Hull'!AG28	0
AG28	'Basis Hull'!AG29	0
AG29	'Basis Hull'!AG30	0
AG30	'Basis Hull'!AG31	0
AG31	'Basis Hull'!AG32	0
AG32	'Basis Hull'!AG33	0
AG33	'Basis Hull'!AG34	0
AG34	'Basis Hull'!AG35	0
AG35	'Basis Hull'!AG36	0
AG36	'Basis Hull'!AG37	0
AG37	'Basis Hull'!AG38	0
AG38	'Basis Hull'!AG39	0
AG39		27
AG48		
AG49	AG9	6
AG50	($E$44/2)*(1+((AG10-$E$4/2)/($E$4/2)+($T$46*(AG10-$E$4/2)/($E$4/2)*(1-(AG10-$E$4/2)/($E$4/2)))/($O$4*(1-2*$O$5))))+Input!$B$13*'Basis Hull'!AG41	12.899999999999999
AG51		Y
AG52	AG12*$E$45/$E$5	0
AG53		4.54054054054054E-2
AG54		0.12864864864864864
AG55		0.54486486486486485
AG56		0.91567567567567565
AG57		1.1199999999999999
AG58		1.256216216216216
AG59		1.362162162162162
AG60		1.4378378378378376
AG61		1.4983783783783782
AG62		1.5286486486486486
AG63		1.5437837837837836
AG64		1.5437837837837836
AG65		0
AG66		0
AG67		0
AG68		0
AG69		0
AG70		0
AG71		0
AG72		0
AG73		0
AG74		0
AG75		0
AG76		0
AG77		0
AG78		0
AG79		27
AG8		
AG9		6
AH10		X  =
AH11		Z
AH12	'Basis Hull'!AH13	0
AH13	'Basis Hull'!AH14	0.19999999999999998
AH14	'Basis Hull'!AH15	0.39999999999999997
AH15	'Basis Hull'!AH16	0.6
AH16	'Basis Hull'!AH17	0.79999999999999993
AH17	'Basis Hull'!AH18	0.99999999999999989
AH18	'Basis Hull'!AH19	1.2
AH19	'Basis Hull'!AH20	1.4
AH20	'Basis Hull'!AH21	1.5999999999999999
AH21	'Basis Hull'!AH22	1.7999999999999998
AH22	'Basis Hull'!AH23	1.9999999999999998
AH23	'Basis Hull'!AH24	2.1999999999999997
AH24	'Basis Hull'!AH25	2.4
AH25	'Basis Hull'!AH26	0
AH26	'Basis Hull'!AH27	0
AH27	'Basis Hull'!AH28	0
AH28	'Basis Hull'!AH29	0
AH29	'Basis Hull'!AH30	0
AH30	'Basis Hull'!AH31	0
AH31	'Basis Hull'!AH32	0
AH32	'Basis Hull'!AH33	0
AH33	'Basis Hull'!AH34	0
AH34	'Basis Hull'!AH35	0
AH35	'Basis Hull'!AH36	0
AH36	'Basis Hull'!AH37	0
AH37	'Basis Hull'!AH38	0
AH38	'Basis Hull'!AH39	0
AH39		27
AH48		
AH49		Number:
AH50		X  =
AH51		Z
AH52	AH12	0
AH53	IF(AH13<$I$4,AH13*$I$43/$I$4,$I$43+(AH13-$I$4)*($E$46-$I$43)/($E$6-$I$4))-Input!$B$14*AH13/$E$6*(1-AH13/$E$6)*AI$10/$E$4*(1-AI$10/$E$4)	0.10732592411871665
AH54	IF(AH14<$I$4,AH14*$I$43/$I$4,$I$43+(AH14-$I$4)*($E$46-$I$43)/($E$6-$I$4))-Input!$B$14*AH14/$E$6*(1-AH14/$E$6)*AI$10/$E$4*(1-AI$10/$E$4)	0.226047134761303
AH55	IF(AH15<$I$4,AH15*$I$43/$I$4,$I$43+(AH15-$I$4)*($E$46-$I$43)/($E$6-$I$4))-Input!$B$14*AH15/$E$6*(1-AH15/$E$6)*AI$10/$E$4*(1-AI$10/$E$4)	0.35616363192775913
AH56	IF(AH16<$I$4,AH16*$I$43/$I$4,$I$43+(AH16-$I$4)*($E$46-$I$43)/($E$6-$I$4))-Input!$B$14*AH16/$E$6*(1-AH16/$E$6)*AI$10/$E$4*(1-AI$10/$E$4)	0.49767541561808476
AH57	IF(AH17<$I$4,AH17*$I$43/$I$4,$I$43+(AH17-$I$4)*($E$46-$I$43)/($E$6-$I$4))-Input!$B$14*AH17/$E$6*(1-AH17/$E$6)*AI$10/$E$4*(1-AI$10/$E$4)	0.65058248583228029
AH58	IF(AH18<$I$4,AH18*$I$43/$I$4,$I$43+(AH18-$I$4)*($E$46-$I$43)/($E$6-$I$4))-Input!$B$14*AH18/$E$6*(1-AH18/$E$6)*AI$10/$E$4*(1-AI$10/$E$4)	0.80328484257034538
AH59	IF(AH19<$I$4,AH19*$I$43/$I$4,$I$43+(AH19-$I$4)*($E$46-$I$43)/($E$6-$I$4))-Input!$B$14*AH19/$E$6*(1-AH19/$E$6)*AI$10/$E$4*(1-AI$10/$E$4)	0.93258248583228043
AH60	IF(AH20<$I$4,AH20*$I$43/$I$4,$I$43+(AH20-$I$4)*($E$46-$I$43)/($E$6-$I$4))-Input!$B$14*AH20/$E$6*(1-AH20/$E$6)*AI$10/$E$4*(1-AI$10/$E$4)	1.0732754156180848
AH61	IF(AH21<$I$4,AH21*$I$43/$I$4,$I$43+(AH21-$I$4)*($E$46-$I$43)/($E$6-$I$4))-Input!$B$14*AH21/$E$6*(1-AH21/$E$6)*AI$10/$E$4*(1-AI$10/$E$4)	1.2253636319277592
AH62	IF(AH22<$I$4,AH22*$I$43/$I$4,$I$43+(AH22-$I$4)*($E$46-$I$43)/($E$6-$I$4))-Input!$B$14*AH22/$E$6*(1-AH22/$E$6)*AI$10/$E$4*(1-AI$10/$E$4)	1.3888471347613029
AH63	IF(AH23<$I$4,AH23*$I$43/$I$4,$I$43+(AH23-$I$4)*($E$46-$I$43)/($E$6-$I$4))-Input!$B$14*AH23/$E$6*(1-AH23/$E$6)*AI$10/$E$4*(1-AI$10/$E$4)	1.5637259241187165
AH64	IF(AH24<$I$4,AH24*$I$43/$I$4,$I$43+(AH24-$I$4)*($E$46-$I$43)/($E$6-$I$4))-Input!$B$14*AH24/$E$6*(1-AH24/$E$6)*AI$10/$E$4*(1-AI$10/$E$4)	1.75
AH65	IF(AH25<$I$4,AH25*$I$43/$I$4,$I$43+(AH25-$I$4)*($E$46-$I$43)/($E$6-$I$4))-Input!$B$14*AH25/$E$6*(1-AH25/$E$6)*AI$10/$E$4*(1-AI$10/$E$4)	0
AH66	IF(AH26<$I$4,AH26*$I$43/$I$4,$I$43+(AH26-$I$4)*($E$46-$I$43)/($E$6-$I$4))-Input!$B$14*AH26/$E$6*(1-AH26/$E$6)*AI$10/$E$4*(1-AI$10/$E$4)	0
AH67	IF(AH27<$I$4,AH27*$I$43/$I$4,$I$43+(AH27-$I$4)*($E$46-$I$43)/($E$6-$I$4))-Input!$B$14*AH27/$E$6*(1-AH27/$E$6)*AI$10/$E$4*(1-AI$10/$E$4)	0
AH68	IF(AH28<$I$4,AH28*$I$43/$I$4,$I$43+(AH28-$I$4)*($E$46-$I$43)/($E$6-$I$4))-Input!$B$14*AH28/$E$6*(1-AH28/$E$6)*AI$10/$E$4*(1-AI$10/$E$4)	0
AH69	IF(AH29<$I$4,AH29*$I$43/$I$4,$I$43+(AH29-$I$4)*($E$46-$I$43)/($E$6-$I$4))-Input!$B$14*AH29/$E$6*(1-AH29/$E$6)*AI$10/$E$4*(1-AI$10/$E$4)	0
AH70	IF(AH30<$I$4,AH30*$I$43/$I$4,$I$43+(AH30-$I$4)*($E$46-$I$43)/($E$6-$I$4))-Input!$B$14*AH30/$E$6*(1-AH30/$E$6)*AI$10/$E$4*(1-AI$10/$E$4)	0
AH71	IF(AH31<$I$4,AH31*$I$43/$I$4,$I$43+(AH31-$I$4)*($E$46-$I$43)/($E$6-$I$4))-Input!$B$14*AH31/$E$6*(1-AH31/$E$6)*AI$10/$E$4*(1-AI$10/$E$4)	0
AH72	IF(AH32<$I$4,AH32*$I$43/$I$4,$I$43+(AH32-$I$4)*($E$46-$I$43)/($E$6-$I$4))-Input!$B$14*AH32/$E$6*(1-AH32/$E$6)*AI$10/$E$4*(1-AI$10/$E$4)	0
AH73	IF(AH33<$I$4,AH33*$I$43/$I$4,$I$43+(AH33-$I$4)*($E$46-$I$43)/($E$6-$I$4))-Input!$B$14*AH33/$E$6*(1-AH33/$E$6)*AI$10/$E$4*(1-AI$10/$E$4)	0
AH74	IF(AH34<$I$4,AH34*$I$43/$I$4,$I$43+(AH34-$I$4)*($E$46-$I$43)/($E$6-$I$4))-Input!$B$14*AH34/$E$6*(1-AH34/$E$6)*AI$10/$E$4*(1-AI$10/$E$4)	0
AH75	IF(AH35<$I$4,AH35*$I$43/$I$4,$I$43+(AH35-$I$4)*($E$46-$I$43)/($E$6-$I$4))-Input!$B$14*AH35/$E$6*(1-AH35/$E$6)*AI$10/$E$4*(1-AI$10/$E$4)	0
AH76	IF(AH36<$I$4,AH36*$I$43/$I$4,$I$43+(AH36-$I$4)*($E$46-$I$43)/($E$6-$I$4))-Input!$B$14*AH36/$E$6*(1-AH36/$E$6)*AI$10/$E$4*(1-AI$10/$E$4)	0
AH77	IF(AH37<$I$4,AH37*$I$43/$I$4,$I$43+(AH37-$I$4)*($E$46-$I$43)/($E$6-$I$4))-Input!$B$14*AH37/$E$6*(1-AH37/$E$6)*AI$10/$E$4*(1-AI$10/$E$4)	0
AH78	IF(AH38<$I$4,AH38*$I$43/$I$4,$I$43+(AH38-$I$4)*($E$46-$I$43)/($E$6-$I$4))-Input!$B$14*AH38/$E$6*(1-AH38/$E$6)*AI$10/$E$4*(1-AI$10/$E$4)	0
AH79		27
AH8		
AH9		Number:
AI10	'Basis Hull'!AI11	25.88
AI11		Y
AI12	'Basis Hull'!AI13	0
AI13	'Basis Hull'!AI14	0
AI14	'Basis Hull'!AI15	0.13
AI15	'Basis Hull'!AI16	0.45
AI16	'Basis Hull'!AI17	0.92
AI17	'Basis Hull'!AI18	1.18
AI18	'Basis Hull'!AI19	1.37
AI19	'Basis Hull'!AI20	1.5
AI20	'Basis Hull'!AI21	1.6
AI21	'Basis Hull'!AI22	1.66
AI22	'Basis Hull'!AI23	1.71
AI23	'Basis Hull'!AI24	1.73
AI24	'Basis Hull'!AI25	1.73
AI25	'Basis Hull'!AI26	0
AI26	'Basis Hull'!AI27	0
AI27	'Basis Hull'!AI28	0
AI28	'Basis Hull'!AI29	0
AI29	'Basis Hull'!AI30	0
AI30	'Basis Hull'!AI31	0
AI31	'Basis Hull'!AI32	0
AI32	'Basis Hull'!AI33	0
AI33	'Basis Hull'!AI34	0
AI34	'Basis Hull'!AI35	0
AI35	'Basis Hull'!AI36	0
AI36	'Basis Hull'!AI37	0
AI37	'Basis Hull'!AI38	0
AI38	'Basis Hull'!AI39	0
AI39		27
AI48		
AI49	AI9	5
AI50	($E$44/2)*(1+((AI10-$E$4/2)/($E$4/2)+($T$46*(AI10-$E$4/2)/($E$4/2)*(1-(AI10-$E$4/2)/($E$4/2)))/($O$4*(1-2*$O$5))))+Input!$B$13*'Basis Hull'!AI41	13.759999999999998
AI51		Y
AI52	AI12*$E$45/$E$5	0
AI53		0
AI54		9.8378378378378373E-2
AI55		0.3405405405405405
AI56		0.69621621621621621
AI57		0.89297297297297284
AI58		1.0367567567567566
AI59		1.1351351351351349
AI60		1.2108108108108107
AI61		1.256216216216216
AI62		1.2940540540540537
AI63		1.3091891891891889
AI64		1.3091891891891889
AI65		0
AI66		0
AI67		0
AI68		0
AI69		0
AI70		0
AI71		0
AI72		0
AI73		0
AI74		0
AI75		0
AI76		0
AI77		0
AI78		0
AI79		27
AI8		
AI9		5
AJ10		X  =
AJ11		Z
AJ12	'Basis Hull'!AJ13	0
AJ13	'Basis Hull'!AJ14	0.19999999999999998
AJ14	'Basis Hull'!AJ15	0.39999999999999997
AJ15	'Basis Hull'!AJ16	0.6
AJ16	'Basis Hull'!AJ17	0.79999999999999993
AJ17	'Basis Hull'!AJ18	0.99999999999999989
AJ18	'Basis Hull'!AJ19	1.2
AJ19	'Basis Hull'!AJ20	1.4
AJ20	'Basis Hull'!AJ21	1.5999999999999999
AJ21	'Basis Hull'!AJ22	1.7999999999999998
AJ22	'Basis Hull'!AJ23	1.9999999999999998
AJ23	'Basis Hull'!AJ24	2.1999999999999997
AJ24	'Basis Hull'!AJ25	2.4
AJ25	'Basis Hull'!AJ26	0
AJ26	'Basis Hull'!AJ27	0
AJ27	'Basis Hull'!AJ28	0
AJ28	'Basis Hull'!AJ29	0
AJ29	'Basis Hull'!AJ30	0
AJ30	'Basis Hull'!AJ31	0
AJ31	'Basis Hull'!AJ32	0
AJ32	'Basis Hull'!AJ33	0
AJ33	'Basis Hull'!AJ34	0
AJ34	'Basis Hull'!AJ35	0
AJ35	'Basis Hull'!AJ36	0
AJ36	'Basis Hull'!AJ37	0
AJ37	'Basis Hull'!AJ38	0
AJ38	'Basis Hull'!AJ39	0
AJ39		27
AJ48		
AJ49		Number:
AJ50		X  =
AJ51		Z
AJ52	AJ12	0
AJ53	IF(AJ13<$I$4,AJ13*$I$43/$I$4,$I$43+(AJ13-$I$4)*($E$46-$I$43)/($E$6-$I$4))-Input!$B$14*AJ13/$E$6*(1-AJ13/$E$6)*AK$10/$E$4*(1-AK$10/$E$4)	0.12005659578210234
AJ54	IF(AJ14<$I$4,AJ14*$I$43/$I$4,$I$43+(AJ14-$I$4)*($E$46-$I$43)/($E$6-$I$4))-Input!$B$14*AJ14/$E$6*(1-AJ14/$E$6)*AK$10/$E$4*(1-AK$10/$E$4)	0.24919381051291334
AJ55	IF(AJ15<$I$4,AJ15*$I$43/$I$4,$I$43+(AJ15-$I$4)*($E$46-$I$43)/($E$6-$I$4))-Input!$B$14*AJ15/$E$6*(1-AJ15/$E$6)*AK$10/$E$4*(1-AK$10/$E$4)	0.38741164419243307
AJ56	IF(AJ16<$I$4,AJ16*$I$43/$I$4,$I$43+(AJ16-$I$4)*($E$46-$I$43)/($E$6-$I$4))-Input!$B$14*AJ16/$E$6*(1-AJ16/$E$6)*AK$10/$E$4*(1-AK$10/$E$4)	0.53471009682066128
AJ57	IF(AJ17<$I$4,AJ17*$I$43/$I$4,$I$43+(AJ17-$I$4)*($E$46-$I$43)/($E$6-$I$4))-Input!$B$14*AJ17/$E$6*(1-AJ17/$E$6)*AK$10/$E$4*(1-AK$10/$E$4)	0.69108916839759837
AJ58	IF(AJ18<$I$4,AJ18*$I$43/$I$4,$I$43+(AJ18-$I$4)*($E$46-$I$43)/($E$6-$I$4))-Input!$B$14*AJ18/$E$6*(1-AJ18/$E$6)*AK$10/$E$4*(1-AK$10/$E$4)	0.84494885892324401
AJ59	IF(AJ19<$I$4,AJ19*$I$43/$I$4,$I$43+(AJ19-$I$4)*($E$46-$I$43)/($E$6-$I$4))-Input!$B$14*AJ19/$E$6*(1-AJ19/$E$6)*AK$10/$E$4*(1-AK$10/$E$4)	0.97308916839759851
AJ60	IF(AJ20<$I$4,AJ20*$I$43/$I$4,$I$43+(AJ20-$I$4)*($E$46-$I$43)/($E$6-$I$4))-Input!$B$14*AJ20/$E$6*(1-AJ20/$E$6)*AK$10/$E$4*(1-AK$10/$E$4)	1.1103100968206614
AJ61	IF(AJ21<$I$4,AJ21*$I$43/$I$4,$I$43+(AJ21-$I$4)*($E$46-$I$43)/($E$6-$I$4))-Input!$B$14*AJ21/$E$6*(1-AJ21/$E$6)*AK$10/$E$4*(1-AK$10/$E$4)	1.2566116441924331
AJ62	IF(AJ22<$I$4,AJ22*$I$43/$I$4,$I$43+(AJ22-$I$4)*($E$46-$I$43)/($E$6-$I$4))-Input!$B$14*AJ22/$E$6*(1-AJ22/$E$6)*AK$10/$E$4*(1-AK$10/$E$4)	1.4119938105129133
AJ63	IF(AJ23<$I$4,AJ23*$I$43/$I$4,$I$43+(AJ23-$I$4)*($E$46-$I$43)/($E$6-$I$4))-Input!$B$14*AJ23/$E$6*(1-AJ23/$E$6)*AK$10/$E$4*(1-AK$10/$E$4)	1.5764565957821022
AJ64	IF(AJ24<$I$4,AJ24*$I$43/$I$4,$I$43+(AJ24-$I$4)*($E$46-$I$43)/($E$6-$I$4))-Input!$B$14*AJ24/$E$6*(1-AJ24/$E$6)*AK$10/$E$4*(1-AK$10/$E$4)	1.75
AJ65	IF(AJ25<$I$4,AJ25*$I$43/$I$4,$I$43+(AJ25-$I$4)*($E$46-$I$43)/($E$6-$I$4))-Input!$B$14*AJ25/$E$6*(1-AJ25/$E$6)*AK$10/$E$4*(1-AK$10/$E$4)	0
AJ66	IF(AJ26<$I$4,AJ26*$I$43/$I$4,$I$43+(AJ26-$I$4)*($E$46-$I$43)/($E$6-$I$4))-Input!$B$14*AJ26/$E$6*(1-AJ26/$E$6)*AK$10/$E$4*(1-AK$10/$E$4)	0
AJ67	IF(AJ27<$I$4,AJ27*$I$43/$I$4,$I$43+(AJ27-$I$4)*($E$46-$I$43)/($E$6-$I$4))-Input!$B$14*AJ27/$E$6*(1-AJ27/$E$6)*AK$10/$E$4*(1-AK$10/$E$4)	0
AJ68	IF(AJ28<$I$4,AJ28*$I$43/$I$4,$I$43+(AJ28-$I$4)*($E$46-$I$43)/($E$6-$I$4))-Input!$B$14*AJ28/$E$6*(1-AJ28/$E$6)*AK$10/$E$4*(1-AK$10/$E$4)	0
AJ69	IF(AJ29<$I$4,AJ29*$I$43/$I$4,$I$43+(AJ29-$I$4)*($E$46-$I$43)/($E$6-$I$4))-Input!$B$14*AJ29/$E$6*(1-AJ29/$E$6)*AK$10/$E$4*(1-AK$10/$E$4)	0
AJ70	IF(AJ30<$I$4,AJ30*$I$43/$I$4,$I$43+(AJ30-$I$4)*($E$46-$I$43)/($E$6-$I$4))-Input!$B$14*AJ30/$E$6*(1-AJ30/$E$6)*AK$10/$E$4*(1-AK$10/$E$4)	0
AJ71	IF(AJ31<$I$4,AJ31*$I$43/$I$4,$I$43+(AJ31-$I$4)*($E$46-$I$43)/($E$6-$I$4))-Input!$B$14*AJ31/$E$6*(1-AJ31/$E$6)*AK$10/$E$4*(1-AK$10/$E$4)	0
AJ72	IF(AJ32<$I$4,AJ32*$I$43/$I$4,$I$43+(AJ32-$I$4)*($E$46-$I$43)/($E$6-$I$4))-Input!$B$14*AJ32/$E$6*(1-AJ32/$E$6)*AK$10/$E$4*(1-AK$10/$E$4)	0
AJ73	IF(AJ33<$I$4,AJ33*$I$43/$I$4,$I$43+(AJ33-$I$4)*($E$46-$I$43)/($E$6-$I$4))-Input!$B$14*AJ33/$E$6*(1-AJ33/$E$6)*AK$10/$E$4*(1-AK$10/$E$4)	0
AJ74	IF(AJ34<$I$4,AJ34*$I$43/$I$4,$I$43+(AJ34-$I$4)*($E$46-$I$43)/($E$6-$I$4))-Input!$B$14*AJ34/$E$6*(1-AJ34/$E$6)*AK$10/$E$4*(1-AK$10/$E$4)	0
AJ75	IF(AJ35<$I$4,AJ35*$I$43/$I$4,$I$43+(AJ35-$I$4)*($E$46-$I$43)/($E$6-$I$4))-Input!$B$14*AJ35/$E$6*(1-AJ35/$E$6)*AK$10/$E$4*(1-AK$10/$E$4)	0
AJ76	IF(AJ36<$I$4,AJ36*$I$43/$I$4,$I$43+(AJ36-$I$4)*($E$46-$I$43)/($E$6-$I$4))-Input!$B$14*AJ36/$E$6*(1-AJ36/$E$6)*AK$10/$E$4*(1-AK$10/$E$4)	0
AJ77	IF(AJ37<$I$4,AJ37*$I$43/$I$4,$I$43+(AJ37-$I$4)*($E$46-$I$43)/($E$6-$I$4))-Input!$B$14*AJ37/$E$6*(1-AJ37/$E$6)*AK$10/$E$4*(1-AK$10/$E$4)	0
AJ78	IF(AJ38<$I$4,AJ38*$I$43/$I$4,$I$43+(AJ38-$I$4)*($E$46-$I$43)/($E$6-$I$4))-Input!$B$14*AJ38/$E$6*(1-AJ38/$E$6)*AK$10/$E$4*(1-AK$10/$E$4)	0
AJ79		27
AJ8		
AJ9		Number:
AK10	'Basis Hull'!AK11	27.497499999999999
AK11		Y
AK12	'Basis Hull'!AK13	0
AK13	'Basis Hull'!AK14	0
AK14	'Basis Hull'!AK15	0.03
AK15	'Basis Hull'!AK16	0.23
AK16	'Basis Hull'!AK17	0.56000000000000005
AK17	'Basis Hull'!AK18	0.79
AK18	'Basis Hull'!AK19	0.95
AK19	'Basis Hull'!AK20	1.08
AK20	'Basis Hull'!AK21	1.1599999999999999
AK21	'Basis Hull'!AK22	1.21
AK22	'Basis Hull'!AK23	1.25
AK23	'Basis Hull'!AK24	1.2649999999999999
AK24	'Basis Hull'!AK25	1.2649999999999999
AK25	'Basis Hull'!AK26	0
AK26	'Basis Hull'!AK27	0
AK27	'Basis Hull'!AK28	0
AK28	'Basis Hull'!AK29	0
AK29	'Basis Hull'!AK30	0
AK30	'Basis Hull'!AK31	0
AK31	'Basis Hull'!AK32	0
AK32	'Basis Hull'!AK33	0
AK33	'Basis Hull'!AK34	0
AK34	'Basis Hull'!AK35	0
AK35	'Basis Hull'!AK36	0
AK36	'Basis Hull'!AK37	0
AK37	'Basis Hull'!AK38	0
AK38	'Basis Hull'!AK39	0
AK39		27
AK48		
AK49	AK9	4
AK50	($E$44/2)*(1+((AK10-$E$4/2)/($E$4/2)+($T$46*(AK10-$E$4/2)/($E$4/2)*(1-(AK10-$E$4/2)/($E$4/2)))/($O$4*(1-2*$O$5))))+Input!$B$13*'Basis Hull'!AK41	14.619999999999997
AK51		Y
AK52	AK12*$E$45/$E$5	0
AK53		0
AK54		2.27027027027027E-2
AK55		0.17405405405405405
AK56		0.42378378378378379
AK57		0.59783783783783773
AK58		0.71891891891891879
AK59		0.81729729729729728
AK60		0.87783783783783775
AK61		0.91567567567567565
AK62		0.94594594594594594
AK63		0.95729729729729707
AK64		0.95729729729729707
AK65		0
AK66		0
AK67		0
AK68		0
AK69		0
AK70		0
AK71		0
AK72		0
AK73		0
AK74		0
AK75		0
AK76		0
AK77		0
AK78		0
AK79		27
AK8		
AK9		4
AL10		X  =
AL11		Z
AL12	'Basis Hull'!AL13	0
AL13	'Basis Hull'!AL14	0.19999999999999998
AL14	'Basis Hull'!AL15	0.39999999999999997
AL15	'Basis Hull'!AL16	0.6
AL16	'Basis Hull'!AL17	0.79999999999999993
AL17	'Basis Hull'!AL18	0.99999999999999989
AL18	'Basis Hull'!AL19	1.2
AL19	'Basis Hull'!AL20	1.4
AL20	'Basis Hull'!AL21	1.5999999999999999
AL21	'Basis Hull'!AL22	1.7999999999999998
AL22	'Basis Hull'!AL23	1.9999999999999998
AL23	'Basis Hull'!AL24	2.1999999999999997
AL24	'Basis Hull'!AL25	2.4
AL25	'Basis Hull'!AL26	0
AL26	'Basis Hull'!AL27	0
AL27	'Basis Hull'!AL28	0
AL28	'Basis Hull'!AL29	0
AL29	'Basis Hull'!AL30	0
AL30	'Basis Hull'!AL31	0
AL31	'Basis Hull'!AL32	0
AL32	'Basis Hull'!AL33	0
AL33	'Basis Hull'!AL34	0
AL34	'Basis Hull'!AL35	0
AL35	'Basis Hull'!AL36	0
AL36	'Basis Hull'!AL37	0
AL37	'Basis Hull'!AL38	0
AL38	'Basis Hull'!AL39	0
AL39		27
AL48		
AL49		Number:
AL50		X  =
AL51		Z
AL52	AL12	0
AL53	IF(AL13<$I$4,AL13*$I$43/$I$4,$I$43+(AL13-$I$4)*($E$46-$I$43)/($E$6-$I$4))-Input!$B$14*AL13/$E$6*(1-AL13/$E$6)*AM$10/$E$4*(1-AM$10/$E$4)	0.13474583231677809
AL54	IF(AL14<$I$4,AL14*$I$43/$I$4,$I$43+(AL14-$I$4)*($E$46-$I$43)/($E$6-$I$4))-Input!$B$14*AL14/$E$6*(1-AL14/$E$6)*AM$10/$E$4*(1-AM$10/$E$4)	0.27590151330323287
AL55	IF(AL15<$I$4,AL15*$I$43/$I$4,$I$43+(AL15-$I$4)*($E$46-$I$43)/($E$6-$I$4))-Input!$B$14*AL15/$E$6*(1-AL15/$E$6)*AM$10/$E$4*(1-AM$10/$E$4)	0.42346704295936444
AL56	IF(AL16<$I$4,AL16*$I$43/$I$4,$I$43+(AL16-$I$4)*($E$46-$I$43)/($E$6-$I$4))-Input!$B$14*AL16/$E$6*(1-AL16/$E$6)*AM$10/$E$4*(1-AM$10/$E$4)	0.57744242128517254
AL57	IF(AL17<$I$4,AL17*$I$43/$I$4,$I$43+(AL17-$I$4)*($E$46-$I$43)/($E$6-$I$4))-Input!$B$14*AL17/$E$6*(1-AL17/$E$6)*AM$10/$E$4*(1-AM$10/$E$4)	0.73782764828065761
AL58	IF(AL18<$I$4,AL18*$I$43/$I$4,$I$43+(AL18-$I$4)*($E$46-$I$43)/($E$6-$I$4))-Input!$B$14*AL18/$E$6*(1-AL18/$E$6)*AM$10/$E$4*(1-AM$10/$E$4)	0.89302272394581927
AL59	IF(AL19<$I$4,AL19*$I$43/$I$4,$I$43+(AL19-$I$4)*($E$46-$I$43)/($E$6-$I$4))-Input!$B$14*AL19/$E$6*(1-AL19/$E$6)*AM$10/$E$4*(1-AM$10/$E$4)	1.0198276482806576
AL60	IF(AL20<$I$4,AL20*$I$43/$I$4,$I$43+(AL20-$I$4)*($E$46-$I$43)/($E$6-$I$4))-Input!$B$14*AL20/$E$6*(1-AL20/$E$6)*AM$10/$E$4*(1-AM$10/$E$4)	1.1530424212851726
AL61	IF(AL21<$I$4,AL21*$I$43/$I$4,$I$43+(AL21-$I$4)*($E$46-$I$43)/($E$6-$I$4))-Input!$B$14*AL21/$E$6*(1-AL21/$E$6)*AM$10/$E$4*(1-AM$10/$E$4)	1.2926670429593645
AL62	IF(AL22<$I$4,AL22*$I$43/$I$4,$I$43+(AL22-$I$4)*($E$46-$I$43)/($E$6-$I$4))-Input!$B$14*AL22/$E$6*(1-AL22/$E$6)*AM$10/$E$4*(1-AM$10/$E$4)	1.4387015133032328
AL63	IF(AL23<$I$4,AL23*$I$43/$I$4,$I$43+(AL23-$I$4)*($E$46-$I$43)/($E$6-$I$4))-Input!$B$14*AL23/$E$6*(1-AL23/$E$6)*AM$10/$E$4*(1-AM$10/$E$4)	1.591145832316778
AL64	IF(AL24<$I$4,AL24*$I$43/$I$4,$I$43+(AL24-$I$4)*($E$46-$I$43)/($E$6-$I$4))-Input!$B$14*AL24/$E$6*(1-AL24/$E$6)*AM$10/$E$4*(1-AM$10/$E$4)	1.75
AL65	IF(AL25<$I$4,AL25*$I$43/$I$4,$I$43+(AL25-$I$4)*($E$46-$I$43)/($E$6-$I$4))-Input!$B$14*AL25/$E$6*(1-AL25/$E$6)*AM$10/$E$4*(1-AM$10/$E$4)	0
AL66	IF(AL26<$I$4,AL26*$I$43/$I$4,$I$43+(AL26-$I$4)*($E$46-$I$43)/($E$6-$I$4))-Input!$B$14*AL26/$E$6*(1-AL26/$E$6)*AM$10/$E$4*(1-AM$10/$E$4)	0
AL67	IF(AL27<$I$4,AL27*$I$43/$I$4,$I$43+(AL27-$I$4)*($E$46-$I$43)/($E$6-$I$4))-Input!$B$14*AL27/$E$6*(1-AL27/$E$6)*AM$10/$E$4*(1-AM$10/$E$4)	0
AL68	IF(AL28<$I$4,AL28*$I$43/$I$4,$I$43+(AL28-$I$4)*($E$46-$I$43)/($E$6-$I$4))-Input!$B$14*AL28/$E$6*(1-AL28/$E$6)*AM$10/$E$4*(1-AM$10/$E$4)	0
AL69	IF(AL29<$I$4,AL29*$I$43/$I$4,$I$43+(AL29-$I$4)*($E$46-$I$43)/($E$6-$I$4))-Input!$B$14*AL29/$E$6*(1-AL29/$E$6)*AM$10/$E$4*(1-AM$10/$E$4)	0
AL70	IF(AL30<$I$4,AL30*$I$43/$I$4,$I$43+(AL30-$I$4)*($E$46-$I$43)/($E$6-$I$4))-Input!$B$14*AL30/$E$6*(1-AL30/$E$6)*AM$10/$E$4*(1-AM$10/$E$4)	0
AL71	IF(AL31<$I$4,AL31*$I$43/$I$4,$I$43+(AL31-$I$4)*($E$46-$I$43)/($E$6-$I$4))-Input!$B$14*AL31/$E$6*(1-AL31/$E$6)*AM$10/$E$4*(1-AM$10/$E$4)	0
AL72	IF(AL32<$I$4,AL32*$I$43/$I$4,$I$43+(AL32-$I$4)*($E$46-$I$43)/($E$6-$I$4))-Input!$B$14*AL32/$E$6*(1-AL32/$E$6)*AM$10/$E$4*(1-AM$10/$E$4)	0
AL73	IF(AL33<$I$4,AL33*$I$43/$I$4,$I$43+(AL33-$I$4)*($E$46-$I$43)/($E$6-$I$4))-Input!$B$14*AL33/$E$6*(1-AL33/$E$6)*AM$10/$E$4*(1-AM$10/$E$4)	0
AL74	IF(AL34<$I$4,AL34*$I$43/$I$4,$I$43+(AL34-$I$4)*($E$46-$I$43)/($E$6-$I$4))-Input!$B$14*AL34/$E$6*(1-AL34/$E$6)*AM$10/$E$4*(1-AM$10/$E$4)	0
AL75	IF(AL35<$I$4,AL35*$I$43/$I$4,$I$43+(AL35-$I$4)*($E$46-$I$43)/($E$6-$I$4))-Input!$B$14*AL35/$E$6*(1-AL35/$E$6)*AM$10/$E$4*(1-AM$10/$E$4)	0
AL76	IF(AL36<$I$4,AL36*$I$43/$I$4,$I$43+(AL36-$I$4)*($E$46-$I$43)/($E$6-$I$4))-Input!$B$14*AL36/$E$6*(1-AL36/$E$6)*AM$10/$E$4*(1-AM$10/$E$4)	0
AL77	IF(AL37<$I$4,AL37*$I$43/$I$4,$I$43+(AL37-$I$4)*($E$46-$I$43)/($E$6-$I$4))-Input!$B$14*AL37/$E$6*(1-AL37/$E$6)*AM$10/$E$4*(1-AM$10/$E$4)	0
AL78	IF(AL38<$I$4,AL38*$I$43/$I$4,$I$43+(AL38-$I$4)*($E$46-$I$43)/($E$6-$I$4))-Input!$B$14*AL38/$E$6*(1-AL38/$E$6)*AM$10/$E$4*(1-AM$10/$E$4)	0
AL79		27
AL8		
AL9		Number:
AM10	'Basis Hull'!AM11	29.114999999999998
AM11		Y
AM12	'Basis Hull'!AM13	0
AM13	'Basis Hull'!AM14	0
AM14	'Basis Hull'!AM15	0
AM15	'Basis Hull'!AM16	0.08
AM16	'Basis Hull'!AM17	0.3
AM17	'Basis Hull'!AM18	0.53
AM18	'Basis Hull'!AM19	0.66
AM19	'Basis Hull'!AM20	0.64
AM20	'Basis Hull'!AM21	0.63
AM21	'Basis Hull'!AM22	0.65
AM22	'Basis Hull'!AM23	0.66
AM23	'Basis Hull'!AM24	0.66
AM24	'Basis Hull'!AM25	0.66
AM25	'Basis Hull'!AM26	0
AM26	'Basis Hull'!AM27	0
AM27	'Basis Hull'!AM28	0
AM28	'Basis Hull'!AM29	0
AM29	'Basis Hull'!AM30	0
AM30	'Basis Hull'!AM31	0
AM31	'Basis Hull'!AM32	0
AM32	'Basis Hull'!AM33	0
AM33	'Basis Hull'!AM34	0
AM34	'Basis Hull'!AM35	0
AM35	'Basis Hull'!AM36	0
AM36	'Basis Hull'!AM37	0
AM37	'Basis Hull'!AM38	0
AM38	'Basis Hull'!AM39	0
AM39		27
AM48		
AM49	AM9	3
AM50	($E$44/2)*(1+((AM10-$E$4/2)/($E$4/2)+($T$46*(AM10-$E$4/2)/($E$4/2)*(1-(AM10-$E$4/2)/($E$4/2)))/($O$4*(1-2*$O$5))))+Input!$B$13*'Basis Hull'!AM41	15.479999999999999
AM51		Y
AM52	AM12*$E$45/$E$5	0
AM53		0
AM54		0
AM55		6.0540540540540533E-2
AM56		0.22702702702702701
AM57		0.40108108108108104
AM58		0.49945945945945941
AM59		0.48432432432432426
AM60		0.47675675675675666
AM61		0.49189189189189181
AM62		0.49945945945945941
AM63		0.49945945945945941
AM64		0.49945945945945941
AM65		0
AM66		0
AM67		0
AM68		0
AM69		0
AM70		0
AM71		0
AM72		0
AM73		0
AM74		0
AM75		0
AM76		0
AM77		0
AM78		0
AM79		27
AM8		
AM9		3
AN10		X  =
AN11		Z
AN12	'Basis Hull'!AN13	0
AN13	'Basis Hull'!AN14	0.19999999999999998
AN14	'Basis Hull'!AN15	0.39999999999999997
AN15	'Basis Hull'!AN16	0.6
AN16	'Basis Hull'!AN17	0.79999999999999993
AN17	'Basis Hull'!AN18	0.99999999999999989
AN18	'Basis Hull'!AN19	1.2
AN19	'Basis Hull'!AN20	1.4
AN20	'Basis Hull'!AN21	1.5999999999999999
AN21	'Basis Hull'!AN22	1.7999999999999998
AN22	'Basis Hull'!AN23	1.9999999999999998
AN23	'Basis Hull'!AN24	2.1999999999999997
AN24	'Basis Hull'!AN25	2.4
AN25	'Basis Hull'!AN26	0
AN26	'Basis Hull'!AN27	0
AN27	'Basis Hull'!AN28	0
AN28	'Basis Hull'!AN29	0
AN29	'Basis Hull'!AN30	0
AN30	'Basis Hull'!AN31	0
AN31	'Basis Hull'!AN32	0
AN32	'Basis Hull'!AN33	0
AN33	'Basis Hull'!AN34	0
AN34	'Basis Hull'!AN35	0
AN35	'Basis Hull'!AN36	0
AN36	'Basis Hull'!AN37	0
AN37	'Basis Hull'!AN38	0
AN38	'Basis Hull'!AN39	0
AN39		27
AN48		
AN49		Number:
AN50		X  =
AN51		Z
AN52	AN12	0
AN53	IF(AN13<$I$4,AN13*$I$43/$I$4,$I$43+(AN13-$I$4)*($E$46-$I$43)/($E$6-$I$4))-Input!$B$14*AN13/$E$6*(1-AN13/$E$6)*AO$10/$E$4*(1-AO$10/$E$4)	0.15139363372274398
AN54	IF(AN14<$I$4,AN14*$I$43/$I$4,$I$43+(AN14-$I$4)*($E$46-$I$43)/($E$6-$I$4))-Input!$B$14*AN14/$E$6*(1-AN14/$E$6)*AO$10/$E$4*(1-AO$10/$E$4)	0.30617024313226182
AN55	IF(AN15<$I$4,AN15*$I$43/$I$4,$I$43+(AN15-$I$4)*($E$46-$I$43)/($E$6-$I$4))-Input!$B$14*AN15/$E$6*(1-AN15/$E$6)*AO$10/$E$4*(1-AO$10/$E$4)	0.46432982822855345
AN56	IF(AN16<$I$4,AN16*$I$43/$I$4,$I$43+(AN16-$I$4)*($E$46-$I$43)/($E$6-$I$4))-Input!$B$14*AN16/$E$6*(1-AN16/$E$6)*AO$10/$E$4*(1-AO$10/$E$4)	0.62587238901161879
AN57	IF(AN17<$I$4,AN17*$I$43/$I$4,$I$43+(AN17-$I$4)*($E$46-$I$43)/($E$6-$I$4))-Input!$B$14*AN17/$E$6*(1-AN17/$E$6)*AO$10/$E$4*(1-AO$10/$E$4)	0.79079792548145811
AN58	IF(AN18<$I$4,AN18*$I$43/$I$4,$I$43+(AN18-$I$4)*($E$46-$I$43)/($E$6-$I$4))-Input!$B$14*AN18/$E$6*(1-AN18/$E$6)*AO$10/$E$4*(1-AO$10/$E$4)	0.94750643763807119
AN59	IF(AN19<$I$4,AN19*$I$43/$I$4,$I$43+(AN19-$I$4)*($E$46-$I$43)/($E$6-$I$4))-Input!$B$14*AN19/$E$6*(1-AN19/$E$6)*AO$10/$E$4*(1-AO$10/$E$4)	1.0727979254814584
AN60	IF(AN20<$I$4,AN20*$I$43/$I$4,$I$43+(AN20-$I$4)*($E$46-$I$43)/($E$6-$I$4))-Input!$B$14*AN20/$E$6*(1-AN20/$E$6)*AO$10/$E$4*(1-AO$10/$E$4)	1.201472389011619
AN61	IF(AN21<$I$4,AN21*$I$43/$I$4,$I$43+(AN21-$I$4)*($E$46-$I$43)/($E$6-$I$4))-Input!$B$14*AN21/$E$6*(1-AN21/$E$6)*AO$10/$E$4*(1-AO$10/$E$4)	1.3335298282285535
AN62	IF(AN22<$I$4,AN22*$I$43/$I$4,$I$43+(AN22-$I$4)*($E$46-$I$43)/($E$6-$I$4))-Input!$B$14*AN22/$E$6*(1-AN22/$E$6)*AO$10/$E$4*(1-AO$10/$E$4)	1.4689702431322618
AN63	IF(AN23<$I$4,AN23*$I$43/$I$4,$I$43+(AN23-$I$4)*($E$46-$I$43)/($E$6-$I$4))-Input!$B$14*AN23/$E$6*(1-AN23/$E$6)*AO$10/$E$4*(1-AO$10/$E$4)	1.6077936337227439
AN64	IF(AN24<$I$4,AN24*$I$43/$I$4,$I$43+(AN24-$I$4)*($E$46-$I$43)/($E$6-$I$4))-Input!$B$14*AN24/$E$6*(1-AN24/$E$6)*AO$10/$E$4*(1-AO$10/$E$4)	1.75
AN65	IF(AN25<$I$4,AN25*$I$43/$I$4,$I$43+(AN25-$I$4)*($E$46-$I$43)/($E$6-$I$4))-Input!$B$14*AN25/$E$6*(1-AN25/$E$6)*AO$10/$E$4*(1-AO$10/$E$4)	0
AN66	IF(AN26<$I$4,AN26*$I$43/$I$4,$I$43+(AN26-$I$4)*($E$46-$I$43)/($E$6-$I$4))-Input!$B$14*AN26/$E$6*(1-AN26/$E$6)*AO$10/$E$4*(1-AO$10/$E$4)	0
AN67	IF(AN27<$I$4,AN27*$I$43/$I$4,$I$43+(AN27-$I$4)*($E$46-$I$43)/($E$6-$I$4))-Input!$B$14*AN27/$E$6*(1-AN27/$E$6)*AO$10/$E$4*(1-AO$10/$E$4)	0
AN68	IF(AN28<$I$4,AN28*$I$43/$I$4,$I$43+(AN28-$I$4)*($E$46-$I$43)/($E$6-$I$4))-Input!$B$14*AN28/$E$6*(1-AN28/$E$6)*AO$10/$E$4*(1-AO$10/$E$4)	0
AN69	IF(AN29<$I$4,AN29*$I$43/$I$4,$I$43+(AN29-$I$4)*($E$46-$I$43)/($E$6-$I$4))-Input!$B$14*AN29/$E$6*(1-AN29/$E$6)*AO$10/$E$4*(1-AO$10/$E$4)	0
AN70	IF(AN30<$I$4,AN30*$I$43/$I$4,$I$43+(AN30-$I$4)*($E$46-$I$43)/($E$6-$I$4))-Input!$B$14*AN30/$E$6*(1-AN30/$E$6)*AO$10/$E$4*(1-AO$10/$E$4)	0
AN71	IF(AN31<$I$4,AN31*$I$43/$I$4,$I$43+(AN31-$I$4)*($E$46-$I$43)/($E$6-$I$4))-Input!$B$14*AN31/$E$6*(1-AN31/$E$6)*AO$10/$E$4*(1-AO$10/$E$4)	0
AN72	IF(AN32<$I$4,AN32*$I$43/$I$4,$I$43+(AN32-$I$4)*($E$46-$I$43)/($E$6-$I$4))-Input!$B$14*AN32/$E$6*(1-AN32/$E$6)*AO$10/$E$4*(1-AO$10/$E$4)	0
AN73	IF(AN33<$I$4,AN33*$I$43/$I$4,$I$43+(AN33-$I$4)*($E$46-$I$43)/($E$6-$I$4))-Input!$B$14*AN33/$E$6*(1-AN33/$E$6)*AO$10/$E$4*(1-AO$10/$E$4)	0
AN74	IF(AN34<$I$4,AN34*$I$43/$I$4,$I$43+(AN34-$I$4)*($E$46-$I$43)/($E$6-$I$4))-Input!$B$14*AN34/$E$6*(1-AN34/$E$6)*AO$10/$E$4*(1-AO$10/$E$4)	0
AN75	IF(AN35<$I$4,AN35*$I$43/$I$4,$I$43+(AN35-$I$4)*($E$46-$I$43)/($E$6-$I$4))-Input!$B$14*AN35/$E$6*(1-AN35/$E$6)*AO$10/$E$4*(1-AO$10/$E$4)	0
AN76	IF(AN36<$I$4,AN36*$I$43/$I$4,$I$43+(AN36-$I$4)*($E$46-$I$43)/($E$6-$I$4))-Input!$B$14*AN36/$E$6*(1-AN36/$E$6)*AO$10/$E$4*(1-AO$10/$E$4)	0
AN77	IF(AN37<$I$4,AN37*$I$43/$I$4,$I$43+(AN37-$I$4)*($E$46-$I$43)/($E$6-$I$4))-Input!$B$14*AN37/$E$6*(1-AN37/$E$6)*AO$10/$E$4*(1-AO$10/$E$4)	0
AN78	IF(AN38<$I$4,AN38*$I$43/$I$4,$I$43+(AN38-$I$4)*($E$46-$I$43)/($E$6-$I$4))-Input!$B$14*AN38/$E$6*(1-AN38/$E$6)*AO$10/$E$4*(1-AO$10/$E$4)	0
AN79		27
AN8		
AN9		Number:
AO10	'Basis Hull'!AO11	30.732499999999998
AO11		Y
AO12	'Basis Hull'!AO13	0
AO13	'Basis Hull'!AO14	0
AO14	'Basis Hull'!AO15	0
AO15	'Basis Hull'!AO16	0
AO16	'Basis Hull'!AO17	0.11
AO17	'Basis Hull'!AO18	0.3
AO18	'Basis Hull'!AO19	0.28000000000000003
AO19	'Basis Hull'!AO20	0.26
AO20	'Basis Hull'!AO21	0.23
AO21	'Basis Hull'!AO22	0.21
AO22	'Basis Hull'!AO23	0.18
AO23	'Basis Hull'!AO24	0.16
AO24	'Basis Hull'!AO25	0.13
AO25	'Basis Hull'!AO26	0
AO26	'Basis Hull'!AO27	0
AO27	'Basis Hull'!AO28	0
AO28	'Basis Hull'!AO29	0
AO29	'Basis Hull'!AO30	0
AO30	'Basis Hull'!AO31	0
AO31	'Basis Hull'!AO32	0
AO32	'Basis Hull'!AO33	0
AO33	'Basis Hull'!AO34	0
AO34	'Basis Hull'!AO35	0
AO35	'Basis Hull'!AO36	0
AO36	'Basis Hull'!AO37	0
AO37	'Basis Hull'!AO38	0
AO38	'Basis Hull'!AO39	0
AO39		27
AO48		
AO49	AO9	2
AO50	($E$44/2)*(1+((AO10-$E$4/2)/($E$4/2)+($T$46*(AO10-$E$4/2)/($E$4/2)*(1-(AO10-$E$4/2)/($E$4/2)))/($O$4*(1-2*$O$5))))+Input!$B$13*'Basis Hull'!AO41	16.34
AO51		Y
AO52	AO12*$E$45/$E$5	0
AO53		0
AO54		0
AO55		0
AO56		8.324324324324324E-2
AO57		0.22702702702702701
AO58		0.21189189189189189
AO59		0.19675675675675675
AO60		0.17405405405405405
AO61		0.15891891891891891
AO62		0.13621621621621621
AO63		0.12108108108108107
AO64		9.8378378378378373E-2
AO65		0
AO66		0
AO67		0
AO68		0
AO69		0
AO70		0
AO71		0
AO72		0
AO73		0
AO74		0
AO75		0
AO76		0
AO77		0
AO78		0
AO79		27
AO8		
AO9		2
AP10		X  =
AP11		Z
AP12	'Basis Hull'!AP13	0
AP13	'Basis Hull'!AP14	0.19999999999999998
AP14	'Basis Hull'!AP15	0.39999999999999997
AP15	'Basis Hull'!AP16	0.6
AP16	'Basis Hull'!AP17	0.79999999999999993
AP17	'Basis Hull'!AP18	0.99999999999999989
AP18	'Basis Hull'!AP19	1.2
AP19	'Basis Hull'!AP20	1.4
AP20	'Basis Hull'!AP21	1.5999999999999999
AP21	'Basis Hull'!AP22	1.7999999999999998
AP22	'Basis Hull'!AP23	1.9999999999999998
AP23	'Basis Hull'!AP24	2.1999999999999997
AP24	'Basis Hull'!AP25	2.4
AP25	'Basis Hull'!AP26	0
AP26	'Basis Hull'!AP27	0
AP27	'Basis Hull'!AP28	0
AP28	'Basis Hull'!AP29	0
AP29	'Basis Hull'!AP30	0
AP30	'Basis Hull'!AP31	0
AP31	'Basis Hull'!AP32	0
AP32	'Basis Hull'!AP33	0
AP33	'Basis Hull'!AP34	0
AP34	'Basis Hull'!AP35	0
AP35	'Basis Hull'!AP36	0
AP36	'Basis Hull'!AP37	0
AP37	'Basis Hull'!AP38	0
AP38	'Basis Hull'!AP39	0
AP39		27
AP48		
AP49		Number:
AP50		X  =
AP51		Z
AP52	AP12	0
AP53	IF(AP13<$I$4,AP13*$I$43/$I$4,$I$43+(AP13-$I$4)*($E$46-$I$43)/($E$6-$I$4))-Input!$B$14*AP13/$E$6*(1-AP13/$E$6)*AQ$10/$E$4*(1-AQ$10/$E$4)	0.16999999999999998
AP54	IF(AP14<$I$4,AP14*$I$43/$I$4,$I$43+(AP14-$I$4)*($E$46-$I$43)/($E$6-$I$4))-Input!$B$14*AP14/$E$6*(1-AP14/$E$6)*AQ$10/$E$4*(1-AQ$10/$E$4)	0.33999999999999997
AP55	IF(AP15<$I$4,AP15*$I$43/$I$4,$I$43+(AP15-$I$4)*($E$46-$I$43)/($E$6-$I$4))-Input!$B$14*AP15/$E$6*(1-AP15/$E$6)*AQ$10/$E$4*(1-AQ$10/$E$4)	0.51
AP56	IF(AP16<$I$4,AP16*$I$43/$I$4,$I$43+(AP16-$I$4)*($E$46-$I$43)/($E$6-$I$4))-Input!$B$14*AP16/$E$6*(1-AP16/$E$6)*AQ$10/$E$4*(1-AQ$10/$E$4)	0.67999999999999994
AP57	IF(AP17<$I$4,AP17*$I$43/$I$4,$I$43+(AP17-$I$4)*($E$46-$I$43)/($E$6-$I$4))-Input!$B$14*AP17/$E$6*(1-AP17/$E$6)*AQ$10/$E$4*(1-AQ$10/$E$4)	0.85
AP58	IF(AP18<$I$4,AP18*$I$43/$I$4,$I$43+(AP18-$I$4)*($E$46-$I$43)/($E$6-$I$4))-Input!$B$14*AP18/$E$6*(1-AP18/$E$6)*AQ$10/$E$4*(1-AQ$10/$E$4)	1.0084
AP59	IF(AP19<$I$4,AP19*$I$43/$I$4,$I$43+(AP19-$I$4)*($E$46-$I$43)/($E$6-$I$4))-Input!$B$14*AP19/$E$6*(1-AP19/$E$6)*AQ$10/$E$4*(1-AQ$10/$E$4)	1.1320000000000001
AP60	IF(AP20<$I$4,AP20*$I$43/$I$4,$I$43+(AP20-$I$4)*($E$46-$I$43)/($E$6-$I$4))-Input!$B$14*AP20/$E$6*(1-AP20/$E$6)*AQ$10/$E$4*(1-AQ$10/$E$4)	1.2556
AP61	IF(AP21<$I$4,AP21*$I$43/$I$4,$I$43+(AP21-$I$4)*($E$46-$I$43)/($E$6-$I$4))-Input!$B$14*AP21/$E$6*(1-AP21/$E$6)*AQ$10/$E$4*(1-AQ$10/$E$4)	1.3792
AP62	IF(AP22<$I$4,AP22*$I$43/$I$4,$I$43+(AP22-$I$4)*($E$46-$I$43)/($E$6-$I$4))-Input!$B$14*AP22/$E$6*(1-AP22/$E$6)*AQ$10/$E$4*(1-AQ$10/$E$4)	1.5027999999999999
AP63	IF(AP23<$I$4,AP23*$I$43/$I$4,$I$43+(AP23-$I$4)*($E$46-$I$43)/($E$6-$I$4))-Input!$B$14*AP23/$E$6*(1-AP23/$E$6)*AQ$10/$E$4*(1-AQ$10/$E$4)	1.6263999999999998
AP64	IF(AP24<$I$4,AP24*$I$43/$I$4,$I$43+(AP24-$I$4)*($E$46-$I$43)/($E$6-$I$4))-Input!$B$14*AP24/$E$6*(1-AP24/$E$6)*AQ$10/$E$4*(1-AQ$10/$E$4)	1.75
AP65	IF(AP25<$I$4,AP25*$I$43/$I$4,$I$43+(AP25-$I$4)*($E$46-$I$43)/($E$6-$I$4))-Input!$B$14*AP25/$E$6*(1-AP25/$E$6)*AQ$10/$E$4*(1-AQ$10/$E$4)	0
AP66	IF(AP26<$I$4,AP26*$I$43/$I$4,$I$43+(AP26-$I$4)*($E$46-$I$43)/($E$6-$I$4))-Input!$B$14*AP26/$E$6*(1-AP26/$E$6)*AQ$10/$E$4*(1-AQ$10/$E$4)	0
AP67	IF(AP27<$I$4,AP27*$I$43/$I$4,$I$43+(AP27-$I$4)*($E$46-$I$43)/($E$6-$I$4))-Input!$B$14*AP27/$E$6*(1-AP27/$E$6)*AQ$10/$E$4*(1-AQ$10/$E$4)	0
AP68	IF(AP28<$I$4,AP28*$I$43/$I$4,$I$43+(AP28-$I$4)*($E$46-$I$43)/($E$6-$I$4))-Input!$B$14*AP28/$E$6*(1-AP28/$E$6)*AQ$10/$E$4*(1-AQ$10/$E$4)	0
AP69	IF(AP29<$I$4,AP29*$I$43/$I$4,$I$43+(AP29-$I$4)*($E$46-$I$43)/($E$6-$I$4))-Input!$B$14*AP29/$E$6*(1-AP29/$E$6)*AQ$10/$E$4*(1-AQ$10/$E$4)	0
AP70	IF(AP30<$I$4,AP30*$I$43/$I$4,$I$43+(AP30-$I$4)*($E$46-$I$43)/($E$6-$I$4))-Input!$B$14*AP30/$E$6*(1-AP30/$E$6)*AQ$10/$E$4*(1-AQ$10/$E$4)	0
AP71	IF(AP31<$I$4,AP31*$I$43/$I$4,$I$43+(AP31-$I$4)*($E$46-$I$43)/($E$6-$I$4))-Input!$B$14*AP31/$E$6*(1-AP31/$E$6)*AQ$10/$E$4*(1-AQ$10/$E$4)	0
AP72	IF(AP32<$I$4,AP32*$I$43/$I$4,$I$43+(AP32-$I$4)*($E$46-$I$43)/($E$6-$I$4))-Input!$B$14*AP32/$E$6*(1-AP32/$E$6)*AQ$10/$E$4*(1-AQ$10/$E$4)	0
AP73	IF(AP33<$I$4,AP33*$I$43/$I$4,$I$43+(AP33-$I$4)*($E$46-$I$43)/($E$6-$I$4))-Input!$B$14*AP33/$E$6*(1-AP33/$E$6)*AQ$10/$E$4*(1-AQ$10/$E$4)	0
AP74	IF(AP34<$I$4,AP34*$I$43/$I$4,$I$43+(AP34-$I$4)*($E$46-$I$43)/($E$6-$I$4))-Input!$B$14*AP34/$E$6*(1-AP34/$E$6)*AQ$10/$E$4*(1-AQ$10/$E$4)	0
AP75	IF(AP35<$I$4,AP35*$I$43/$I$4,$I$43+(AP35-$I$4)*($E$46-$I$43)/($E$6-$I$4))-Input!$B$14*AP35/$E$6*(1-AP35/$E$6)*AQ$10/$E$4*(1-AQ$10/$E$4)	0
AP76	IF(AP36<$I$4,AP36*$I$43/$I$4,$I$43+(AP36-$I$4)*($E$46-$I$43)/($E$6-$I$4))-Input!$B$14*AP36/$E$6*(1-AP36/$E$6)*AQ$10/$E$4*(1-AQ$10/$E$4)	0
AP77	IF(AP37<$I$4,AP37*$I$43/$I$4,$I$43+(AP37-$I$4)*($E$46-$I$43)/($E$6-$I$4))-Input!$B$14*AP37/$E$6*(1-AP37/$E$6)*AQ$10/$E$4*(1-AQ$10/$E$4)	0
AP78	IF(AP38<$I$4,AP38*$I$43/$I$4,$I$43+(AP38-$I$4)*($E$46-$I$43)/($E$6-$I$4))-Input!$B$14*AP38/$E$6*(1-AP38/$E$6)*AQ$10/$E$4*(1-AQ$10/$E$4)	0
AP79	COUNTA(AP52:AP78)	27
AP8		
AP9		Number:
AQ10	'Basis Hull'!AQ11	32.35
AQ11		Y
AQ12	'Basis Hull'!AQ13	0
AQ13	'Basis Hull'!AQ14	0
AQ14	'Basis Hull'!AQ15	0
AQ15	'Basis Hull'!AQ16	0
AQ16	'Basis Hull'!AQ17	0
AQ17	'Basis Hull'!AQ18	0
AQ18	'Basis Hull'!AQ19	0
AQ19	'Basis Hull'!AQ20	0
AQ20	'Basis Hull'!AQ21	0
AQ21	'Basis Hull'!AQ22	0
AQ22	'Basis Hull'!AQ23	0
AQ23	'Basis Hull'!AQ24	0
AQ24	'Basis Hull'!AQ25	0
AQ25	'Basis Hull'!AQ26	0
AQ26	'Basis Hull'!AQ27	0
AQ27	'Basis Hull'!AQ28	0
AQ28	'Basis Hull'!AQ29	0
AQ29	'Basis Hull'!AQ30	0
AQ30	'Basis Hull'!AQ31	0
AQ31	'Basis Hull'!AQ32	0
AQ32	'Basis Hull'!AQ33	0
AQ33	'Basis Hull'!AQ34	0
AQ34	'Basis Hull'!AQ35	0
AQ35	'Basis Hull'!AQ36	0
AQ36	'Basis Hull'!AQ37	0
AQ37	'Basis Hull'!AQ38	0
AQ38	'Basis Hull'!AQ39	0
AQ39		27
AQ48		
AQ49	AQ9	1
AQ50	AQ10*$E$44/$E$4+($E$44/2)*($T$46*(AQ10-$E$4/2)/($E$4/2)*(1-(AQ10-$E$4/2)/($E$4/2)))/($O$4*(1-2*$O$5))+Input!$B$13*AQ10/$E$4*(1-AQ10/$E$4)	17.2
AQ51		Y
AQ52	AQ12*$E$45/$E$5	0
AQ53		0
AQ54		0
AQ55		0
AQ56		0
AQ57		0
AQ58		0
AQ59		0
AQ60		0
AQ61		0
AQ62		0
AQ63		0
AQ64		0
AQ65		0
AQ66		0
AQ67		0
AQ68		0
AQ69		0
AQ70		0
AQ71		0
AQ72		0
AQ73		0
AQ74		0
AQ75		0
AQ76		0
AQ77		0
AQ78		0
AQ79	COUNTA(AQ52:AQ78)	27
AQ8		
AQ9		1
AR11		
AR12		
AR13		
AR14		
AR15		
AR16		
AR17		
AR18		
AR19		
AR20		
AR21		
AR22		
AR23		
AR24		
AR25		
AR26		
AR27		
AR28		
AR29		
AR30		
AR31		
AR32		
AR33		
AR34		
AR35		
AR36		
AR37		
AR38		
AR39		
AS12		
AS13		
AS14		
AS15		
AS16		
AS17		
AS18		
AS19		
AS20		
AS21		
AS22		
AS23		
AS24		
AS25		
AS26		
AS27		
AS28		
AS29		
AS30		
AS31		
AS32		
AS33		
AS34		
AS35		
AS36		
AS37		
AS38		
AS39		
AT12		
AT13		
AT14		
AT15		
AT16		
AT17		
AT18		
AT19		
AT20		
AT21		
AT22		
AT23		
AT24		
AT25		
AT26		
AT27		
AT28		
AT29		
AT30		
AT31		
AT32		
AT33		
AT34		
AT35		
AT36		
AT37		
AT38		
AT39		
AU12		
AU13		
AU14		
AU15		
AU16		
AU17		
AU18		
AU19		
AU20		
AU21		
AU22		
AU23		
AU24		
AU25		
AU26		
AU27		
AU28		
AU29		
AU30		
AU31		
AU32		
AU33		
AU34		
AU35		
AU36		
AU37		
AU38		
AU39		
AV12		
AV13		
AV14		
AV15		
AV16		
AV17		
AV18		
AV19		
AV20		
AV21		
AV22		
AV23		
AV24		
AV25		
AV26		
AV27		
AV28		
AV29		
AV30		
AV31		
AV32		
AV33		
AV34		
AV35		
AV36		
AV37		
AV38		
AV39		
AW12		
AW13		
AW14		
AW15		
AW16		
AW17		
AW18		
AW19		
AW20		
AW21		
AW22		
AW23		
AW24		
AW25		
AW26		
AW27		
AW28		
AW29		
AW30		
AW31		
AW32		
AW33		
AW34		
AW35		
AW36		
AW37		
AW38		
AW39		
AX12		
AX13		
AX14		
AX15		
AX16		
AX17		
AX18		
AX19		
AX20		
AX21		
AX22		
AX23		
AX24		
AX25		
AX26		
AX27		
AX28		
AX29		
AX30		
AX31		
AX32		
AX33		
AX34		
AX35		
AX36		
AX37		
AX38		
AX39		
AY12		
AY13		
AY14		
AY15		
AY16		
AY17		
AY18		
AY19		
AY20		
AY21		
AY22		
AY23		
AY24		
AY25		
AY26		
AY27		
AY28		
AY29		
AY30		
AY31		
AY32		
AY33		
AY34		
AY35		
AY36		
AY37		
AY38		
AY39		
AZ12		
AZ13		
AZ14		
AZ15		
AZ16		
AZ17		
AZ18		
AZ19		
AZ20		
AZ21		
AZ22		
AZ23		
AZ24		
AZ25		
AZ26		
AZ27		
AZ28		
AZ29		
AZ30		
AZ31		
AZ32		
AZ33		
AZ34		
AZ35		
AZ36		
AZ37		
AZ38		
AZ39		
B10		X  =
B100	Transform!$E$46*Transform!A100/Transform!$A$109	1.09375
B101	Transform!$E$46*Transform!A101/Transform!$A$109	1.1666666666666667
B102	Transform!$E$46*Transform!A102/Transform!$A$109	1.2395833333333333
B103	Transform!$E$46*Transform!A103/Transform!$A$109	1.3125
B104	Transform!$E$46*Transform!A104/Transform!$A$109	1.3854166666666667
B105	Transform!$E$46*Transform!A105/Transform!$A$109	1.4583333333333333
B106	Transform!$E$46*Transform!A106/Transform!$A$109	1.53125
B107	Transform!$E$46*Transform!A107/Transform!$A$109	1.6041666666666667
B108	Transform!$E$46*Transform!A108/Transform!$A$109	1.6770833333333333
B109	Transform!$E$46*Transform!A109/Transform!$A$109	1.75
B11		Z
B110		
B114		
B115		Z Offset
B116	$B$85	0
B117	$B$86	7.2916666666666671E-2
B118	$B$87	0.14583333333333334
B119	$B$88	0.21875
B12	'Basis Hull'!B13	0
B120	$B$89	0.29166666666666669
B121	$B$90	0.36458333333333331
B122	$B$91	0.4375
B123	$B$92	0.51041666666666663
B124	$B$93	0.58333333333333337
B125	$B$94	0.65625
B126	$B$95	0.72916666666666663
B127	$B$96	0.80208333333333337
B128	$B$97	0.875
B129	$B$98	0.94791666666666663
B13	'Basis Hull'!B14	0.19999999999999998
B130	$B$99	1.0208333333333333
B131	$B$100	1.09375
B132	$B$101	1.1666666666666667
B133	$B$102	1.2395833333333333
B134	$B$103	1.3125
B135	$B$104	1.3854166666666667
B136	$B$105	1.4583333333333333
B137	$B$106	1.53125
B138	$B$107	1.6041666666666667
B139	$B$108	1.6770833333333333
B14	'Basis Hull'!B15	0.39999999999999997
B140	$B$109	1.75
B141		
B142		
B143		
B144		Z Offset
B145	$B$85	0
B146	$B$86	7.2916666666666671E-2
B147	$B$87	0.14583333333333334
B148	$B$88	0.21875
B149	$B$89	0.29166666666666669
B15	'Basis Hull'!B16	0.6
B150	$B$90	0.36458333333333331
B151	$B$91	0.4375
B152	$B$92	0.51041666666666663
B153	$B$93	0.58333333333333337
B154	$B$94	0.65625
B155	$B$95	0.72916666666666663
B156	$B$96	0.80208333333333337
B157	$B$97	0.875
B158	$B$98	0.94791666666666663
B159	$B$99	1.0208333333333333
B16	'Basis Hull'!B17	0.79999999999999993
B160	$B$100	1.09375
B161	$B$101	1.1666666666666667
B162	$B$102	1.2395833333333333
B163	$B$103	1.3125
B164	$B$104	1.3854166666666667
B165	$B$105	1.4583333333333333
B166	$B$106	1.53125
B167	$B$107	1.6041666666666667
B168	$B$108	1.6770833333333333
B169	$B$109	1.75
B17	'Basis Hull'!B18	0.99999999999999989
B170		
B171		
B172		Z Offset
B173	$B$85	0
B174	$B$86	7.2916666666666671E-2
B175	$B$87	0.14583333333333334
B176	$B$88	0.21875
B177	$B$89	0.29166666666666669
B178	$B$90	0.36458333333333331
B179	$B$91	0.4375
B18	'Basis Hull'!B19	1.2
B180	$B$92	0.51041666666666663
B181	$B$93	0.58333333333333337
B182	$B$94	0.65625
B183	$B$95	0.72916666666666663
B184	$B$96	0.80208333333333337
B185	$B$97	0.875
B186	$B$98	0.94791666666666663
B187	$B$99	1.0208333333333333
B188	$B$100	1.09375
B189	$B$101	1.1666666666666667
B19	'Basis Hull'!B20	1.4
B190	$B$102	1.2395833333333333
B191	$B$103	1.3125
B192	$B$104	1.3854166666666667
B193	$B$105	1.4583333333333333
B194	$B$106	1.53125
B195	$B$107	1.6041666666666667
B196	$B$108	1.6770833333333333
B197	$B$109	1.75
B198		
B199		
B2		Basis Hull Geometry (copy)
B20	'Basis Hull'!B21	1.5999999999999999
B200		
B201		Z Offset
B202	$B$85	0
B203	$B$86	7.2916666666666671E-2
B204	$B$87	0.14583333333333334
B205	$B$88	0.21875
B206	$B$89	0.29166666666666669
B207	$B$90	0.36458333333333331
B208	$B$91	0.4375
B209	$B$92	0.51041666666666663
B21	'Basis Hull'!B22	1.7999999999999998
B210	$B$93	0.58333333333333337
B211	$B$94	0.65625
B212	$B$95	0.72916666666666663
B213	$B$96	0.80208333333333337
B214	$B$97	0.875
B215	$B$98	0.94791666666666663
B216	$B$99	1.0208333333333333
B217	$B$100	1.09375
B218	$B$101	1.1666666666666667
B219	$B$102	1.2395833333333333
B22	'Basis Hull'!B23	1.9999999999999998
B220	$B$103	1.3125
B221	$B$104	1.3854166666666667
B222	$B$105	1.4583333333333333
B223	$B$106	1.53125
B224	$B$107	1.6041666666666667
B225	$B$108	1.6770833333333333
B226	$B$109	1.75
B227		
B228		
B229		
B23	'Basis Hull'!B24	2.1999999999999997
B230		Z Offset
B231	$B$85	0
B232	$B$86	7.2916666666666671E-2
B233	$B$87	0.14583333333333334
B234	$B$88	0.21875
B235	$B$89	0.29166666666666669
B236	$B$90	0.36458333333333331
B237	$B$91	0.4375
B238	$B$92	0.51041666666666663
B239	$B$93	0.58333333333333337
B24	'Basis Hull'!B25	2.4
B240	$B$94	0.65625
B241	$B$95	0.72916666666666663
B242	$B$96	0.80208333333333337
B243	$B$97	0.875
B244	$B$98	0.94791666666666663
B245	$B$99	1.0208333333333333
B246	$B$100	1.09375
B247	$B$101	1.1666666666666667
B248	$B$102	1.2395833333333333
B249	$B$103	1.3125
B25	'Basis Hull'!B26	0
B250	$B$104	1.3854166666666667
B251	$B$105	1.4583333333333333
B252	$B$106	1.53125
B253	$B$107	1.6041666666666667
B254	$B$108	1.6770833333333333
B255	$B$109	1.75
B256		
B257		
B258		
B259		
B26	'Basis Hull'!B27	0
B260		
B261		
B262		
B263		
B264		
B265		
B266		
B267		
B268		
B269		
B27	'Basis Hull'!B28	0
B270		
B271		
B272		
B273		
B274		
B275		
B276		
B277		
B278		
B279		
B28	'Basis Hull'!B29	0
B280		
B281		
B282		
B284		
B285		
B286		
B287		
B288		
B289		
B29	'Basis Hull'!B30	0
B290		
B291		
B292		
B293		
B294		
B295		
B296		
B297		
B298		
B299		
B3		Ship Name:
B30	'Basis Hull'!B31	0
B300		
B301		
B302		
B303		
B304		
B305		
B306		
B307		
B308		
B309		
B31	'Basis Hull'!B32	0
B312		Total Surface Area of hull over LWL.
B313		Depth
B314		HullSA
B315		
B316		
B317		
B318		
B319		
B32	'Basis Hull'!B33	0
B33	'Basis Hull'!B34	0
B34	'Basis Hull'!B35	0
B35	'Basis Hull'!B36	0
B36	'Basis Hull'!B37	0
B37	'Basis Hull'!B38	0
B38	'Basis Hull'!B39	0
B39	COUNTA(B12:B38)	27
B4		Hull Length between Perps.
B42		Design Hull Geometry Definition Table (following transformation)
B43		Ship Name:
B44		Hull Length between Perps.
B45		Beam
B46		Hull Depth
B47		Number of Sections defined
B48		 
B49		Number:
B5		Beam at Waterline
B50		X  =
B51		Z
B52	B12	0
B53	IF(B13<$I$4,B13*$I$43/$I$4,$I$43+(B13-$I$4)*($E$46-$I$43)/($E$6-$I$4))-Input!$B$14*B13/$E$6*(1-B13/$E$6)*C$10/$E$4*(1-C$10/$E$4)	0.16999999999999998
B54	IF(B14<$I$4,B14*$I$43/$I$4,$I$43+(B14-$I$4)*($E$46-$I$43)/($E$6-$I$4))-Input!$B$14*B14/$E$6*(1-B14/$E$6)*C$10/$E$4*(1-C$10/$E$4)	0.33999999999999997
B55	IF(B15<$I$4,B15*$I$43/$I$4,$I$43+(B15-$I$4)*($E$46-$I$43)/($E$6-$I$4))-Input!$B$14*B15/$E$6*(1-B15/$E$6)*C$10/$E$4*(1-C$10/$E$4)	0.51
B56	IF(B16<$I$4,B16*$I$43/$I$4,$I$43+(B16-$I$4)*($E$46-$I$43)/($E$6-$I$4))-Input!$B$14*B16/$E$6*(1-B16/$E$6)*C$10/$E$4*(1-C$10/$E$4)	0.67999999999999994
B57	IF(B17<$I$4,B17*$I$43/$I$4,$I$43+(B17-$I$4)*($E$46-$I$43)/($E$6-$I$4))-Input!$B$14*B17/$E$6*(1-B17/$E$6)*C$10/$E$4*(1-C$10/$E$4)	0.85
B58	IF(B18<$I$4,B18*$I$43/$I$4,$I$43+(B18-$I$4)*($E$46-$I$43)/($E$6-$I$4))-Input!$B$14*B18/$E$6*(1-B18/$E$6)*C$10/$E$4*(1-C$10/$E$4)	1.0084
B59	IF(B19<$I$4,B19*$I$43/$I$4,$I$43+(B19-$I$4)*($E$46-$I$43)/($E$6-$I$4))-Input!$B$14*B19/$E$6*(1-B19/$E$6)*C$10/$E$4*(1-C$10/$E$4)	1.1320000000000001
B6		Hull Depth
B60	IF(B20<$I$4,B20*$I$43/$I$4,$I$43+(B20-$I$4)*($E$46-$I$43)/($E$6-$I$4))-Input!$B$14*B20/$E$6*(1-B20/$E$6)*C$10/$E$4*(1-C$10/$E$4)	1.2556
B61	IF(B21<$I$4,B21*$I$43/$I$4,$I$43+(B21-$I$4)*($E$46-$I$43)/($E$6-$I$4))-Input!$B$14*B21/$E$6*(1-B21/$E$6)*C$10/$E$4*(1-C$10/$E$4)	1.3792
B62	IF(B22<$I$4,B22*$I$43/$I$4,$I$43+(B22-$I$4)*($E$46-$I$43)/($E$6-$I$4))-Input!$B$14*B22/$E$6*(1-B22/$E$6)*C$10/$E$4*(1-C$10/$E$4)	1.5027999999999999
B63	IF(B23<$I$4,B23*$I$43/$I$4,$I$43+(B23-$I$4)*($E$46-$I$43)/($E$6-$I$4))-Input!$B$14*B23/$E$6*(1-B23/$E$6)*C$10/$E$4*(1-C$10/$E$4)	1.6263999999999998
B64	IF(B24<$I$4,B24*$I$43/$I$4,$I$43+(B24-$I$4)*($E$46-$I$43)/($E$6-$I$4))-Input!$B$14*B24/$E$6*(1-B24/$E$6)*C$10/$E$4*(1-C$10/$E$4)	1.75
B65	IF(B25<$I$4,B25*$I$43/$I$4,$I$43+(B25-$I$4)*($E$46-$I$43)/($E$6-$I$4))-Input!$B$14*B25/$E$6*(1-B25/$E$6)*C$10/$E$4*(1-C$10/$E$4)	0
B66	IF(B26<$I$4,B26*$I$43/$I$4,$I$43+(B26-$I$4)*($E$46-$I$43)/($E$6-$I$4))-Input!$B$14*B26/$E$6*(1-B26/$E$6)*C$10/$E$4*(1-C$10/$E$4)	0
B67	IF(B27<$I$4,B27*$I$43/$I$4,$I$43+(B27-$I$4)*($E$46-$I$43)/($E$6-$I$4))-Input!$B$14*B27/$E$6*(1-B27/$E$6)*C$10/$E$4*(1-C$10/$E$4)	0
B68	IF(B28<$I$4,B28*$I$43/$I$4,$I$43+(B28-$I$4)*($E$46-$I$43)/($E$6-$I$4))-Input!$B$14*B28/$E$6*(1-B28/$E$6)*C$10/$E$4*(1-C$10/$E$4)	0
B69	IF(B29<$I$4,B29*$I$43/$I$4,$I$43+(B29-$I$4)*($E$46-$I$43)/($E$6-$I$4))-Input!$B$14*B29/$E$6*(1-B29/$E$6)*C$10/$E$4*(1-C$10/$E$4)	0
B7		Number of Sections defined
B70	IF(B30<$I$4,B30*$I$43/$I$4,$I$43+(B30-$I$4)*($E$46-$I$43)/($E$6-$I$4))-Input!$B$14*B30/$E$6*(1-B30/$E$6)*C$10/$E$4*(1-C$10/$E$4)	0
B71	IF(B31<$I$4,B31*$I$43/$I$4,$I$43+(B31-$I$4)*($E$46-$I$43)/($E$6-$I$4))-Input!$B$14*B31/$E$6*(1-B31/$E$6)*C$10/$E$4*(1-C$10/$E$4)	0
B72	IF(B32<$I$4,B32*$I$43/$I$4,$I$43+(B32-$I$4)*($E$46-$I$43)/($E$6-$I$4))-Input!$B$14*B32/$E$6*(1-B32/$E$6)*C$10/$E$4*(1-C$10/$E$4)	0
B73	IF(B33<$I$4,B33*$I$43/$I$4,$I$43+(B33-$I$4)*($E$46-$I$43)/($E$6-$I$4))-Input!$B$14*B33/$E$6*(1-B33/$E$6)*C$10/$E$4*(1-C$10/$E$4)	0
B74	IF(B34<$I$4,B34*$I$43/$I$4,$I$43+(B34-$I$4)*($E$46-$I$43)/($E$6-$I$4))-Input!$B$14*B34/$E$6*(1-B34/$E$6)*C$10/$E$4*(1-C$10/$E$4)	0
B75	IF(B35<$I$4,B35*$I$43/$I$4,$I$43+(B35-$I$4)*($E$46-$I$43)/($E$6-$I$4))-Input!$B$14*B35/$E$6*(1-B35/$E$6)*C$10/$E$4*(1-C$10/$E$4)	0
B76	IF(B36<$I$4,B36*$I$43/$I$4,$I$43+(B36-$I$4)*($E$46-$I$43)/($E$6-$I$4))-Input!$B$14*B36/$E$6*(1-B36/$E$6)*C$10/$E$4*(1-C$10/$E$4)	0
B77	IF(B37<$I$4,B37*$I$43/$I$4,$I$43+(B37-$I$4)*($E$46-$I$43)/($E$6-$I$4))-Input!$B$14*B37/$E$6*(1-B37/$E$6)*C$10/$E$4*(1-C$10/$E$4)	0
B78	IF(B38<$I$4,B38*$I$43/$I$4,$I$43+(B38-$I$4)*($E$46-$I$43)/($E$6-$I$4))-Input!$B$14*B38/$E$6*(1-B38/$E$6)*C$10/$E$4*(1-C$10/$E$4)	0
B79	COUNTA(B52:B78)	27
B8		 
B83		
B84		Z Offset
B85	Transform!$E$46*Transform!A85/Transform!$A$109	0
B86	Transform!$E$46*Transform!A86/Transform!$A$109	7.2916666666666671E-2
B87	Transform!$E$46*Transform!A87/Transform!$A$109	0.14583333333333334
B88	Transform!$E$46*Transform!A88/Transform!$A$109	0.21875
B89	Transform!$E$46*Transform!A89/Transform!$A$109	0.29166666666666669
B9		Number:
B90	Transform!$E$46*Transform!A90/Transform!$A$109	0.36458333333333331
B91	Transform!$E$46*Transform!A91/Transform!$A$109	0.4375
B92	Transform!$E$46*Transform!A92/Transform!$A$109	0.51041666666666663
B93	Transform!$E$46*Transform!A93/Transform!$A$109	0.58333333333333337
B94	Transform!$E$46*Transform!A94/Transform!$A$109	0.65625
B95	Transform!$E$46*Transform!A95/Transform!$A$109	0.72916666666666663
B96	Transform!$E$46*Transform!A96/Transform!$A$109	0.80208333333333337
B97	Transform!$E$46*Transform!A97/Transform!$A$109	0.875
B98	Transform!$E$46*Transform!A98/Transform!$A$109	0.94791666666666663
B99	Transform!$E$46*Transform!A99/Transform!$A$109	1.0208333333333333
BA12		
BA13		
BA14		
BA15		
BA16		
BA17		
BA18		
BA19		
BA20		
BA21		
BA22		
BA23		
BA24		
BA25		
BA26		
BA27		
BA28		
BA29		
BA30		
BA31		
BA32		
BA33		
BA34		
BA35		
BA36		
BA37		
BA38		
BA39		
BB12		
BB13		
BB14		
BB15		
BB16		
BB17		
BB18		
BB19		
BB20		
BB21		
BB22		
BB23		
BB24		
BB25		
BB26		
BB27		
BB28		
BB29		
BB30		
BB31		
BB32		
BB33		
BB34		
BB35		
BB36		
BB37		
BB38		
BB39		
BC12		
BC13		
BC14		
BC15		
BC16		
BC17		
BC18		
BC19		
BC20		
BC21		
BC22		
BC23		
BC24		
BC25		
BC26		
BC27		
BC28		
BC29		
BC30		
BC31		
BC32		
BC33		
BC34		
BC35		
BC36		
BC37		
BC38		
BC39		
BD12		
BD13		
BD14		
BD15		
BD16		
BD17		
BD18		
BD19		
BD20		
BD21		
BD22		
BD23		
BD24		
BD25		
BD26		
BD27		
BD28		
BD29		
BD30		
BD31		
BD32		
BD33		
BD34		
BD35		
BD36		
BD37		
BD38		
BD39		
BE12		
BE13		
BE14		
BE15		
BE16		
BE17		
BE18		
BE19		
BE20		
BE21		
BE22		
BE23		
BE24		
BE25		
BE26		
BE27		
BE28		
BE29		
BE30		
BE31		
BE32		
BE33		
BE34		
BE35		
BE36		
BE37		
BE38		
BE39		
BF12		
BF13		
BF14		
BF15		
BF16		
BF17		
BF18		
BF19		
BF20		
BF21		
BF22		
BF23		
BF24		
BF25		
BF26		
BF27		
BF28		
BF29		
BF30		
BF31		
BF32		
BF33		
BF34		
BF35		
BF36		
BF37		
BF38		
BF39		
BG12		
BG13		
BG14		
BG15		
BG16		
BG17		
BG18		
BG19		
BG20		
BG21		
BG22		
BG23		
BG24		
BG25		
BG26		
BG27		
BG28		
BG29		
BG30		
BG31		
BG32		
BG33		
BG34		
BG35		
BG36		
BG37		
BG38		
BG39		
BH12		
BH13		
BH14		
BH15		
BH16		
BH17		
BH18		
BH19		
BH20		
BH21		
BH22		
BH23		
BH24		
BH25		
BH26		
BH27		
BH28		
BH29		
BH30		
BH31		
BH32		
BH33		
BH34		
BH35		
BH36		
BH37		
BH38		
BH39		
BI12		
BI13		
BI14		
BI15		
BI16		
BI17		
BI18		
BI19		
BI20		
BI21		
BI22		
BI23		
BI24		
BI25		
BI26		
BI27		
BI28		
BI29		
BI30		
BI31		
BI32		
BI33		
BI34		
BI35		
BI36		
BI37		
BI38		
BI39		
BJ12		
BJ13		
BJ14		
BJ15		
BJ16		
BJ17		
BJ18		
BJ19		
BJ20		
BJ21		
BJ22		
BJ23		
BJ24		
BJ25		
BJ26		
BJ27		
BJ28		
BJ29		
BJ30		
BJ31		
BJ32		
BJ33		
BJ34		
BJ35		
BJ36		
BJ37		
BJ38		
BJ39		
BK12		
BK13		
BK14		
BK15		
BK16		
BK17		
BK18		
BK19		
BK20		
BK21		
BK22		
BK23		
BK24		
BK25		
BK26		
BK27		
BK28		
BK29		
BK30		
BK31		
BK32		
BK33		
BK34		
BK35		
BK36		
BK37		
BK38		
BK39		
BL12		
BL13		
BL14		
BL15		
BL16		
BL17		
BL18		
BL19		
BL20		
BL21		
BL22		
BL23		
BL24		
BL25		
BL26		
BL27		
BL28		
BL29		
BL30		
BL31		
BL32		
BL33		
BL34		
BL35		
BL36		
BL37		
BL38		
BL39		
BM12		
BM13		
BM14		
BM15		
BM16		
BM17		
BM18		
BM19		
BM20		
BM21		
BM22		
BM23		
BM24		
BM25		
BM26		
BM27		
BM28		
BM29		
BM30		
BM31		
BM32		
BM33		
BM34		
BM35		
BM36		
BM37		
BM38		
BM39		
BN12		
BN13		
BN14		
BN15		
BN16		
BN17		
BN18		
BN19		
BN20		
BN21		
BN22		
BN23		
BN24		
BN25		
BN26		
BN27		
BN28		
BN29		
BN30		
BN31		
BN32		
BN33		
BN34		
BN35		
BN36		
BN37		
BN38		
BN39		
BO12		
BO13		
BO14		
BO15		
BO16		
BO17		
BO18		
BO19		
BO20		
BO21		
BO22		
BO23		
BO24		
BO25		
BO26		
BO27		
BO28		
BO29		
BO30		
BO31		
BO32		
BO33		
BO34		
BO35		
BO36		
BO37		
BO38		
BO39		
BP12		
BP13		
BP14		
BP15		
BP16		
BP17		
BP18		
BP19		
BP20		
BP21		
BP22		
BP23		
BP24		
BP25		
BP26		
BP27		
BP28		
BP29		
BP30		
BP31		
BP32		
BP33		
BP34		
BP35		
BP36		
BP37		
BP38		
BP39		
BQ12		
BQ13		
BQ14		
BQ15		
BQ16		
BQ17		
BQ18		
BQ19		
BQ20		
BQ21		
BQ22		
BQ23		
BQ24		
BQ25		
BQ26		
BQ27		
BQ28		
BQ29		
BQ30		
BQ31		
BQ32		
BQ33		
BQ34		
BQ35		
BQ36		
BQ37		
BQ38		
BQ39		
BR12		
BR13		
BR14		
BR15		
BR16		
BR17		
BR18		
BR19		
BR20		
BR21		
BR22		
BR23		
BR24		
BR25		
BR26		
BR27		
BR28		
BR29		
BR30		
BR31		
BR32		
BR33		
BR34		
BR35		
BR36		
BR37		
BR38		
BR39		
BS12		
BS13		
BS14		
BS15		
BS16		
BS17		
BS18		
BS19		
BS20		
BS21		
BS22		
BS23		
BS24		
BS25		
BS26		
BS27		
BS28		
BS29		
BS30		
BS31		
BS32		
BS33		
BS34		
BS35		
BS36		
BS37		
BS38		
BS39		
BT12		
BT13		
BT14		
BT15		
BT16		
BT17		
BT18		
BT19		
BT20		
BT21		
BT22		
BT23		
BT24		
BT25		
BT26		
BT27		
BT28		
BT29		
BT30		
BT31		
BT32		
BT33		
BT34		
BT35		
BT36		
BT37		
BT38		
BT39		
BU12		
BU13		
BU14		
BU15		
BU16		
BU17		
BU18		
BU19		
BU20		
BU21		
BU22		
BU23		
BU24		
BU25		
BU26		
BU27		
BU28		
BU29		
BU30		
BU31		
BU32		
BU33		
BU34		
BU35		
BU36		
BU37		
BU38		
BU39		
BV12		
BV13		
BV14		
BV15		
BV16		
BV17		
BV18		
BV19		
BV20		
BV21		
BV22		
BV23		
BV24		
BV25		
BV26		
BV27		
BV28		
BV29		
BV30		
BV31		
BV32		
BV33		
BV34		
BV35		
BV36		
BV37		
BV38		
BV39		
BW12		
BW13		
BW14		
BW15		
BW16		
BW17		
BW18		
BW19		
BW20		
BW21		
BW22		
BW23		
BW24		
BW25		
BW26		
BW27		
BW28		
BW29		
BW30		
BW31		
BW32		
BW33		
BW34		
BW35		
BW36		
BW37		
BW38		
BW39		
BX12		
BX13		
BX14		
BX15		
BX16		
BX17		
BX18		
BX19		
BX20		
BX21		
BX22		
BX23		
BX24		
BX25		
BX26		
BX27		
BX28		
BX29		
BX30		
BX31		
BX32		
BX33		
BX34		
BX35		
BX36		
BX37		
BX38		
BX39		
BY12		
BY13		
BY14		
BY15		
BY16		
BY17		
BY18		
BY19		
BY20		
BY21		
BY22		
BY23		
BY24		
BY25		
BY26		
BY27		
BY28		
BY29		
BY30		
BY31		
BY32		
BY33		
BY34		
BY35		
BY36		
BY37		
BY38		
BY39		
BZ12		
BZ13		
BZ14		
BZ15		
BZ16		
BZ17		
BZ18		
BZ19		
BZ20		
BZ21		
BZ22		
BZ23		
BZ24		
BZ25		
BZ26		
BZ27		
BZ28		
BZ29		
BZ30		
BZ31		
BZ32		
BZ33		
BZ34		
BZ35		
BZ36		
BZ37		
BZ38		
BZ39		
C10	'Basis Hull'!C11	0
C100	IF(Transform!C$50="",0,CUBIC(Transform!B$52:B$78,Transform!C$52:C$78,B100))	0.28950035972523919
C101	IF(Transform!C$50="",0,CUBIC(Transform!B$52:B$78,Transform!C$52:C$78,B101))	0.5464335815806014
C102	IF(Transform!C$50="",0,CUBIC(Transform!B$52:B$78,Transform!C$52:C$78,B102))	0.73594359476941318
C103	IF(Transform!C$50="",0,CUBIC(Transform!B$52:B$78,Transform!C$52:C$78,B103))	0.85776492672294224
C104	IF(Transform!C$50="",0,CUBIC(Transform!B$52:B$78,Transform!C$52:C$78,B104))	0.93673619068555969
C105	IF(Transform!C$50="",0,CUBIC(Transform!B$52:B$78,Transform!C$52:C$78,B105))	1.0010930174716755
C106	IF(Transform!C$50="",0,CUBIC(Transform!B$52:B$78,Transform!C$52:C$78,B106))	1.058531146599049
C107	IF(Transform!C$50="",0,CUBIC(Transform!B$52:B$78,Transform!C$52:C$78,B107))	1.1077937191147369
C108	IF(Transform!C$50="",0,CUBIC(Transform!B$52:B$78,Transform!C$52:C$78,B108))	1.142052531923293
C109	IF(Transform!C$50="",0,CUBIC(Transform!B$52:B$78,Transform!C$52:C$78,B109))	1.1654054054054053
C11		Y
C110		
C114		21
C115		0
C116	CUBIC($C$84:$W$84,$C85:$W85,C115)	0
C117	CUBIC($C$84:$W$84,$C$86:$W$86,C115)	7.029973018428768E-5
C118	CUBIC($C$84:$W$84,$C$87:$W$87,C115)	4.5504712752921032E-5
C119	CUBIC($C$84:$W$84,$C$88:$W$88,C115)	-1.4106137723678369E-4
C12	'Basis Hull'!C13	0
C120	CUBIC($C$84:$W$84,$C$89:$W$89,C115)	-2.2798392806550562E-4
C121	CUBIC($C$84:$W$84,$C$90:$W$90,C115)	2.4217213094836044E-4
C122	CUBIC($C$84:$W$84,$C$91:$W$91,C115)	8.7922103124886799E-4
C123	CUBIC($C$84:$W$84,$C$92:$W$92,C115)	-1.2853343955949198E-5
C124	CUBIC($C$84:$W$84,$C$93:$W$93,C115)	-2.7898378512786147E-3
C125	CUBIC($C$84:$W$84,$C$94:$W$94,C115)	-2.1021131540446339E-3
C126	CUBIC($C$84:$W$84,$C$95:$W$95,C115)	7.1694604561595718E-3
C127	CUBIC($C$84:$W$84,$C$96:$W$96,C115)	1.1680515670158336E-2
C128	CUBIC($C$84:$W$84,$C$97:$W$97,C115)	-1.2630328656244501E-2
C129	CUBIC($C$84:$W$84,$C$98:$W$98,C115)	-3.6465633667342699E-2
C13	'Basis Hull'!C14	0
C130	CUBIC($C$84:$W$84,$C$99:$W$99,C115)	5.0148701194707324E-2
C131	CUBIC($C$84:$W$84,$C$100:$W$100,C115)	0.28950035972523919
C132	CUBIC($C$84:$W$84,$C$101:$W$101,C115)	0.5464335815806014
C133	CUBIC($C$84:$W$84,$C$102:$W$102,C115)	0.73594359476941318
C134	CUBIC($C$84:$W$84,$C$103:$W$103,C115)	0.85776492672294224
C135	CUBIC($C$84:$W$84,$C$104:$W$104,C115)	0.93673619068555969
C136	CUBIC($C$84:$W$84,$C$105:$W$105,C115)	1.0010930174716755
C137	CUBIC($C$84:$W$84,$C$106:$W$106,C115)	1.058531146599049
C138	CUBIC($C$84:$W$84,$C$107:$W$107,C115)	1.1077937191147369
C139	CUBIC($C$84:$W$84,$C$108:$W$108,C115)	1.142052531923293
C14	'Basis Hull'!C15	0
C140	CUBIC($C$84:$W$84,$C$109:$W$109,C115)	1.1654054054054053
C141		
C142		
C143		21
C144		0
C145		0
C146	h/12*(5*C116+8*C117-C118)	3.1408436641056098E-6
C147	h/3*(C116+4*C117+C118)	7.9407133139947991E-6
C148	C146+h/3*(C117+4*C118+C119)	5.845011815891432E-6
C149	C147+h/3*(C118+4*C119+C120)	-1.0208845956206713E-5
C15	'Basis Hull'!C16	0
C150	C148+h/3*(C119+4*C120+C121)	-1.3862539259987458E-5
C151	C149+h/3*(C120+4*C121+C122)	2.9164346366146167E-5
C152	C150+h/3*(C121+4*C122+C123)	7.7191003739718035E-5
C153	C151+h/3*(C122+4*C123+C124)	-1.8523887560849685E-5
C154	C152+h/3*(C123+4*C124+C125)	-2.4544866751655039E-4
C155	C153+h/3*(C124+4*C125+C126)	-1.1644683922433251E-4
C156	C154+h/3*(C125+4*C126+C127)	6.8439060465450496E-4
C157	C155+h/3*(C126+4*C127+C128)	8.8642941551121939E-4
C158	C156+h/3*(C127+4*C128+C129)	-1.1459740771341638E-3
C159	C157+h/3*(C128+4*C129+C130)	-1.746935636281683E-3
C16	'Basis Hull'!C17	0
C160	C158+h/3*(C129+4*C130+C131)	9.879743686258477E-3
C161	C159+h/3*(C130+4*C131+C132)	4.0899196487794214E-2
C162	C160+h/3*(C131+4*C132+C133)	8.7929215789450857E-2
C163	C161+h/3*(C132+4*C133+C134)	0.14657909305608718
C164	C162+h/3*(C133+4*C134+C135)	0.21197843956176751
C165	C163+h/3*(C134+4*C135+C136)	0.28283124218302469
C166	C164+h/3*(C135+4*C136+C137)	0.35780300848607016
C167	C165+h/3*(C136+4*C137+C138)	0.43700165628329646
C168	C166+h/3*(C137+4*C138+C139)	0.51899158447519866
C169	C167+h/3*(C138+4*C139+C140)	0.603285908941259
C17	'Basis Hull'!C18	0
C170		
C171		21
C172		0
C173		0
C174	h^2/24*(3*C116+10*C117-C118)	1.4565762833391129E-7
C175	h/3*($B116*C116+4*$B117*C117+$B118*C118)	6.5965744234326709E-7
C176	C174+h/3*($B117*C117+4*$B118*C118+$B119*C119)	1.6542440077198785E-7
C177	C175+h/3*($B118*C118+4*$B119*C119+$B120*C120)	-3.7952571216860167E-6
C178	C176+h/3*($B119*C119+4*$B120*C120+$B121*C121)	-4.9034142123217368E-6
C179	C177+h/3*($B120*C120+4*$B121*C121+$B122*C122)	1.2521829886984461E-5
C18	'Basis Hull'!C19	0.03
C180	C178+h/3*($B121*C121+4*$B122*C122+$B123*C123)	3.4480534277772545E-5
C181	C179+h/3*($B122*C122+4*$B123*C123+$B124*C124)	-1.8321639529306488E-5
C182	C180+h/3*($B123*C123+4*$B124*C124+$B125*C125)	-1.5742869419139131E-4
C183	C181+h/3*($B124*C124+4*$B125*C125+$B126*C126)	-6.49329104320033E-5
C184	C182+h/3*($B125*C125+4*$B126*C126+$B127*C127)	5.4500578712206424E-4
C185	C183+h/3*($B126*C126+4*$B127*C127+$B128*C128)	7.043666468056918E-4
C186	C184+h/3*($B127*C127+4*$B128*C128+$B129*C129)	-1.1418917714488641E-3
C187	C185+h/3*($B128*C128+4*$B129*C129+$B130*C130)	-1.6805819503692119E-3
C188	C186+h/3*($B129*C129+4*$B130*C130+$B131*C131)	1.0691231486299631E-2
C189	C187+h/3*($B130*C130+4*$B131*C131+$B132*C132)	4.5843180874101414E-2
C19	'Basis Hull'!C20	0.56999999999999995
C190	C188+h/3*($B131*C131+4*$B132*C132+$B133*C133)	0.10254017139796551
C191	C189+h/3*($B132*C132+4*$B133*C133+$B134*C134)	0.17739398567374376
C192	C190+h/3*($B133*C133+4*$B134*C134+$B135*C135)	0.26571063831961328
C193	C191+h/3*($B134*C134+4*$B135*C135+$B136*C136)	0.36641400146529834
C194	C192+h/3*($B135*C135+4*$B136*C136+$B137*C137)	0.47858732277663169
C195	C193+h/3*($B136*C136+4*$B137*C137+$B138*C138)	0.60267655158572708
C196	C194+h/3*($B137*C137+4*$B138*C138+$B139*C139)	0.73730868671437466
C197	C195+h/3*($B138*C138+4*$B139*C139+$B140*C140)	0.88165120435889865
C198		
C199		
C20	'Basis Hull'!C21	1.0149999999999999
C200		21
C201		0
C202		0
C203	C116/2*(C116*h)+(C116+(C117-C116)/3)*((h*(C117-C116))/2)	6.0059660499801288E-11
C204	h/6*(C116^2+4*C117^2+C118^2)	2.654031423101096E-10
C205	C203+h/6*(C117^2+4*C118^2+C119^2)	4.6259708792996935E-10
C206	C204+h/6*(C118^2+4*C119^2+C120^2)	1.889507643203502E-9
C207	C205+h/6*(C119^2+4*C120^2+C121^2)	3.9437887074873131E-9
C208	C206+h/6*(C120^2+4*C121^2+C122^2)	1.4766538200410898E-8
C209	C207+h/6*(C121^2+4*C122^2+C123^2)	4.2236353388635708E-8
C21	'Basis Hull'!C22	1.23
C210	C208+h/6*(C122^2+4*C123^2+C124^2)	1.1875646848538349E-7
C211	C209+h/6*(C123^2+4*C124^2+C125^2)	4.7428979273926223E-7
C212	C210+h/6*(C124^2+4*C125^2+C126^2)	1.0528174775642867E-6
C213	C211+h/6*(C125^2+4*C126^2+C127^2)	4.6847166204141864E-6
C214	C212+h/6*(C126^2+4*C127^2+C128^2)	1.0248388750764133E-5
C215	C213+h/6*(C127^2+4*C128^2+C129^2)	3.0257535805456886E-5
C216	C214+h/6*(C128^2+4*C129^2+C130^2)	1.073902469446339E-4
C217	C215+h/6*(C129^2+4*C130^2+C131^2)	1.1871991808073237E-3
C218	C216+h/6*(C130^2+4*C131^2+C132^2)	7.8407664466717854E-3
C219	C217+h/6*(C131^2+4*C132^2+C133^2)	2.3302606272741853E-2
C22	'Basis Hull'!C23	1.37
C220	C218+h/6*(C132^2+4*C133^2+C134^2)	4.6739404625950706E-2
C221	C219+h/6*(C133^2+4*C134^2+C135^2)	7.6314606977262583E-2
C222	C220+h/6*(C134^2+4*C135^2+C136^2)	0.11051531893211133
C223	C221+h/6*(C135^2+4*C136^2+C137^2)	0.14931284063087019
C224	C222+h/6*(C136^2+4*C137^2+C138^2)	0.1920768264827234
C225	C223+h/6*(C137^2+4*C138^2+C139^2)	0.23843645016738166
C226	C224+h/6*(C138^2+4*C139^2+C140^2)	0.28689902853174198
C227		
C228		
C229		21
C23	'Basis Hull'!C24	1.48
C230		0
C231	C116	0
C232	C231+IF(AND(C116=0,C117=0),0,SQRT((C117-C116)^2+($B117-$B116)^2))	7.2916700555015812E-2
C233		0.14583337143740505
C234		0.21875027677960748
C235		0.29166699525560325
C236		0.3645851776554519
C237		0.43750462711222682
C238		0.51042675046631369
C239		0.5833962778097993
C24	'Basis Hull'!C25	1.54
C240		0.65631618759469246
C241		0.72981994501557002
C242		0.80287601866397751
C243		0.87973860663524195
C244		0.95645211289554699
C245		1.0696726202313345
C246		1.3198846437615679
C247		1.5869642588031403
C248		1.7900181565165341
C249		1.9319944827005486
C25	'Basis Hull'!C26	0
C250		2.0394807646607651
C251		2.1367363117095368
C252		2.2295586094371336
C253		2.3175565715080886
C254		2.3981202514937339
C255		2.4746852368176357
C256		
C257		
C258		
C259		1
C26	'Basis Hull'!C27	0
C260		21
C261		0
C262	Interpolate($B$116:$B$140,C116:C140,$F$257)	-1.4640228271446827E-2
C263	Interpolate($B$145:$B$169,C145:C169,$F$257)	-1.5623603952037821E-3
C264	Interpolate($B$173:$B$197,C173:C197,$F$257)	-1.5180800951291008E-3
C265	Interpolate($B$202:$B$226,C202:C226,$F$257)	5.4664841513354392E-5
C266	Interpolate($B$231:$B$255,C231:C255,$F$257)	0.99798618491763613
C267	C261-$C$279	-8.0212437317644838
C268	2*$F$258/3*SUMPRODUCT(C$259:W$259,C263:W263)	22.770987511832541
C269	2*$F$258/3*SUMPRODUCT(C$259:W$259,C264:W264)	14.97485653966859
C27	'Basis Hull'!C28	0
C270	2/3*F258/3*SUMPRODUCT(C259:W259,C262:W262,C262:W262,C262:W262)	30.623885996537815
C271	2*$F$258/3*SUMPRODUCT(C$259:AQ$259,C263:AQ263,C261:AQ261)	189.30137869394181
C272	2*$F$258/3*SUMPRODUCT(C$259:W$259,C262:W262)	42.672513270600312
C273	C271/C268	8.3132704980657817
C274	C269/C268	0.65762877134279618
C275	C270/C268	1.3448642040941199
C276	2*MAX(C263:W263)	1.9973889308983162
C277	2*F258/3*SUMPRODUCT(C259:AQ259,C267:AQ267,C267:AQ267,C262:AQ262)	692.82308561235357
C278	C277/C268	30.425693451034583
C279	2*$F$258/3*SUMPRODUCT(C$259:W$259,C262:W262,C261:W261)/C272	8.0212437317644838
C28	'Basis Hull'!C29	0
C280	2*$F$258/3*SUMPRODUCT(C$259:W$259,C266:W266)*Transform!Q45	59.203460279289025
C281	C272/(Input!C55*Input!C56)	0.76826725571965326
C282		
C284		
C285		
C286		1
C287		21
C288		0
C289	Interpolate($B$116:$B$140,C116:C140,$F$284)	1.2498901233240394E-2
C29	'Basis Hull'!C30	0
C290	Interpolate($B$145:$B$169,C145:C169,$F$284)	2.8358836233101424E-4
C291	Interpolate($B$173:$B$197,C173:C197,$F$284)	2.3908161607752275E-4
C292	Interpolate($B$202:$B$226,C202:C226,$F$284)	2.3052848590049581E-6
C293	Interpolate($B$231:$B$255,C231:C255,$F$284)	0.75925021285607086
C294	C288-$C$307	-8.3014744274718648
C295	2*$F$285/3*SUMPRODUCT(C$286:W$286,C290:W290)	14.057647992266082
C296	C295+C308*P6	14.057647992266082
C297	2*$F$285/3*SUMPRODUCT(C$286:W$286,C291:W291)	7.3819027409817561
C298	2/3*F285/3*SUMPRODUCT(C286:W286,C289:W289,C289:W289,C289:W289)	21.809580516391716
C299	2*$F$285/3*SUMPRODUCT(C$259:AQ$259,C290:AQ290,C288:AQ288)	118.15084198935988
C30	'Basis Hull'!C31	0
C300	2*$F$285/3*SUMPRODUCT(C$286:W$286,C289:W289)	36.704258358159464
C301	C299/C295	8.4047375531355897
C302	C297/C295	0.52511648783942833
C303	C298/C295	1.5514387988936995
C304	2*MAX(C290:W290)	1.3178608460777461
C305	2*F285/3*SUMPRODUCT(C259:AQ259,C294:AQ294,C267:AQ267,C289:AQ289)	535.37678150408624
C306	C305/C295	38.084378112087293
C307	2*$F$285/3*SUMPRODUCT(C$286:W$286,C289:W289,C288:W288)/C300	8.3014744274718648
C308	2*$F$285/3*SUMPRODUCT(C$286:W$286,C293:W293)*Q45	49.220438346116993
C309	C300/(Input!C55*Input!C56)	0.66081600732610468
C31	'Basis Hull'!C32	0
C313	D	1.75
C314	2*$F$285/3*SUMPRODUCT(C$315:W$315,C319:W319)*Q45	87.391140869362403
C315		1
C316		1
C317		21
C318	C288	0
C319	Interpolate($B$231:$B$255,C231:C255,$C$313)	2.4746852368176357
C32	'Basis Hull'!C33	0
C33	'Basis Hull'!C34	0
C34	'Basis Hull'!C35	0
C35	'Basis Hull'!C36	0
C36	'Basis Hull'!C37	0
C37	'Basis Hull'!C38	0
C38	'Basis Hull'!C39	0
C39		27
C48	($T$45*($E$4/2-C10)/($E$4/2)*(1-($E$4/2-C10)/($E$4/2)))/($O$2*(1-2*$O$3))	0
C49	C9	21
C50		0
C51		Y
C52	C12*$E$45/$E$5	0
C53		0
C54		0
C55		0
C56		0
C57		0
C58		2.27027027027027E-2
C59		0.43135135135135128
C60		0.76810810810810792
C61		0.93081081081081074
C62		1.0367567567567566
C63		1.1199999999999999
C64		1.1654054054054053
C65		0
C66		0
C67		0
C68		0
C69		0
C70		0
C71		0
C72		0
C73		0
C74		0
C75		0
C76		0
C77		0
C78		0
C79	COUNTA(C52:C78)	27
C8		
C83		21
C84	C50	0
C85	IF(Transform!C$50="",0,CUBIC(Transform!B$52:B$78,Transform!C$52:C$78,B85))	0
C86	IF(Transform!C$50="",0,CUBIC(Transform!B$52:B$78,Transform!C$52:C$78,B86))	7.029973018428768E-5
C87	IF(Transform!C$50="",0,CUBIC(Transform!B$52:B$78,Transform!C$52:C$78,B87))	4.5504712752921032E-5
C88	IF(Transform!C$50="",0,CUBIC(Transform!B$52:B$78,Transform!C$52:C$78,B88))	-1.4106137723678369E-4
C89	IF(Transform!C$50="",0,CUBIC(Transform!B$52:B$78,Transform!C$52:C$78,B89))	-2.2798392806550562E-4
C9		21
C90	IF(Transform!C$50="",0,CUBIC(Transform!B$52:B$78,Transform!C$52:C$78,B90))	2.4217213094836044E-4
C91	IF(Transform!C$50="",0,CUBIC(Transform!B$52:B$78,Transform!C$52:C$78,B91))	8.7922103124886799E-4
C92	IF(Transform!C$50="",0,CUBIC(Transform!B$52:B$78,Transform!C$52:C$78,B92))	-1.2853343955949198E-5
C93	IF(Transform!C$50="",0,CUBIC(Transform!B$52:B$78,Transform!C$52:C$78,B93))	-2.7898378512786147E-3
C94	IF(Transform!C$50="",0,CUBIC(Transform!B$52:B$78,Transform!C$52:C$78,B94))	-2.1021131540446339E-3
C95	IF(Transform!C$50="",0,CUBIC(Transform!B$52:B$78,Transform!C$52:C$78,B95))	7.1694604561595718E-3
C96	IF(Transform!C$50="",0,CUBIC(Transform!B$52:B$78,Transform!C$52:C$78,B96))	1.1680515670158336E-2
C97	IF(Transform!C$50="",0,CUBIC(Transform!B$52:B$78,Transform!C$52:C$78,B97))	-1.2630328656244501E-2
C98	IF(Transform!C$50="",0,CUBIC(Transform!B$52:B$78,Transform!C$52:C$78,B98))	-3.6465633667342699E-2
C99	IF(Transform!C$50="",0,CUBIC(Transform!B$52:B$78,Transform!C$52:C$78,B99))	5.0148701194707324E-2
CA12		
CA13		
CA14		
CA15		
CA16		
CA17		
CA18		
CA19		
CA20		
CA21		
CA22		
CA23		
CA24		
CA25		
CA26		
CA27		
CA28		
CA29		
CA30		
CA31		
CA32		
CA33		
CA34		
CA35		
CA36		
CA37		
CA38		
CA39		
CB12		
CB13		
CB14		
CB15		
CB16		
CB17		
CB18		
CB19		
CB20		
CB21		
CB22		
CB23		
CB24		
CB25		
CB26		
CB27		
CB28		
CB29		
CB30		
CB31		
CB32		
CB33		
CB34		
CB35		
CB36		
CB37		
CB38		
CB39		
CC12		
CC13		
CC14		
CC15		
CC16		
CC17		
CC18		
CC19		
CC20		
CC21		
CC22		
CC23		
CC24		
CC25		
CC26		
CC27		
CC28		
CC29		
CC30		
CC31		
CC32		
CC33		
CC34		
CC35		
CC36		
CC37		
CC38		
CC39		
CD12		
CD13		
CD14		
CD15		
CD16		
CD17		
CD18		
CD19		
CD20		
CD21		
CD22		
CD23		
CD24		
CD25		
CD26		
CD27		
CD28		
CD29		
CD30		
CD31		
CD32		
CD33		
CD34		
CD35		
CD36		
CD37		
CD38		
CD39		
CE12		
CE13		
CE14		
CE15		
CE16		
CE17		
CE18		
CE19		
CE20		
CE21		
CE22		
CE23		
CE24		
CE25		
CE26		
CE27		
CE28		
CE29		
CE30		
CE31		
CE32		
CE33		
CE34		
CE35		
CE36		
CE37		
CE38		
CE39		
CF12		
CF13		
CF14		
CF15		
CF16		
CF17		
CF18		
CF19		
CF20		
CF21		
CF22		
CF23		
CF24		
CF25		
CF26		
CF27		
CF28		
CF29		
CF30		
CF31		
CF32		
CF33		
CF34		
CF35		
CF36		
CF37		
CF38		
CF39		
CG12		
CG13		
CG14		
CG15		
CG16		
CG17		
CG18		
CG19		
CG20		
CG21		
CG22		
CG23		
CG24		
CG25		
CG26		
CG27		
CG28		
CG29		
CG30		
CG31		
CG32		
CG33		
CG34		
CG35		
CG36		
CG37		
CG38		
CG39		
CH12		
CH13		
CH14		
CH15		
CH16		
CH17		
CH18		
CH19		
CH20		
CH21		
CH22		
CH23		
CH24		
CH25		
CH26		
CH27		
CH28		
CH29		
CH30		
CH31		
CH32		
CH33		
CH34		
CH35		
CH36		
CH37		
CH38		
CH39		
CI12		
CI13		
CI14		
CI15		
CI16		
CI17		
CI18		
CI19		
CI20		
CI21		
CI22		
CI23		
CI24		
CI25		
CI26		
CI27		
CI28		
CI29		
CI30		
CI31		
CI32		
CI33		
CI34		
CI35		
CI36		
CI37		
CI38		
CI39		
CJ12		
CJ13		
CJ14		
CJ15		
CJ16		
CJ17		
CJ18		
CJ19		
CJ20		
CJ21		
CJ22		
CJ23		
CJ24		
CJ25		
CJ26		
CJ27		
CJ28		
CJ29		
CJ30		
CJ31		
CJ32		
CJ33		
CJ34		
CJ35		
CJ36		
CJ37		
CJ38		
CJ39		
CK12		
CK13		
CK14		
CK15		
CK16		
CK17		
CK18		
CK19		
CK20		
CK21		
CK22		
CK23		
CK24		
CK25		
CK26		
CK27		
CK28		
CK29		
CK30		
CK31		
CK32		
CK33		
CK34		
CK35		
CK36		
CK37		
CK38		
CK39		
CL12		
CL13		
CL14		
CL15		
CL16		
CL17		
CL18		
CL19		
CL20		
CL21		
CL22		
CL23		
CL24		
CL25		
CL26		
CL27		
CL28		
CL29		
CL30		
CL31		
CL32		
CL33		
CL34		
CL35		
CL36		
CL37		
CL38		
CL39		
CM12		
CM13		
CM14		
CM15		
CM16		
CM17		
CM18		
CM19		
CM20		
CM21		
CM22		
CM23		
CM24		
CM25		
CM26		
CM27		
CM28		
CM29		
CM30		
CM31		
CM32		
CM33		
CM34		
CM35		
CM36		
CM37		
CM38		
CM39		
CN12		
CN13		
CN14		
CN15		
CN16		
CN17		
CN18		
CN19		
CN20		
CN21		
CN22		
CN23		
CN24		
CN25		
CN26		
CN27		
CN28		
CN29		
CN30		
CN31		
CN32		
CN33		
CN34		
CN35		
CN36		
CN37		
CN38		
CN39		
CO12		
CO13		
CO14		
CO15		
CO16		
CO17		
CO18		
CO19		
CO20		
CO21		
CO22		
CO23		
CO24		
CO25		
CO26		
CO27		
CO28		
CO29		
CO30		
CO31		
CO32		
CO33		
CO34		
CO35		
CO36		
CO37		
CO38		
CO39		
CP12		
CP13		
CP14		
CP15		
CP16		
CP17		
CP18		
CP19		
CP20		
CP21		
CP22		
CP23		
CP24		
CP25		
CP26		
CP27		
CP28		
CP29		
CP30		
CP31		
CP32		
CP33		
CP34		
CP35		
CP36		
CP37		
CP38		
CP39		
CQ12		
CQ13		
CQ14		
CQ15		
CQ16		
CQ17		
CQ18		
CQ19		
CQ20		
CQ21		
CQ22		
CQ23		
CQ24		
CQ25		
CQ26		
CQ27		
CQ28		
CQ29		
CQ30		
CQ31		
CQ32		
CQ33		
CQ34		
CQ35		
CQ36		
CQ37		
CQ38		
CQ39		
CR12		
CR13		
CR14		
CR15		
CR16		
CR17		
CR18		
CR19		
CR20		
CR21		
CR22		
CR23		
CR24		
CR25		
CR26		
CR27		
CR28		
CR29		
CR30		
CR31		
CR32		
CR33		
CR34		
CR35		
CR36		
CR37		
CR38		
CR39		
CS12		
CS13		
CS14		
CS15		
CS16		
CS17		
CS18		
CS19		
CS20		
CS21		
CS22		
CS23		
CS24		
CS25		
CS26		
CS27		
CS28		
CS29		
CS30		
CS31		
CS32		
CS33		
CS34		
CS35		
CS36		
CS37		
CS38		
CS39		
CT12		
CT13		
CT14		
CT15		
CT16		
CT17		
CT18		
CT19		
CT20		
CT21		
CT22		
CT23		
CT24		
CT25		
CT26		
CT27		
CT28		
CT29		
CT30		
CT31		
CT32		
CT33		
CT34		
CT35		
CT36		
CT37		
CT38		
CT39		
CU12		
CU13		
CU14		
CU15		
CU16		
CU17		
CU18		
CU19		
CU20		
CU21		
CU22		
CU23		
CU24		
CU25		
CU26		
CU27		
CU28		
CU29		
CU30		
CU31		
CU32		
CU33		
CU34		
CU35		
CU36		
CU37		
CU38		
CU39		
CV12		
CV13		
CV14		
CV15		
CV16		
CV17		
CV18		
CV19		
CV20		
CV21		
CV22		
CV23		
CV24		
CV25		
CV26		
CV27		
CV28		
CV29		
CV30		
CV31		
CV32		
CV33		
CV34		
CV35		
CV36		
CV37		
CV38		
CV39		
CW12		
CW13		
CW14		
CW15		
CW16		
CW17		
CW18		
CW19		
CW20		
CW21		
CW22		
CW23		
CW24		
CW25		
CW26		
CW27		
CW28		
CW29		
CW30		
CW31		
CW32		
CW33		
CW34		
CW35		
CW36		
CW37		
CW38		
CW39		
CX12		
CX13		
CX14		
CX15		
CX16		
CX17		
CX18		
CX19		
CX20		
CX21		
CX22		
CX23		
CX24		
CX25		
CX26		
CX27		
CX28		
CX29		
CX30		
CX31		
CX32		
CX33		
CX34		
CX35		
CX36		
CX37		
CX38		
CX39		
CY12		
CY13		
CY14		
CY15		
CY16		
CY17		
CY18		
CY19		
CY20		
CY21		
CY22		
CY23		
CY24		
CY25		
CY26		
CY27		
CY28		
CY29		
CY30		
CY31		
CY32		
CY33		
CY34		
CY35		
CY36		
CY37		
CY38		
CY39		
CZ12		
CZ13		
CZ14		
CZ15		
CZ16		
CZ17		
CZ18		
CZ19		
CZ20		
CZ21		
CZ22		
CZ23		
CZ24		
CZ25		
CZ26		
CZ27		
CZ28		
CZ29		
CZ30		
CZ31		
CZ32		
CZ33		
CZ34		
CZ35		
CZ36		
CZ37		
CZ38		
CZ39		
D10		X  =
D100	IF(Transform!E$50="",0,CUBIC(Transform!$D$52:$D$78,Transform!$E$52:$E$78,$B100))	0.96408870766079746
D101	IF(Transform!E$50="",0,CUBIC(Transform!$D$52:$D$78,Transform!$E$52:$E$78,$B101))	1.0759412881473815
D102	IF(Transform!E$50="",0,CUBIC(Transform!$D$52:$D$78,Transform!$E$52:$E$78,$B102))	1.1662712546744376
D103	IF(Transform!E$50="",0,CUBIC(Transform!$D$52:$D$78,Transform!$E$52:$E$78,$B103))	1.2449924192510871
D104	IF(Transform!E$50="",0,CUBIC(Transform!$D$52:$D$78,Transform!$E$52:$E$78,$B104))	1.3012697249408849
D105	IF(Transform!E$50="",0,CUBIC(Transform!$D$52:$D$78,Transform!$E$52:$E$78,$B105))	1.341500680294097
D106	IF(Transform!E$50="",0,CUBIC(Transform!$D$52:$D$78,Transform!$E$52:$E$78,$B106))	1.3797756117111593
D107	IF(Transform!E$50="",0,CUBIC(Transform!$D$52:$D$78,Transform!$E$52:$E$78,$B107))	1.4137161320234708
D108	IF(Transform!E$50="",0,CUBIC(Transform!$D$52:$D$78,Transform!$E$52:$E$78,$B108))	1.4368122846494422
D109	IF(Transform!E$50="",0,CUBIC(Transform!$D$52:$D$78,Transform!$E$52:$E$78,$B109))	1.4529729729729728
D11		Z
D110		
D114	C114-1	20
D115	C115+$W$115/20	0.86
D116		-2.3293446324389832E-19
D117	CUBIC($C$84:$W$84,$C$86:$W$86,D115)	3.1061674659347622E-4
D118	CUBIC($C$84:$W$84,$C$87:$W$87,D115)	5.8324348922286002E-5
D119	CUBIC($C$84:$W$84,$C$88:$W$88,D115)	-8.873256491634127E-4
D12	'Basis Hull'!D13	0
D120	CUBIC($C$84:$W$84,$C$89:$W$89,D115)	-4.8061538914967369E-4
D121	CUBIC($C$84:$W$84,$C$90:$W$90,D115)	2.9130516895191352E-3
D122	CUBIC($C$84:$W$84,$C$91:$W$91,D115)	2.8706344946735829E-3
D123	CUBIC($C$84:$W$84,$C$92:$W$92,D115)	-8.6793371289104783E-3
D124	CUBIC($C$84:$W$84,$C$93:$W$93,D115)	-1.402516710642302E-2
D125	CUBIC($C$84:$W$84,$C$94:$W$94,D115)	2.2190685555769828E-2
D126	CUBIC($C$84:$W$84,$C$95:$W$95,D115)	0.11437295508818891
D127	CUBIC($C$84:$W$84,$C$96:$W$96,D115)	0.25039409936511581
D128	CUBIC($C$84:$W$84,$C$97:$W$97,D115)	0.41764632232671378
D129	CUBIC($C$84:$W$84,$C$98:$W$98,D115)	0.60651139632638207
D13	'Basis Hull'!D14	0.19999999999999998
D130	CUBIC($C$84:$W$84,$C$99:$W$99,D115)	0.80169856586350541
D131	CUBIC($C$84:$W$84,$C$100:$W$100,D115)	0.96408870766079757
D132	CUBIC($C$84:$W$84,$C$101:$W$101,D115)	1.0759412881473818
D133	CUBIC($C$84:$W$84,$C$102:$W$102,D115)	1.1662712546744378
D134	CUBIC($C$84:$W$84,$C$103:$W$103,D115)	1.2449924192510873
D135	CUBIC($C$84:$W$84,$C$104:$W$104,D115)	1.3012697249408851
D136	CUBIC($C$84:$W$84,$C$105:$W$105,D115)	1.3415006802940972
D137	CUBIC($C$84:$W$84,$C$106:$W$106,D115)	1.3797756117111595
D138	CUBIC($C$84:$W$84,$C$107:$W$107,D115)	1.413716132023471
D139	CUBIC($C$84:$W$84,$C$108:$W$108,D115)	1.4368122846494424
D14	'Basis Hull'!D15	0.39999999999999997
D140	CUBIC($C$84:$W$84,$C$109:$W$109,D115)	1.452972972972973
D141		
D142		
D143		20
D144	C144+$W$115/20	0.86
D145		0
D146	h/12*(5*D116+8*D117-D118)	1.4745023755884252E-5
D147	h/3*(D116+4*D117+D118)	3.1616456066226861E-5
D148		6.3982162969761003E-6
D149		-6.4915333719076175E-5
D15	'Basis Hull'!D16	0.6
D150		8.9081169438483074E-6
D151		2.7638876713232367E-4
D152		1.4784481060746264E-4
D153		-8.3855278804732727E-4
D154		-8.8731227269749958E-4
D155		3.7578837099871048E-3
D156		1.6857605216592391E-2
D157		4.103277858543003E-2
D158		7.8289672907524588E-2
D159		0.12963601926067389
D16	'Basis Hull'!D17	0.79999999999999993
D160		0.19440689711616488
D161		0.26900394562379382
D162		0.35079188254836402
D163		0.43880301188307691
D164		0.53180776656342554
D165		0.62818149797738621
D166		0.72739574019120001
D167		0.82929342441535647
D168		0.9332990977300244
D169		1.0386599789471602
D17	'Basis Hull'!D18	0.99999999999999989
D170		
D171		20
D172	C172+$W$115/20	0.86
D173		0
D174	h^2/24*(3*D116+10*D117-D118)	6.7520396020332081E-7
D175	h/3*($B116*D116+4*$B117*D117+$B118*D118)	2.4087336706707674E-6
D176		-2.665128254293396E-6
D177		-1.966274751375627E-5
D178		4.8022592027314246E-6
D179		1.1071039270938646E-4
D18	'Basis Hull'!D19	1.2
D180		4.5042102752066912E-5
D181		-4.8831845223957799E-4
D182		-5.0408920251388705E-4
D183		2.7556504354872995E-3
D184		1.2839353500782634E-2
D185		3.3190707718202504E-2
D186		6.7223552326380637E-2
D187		0.11785984442067984
D188		0.18639361252314168
D189		0.27077954879758437
D19	'Basis Hull'!D20	1.4
D190		0.36920108629718257
D191		0.48155924730243949
D192		0.60702368916833438
D193		0.74409839791541432
D194		0.89239528512911304
D195		1.0521790212810338
D196		1.22279967280764
D197		1.4033737545614593
D198		
D199		
D20	'Basis Hull'!D21	1.5999999999999999
D200		20
D201	C201+$W$115/20	0.86
D202		0
D203	D116/2*(D116*h)+(D116+(D117-D116)/3)*((h*(D117-D116))/2)	1.1725335813371705E-9
D204	h/6*(D116^2+4*D117^2+D118^2)	4.7314747901758731E-9
D205		1.2078879809557576E-8
D206		4.5853802547683706E-8
D207		1.3600296129977409E-7
D208		5.6131404380249197E-7
D209		1.5551913801503575E-6
D21	'Basis Hull'!D22	1.7999999999999998
D210		6.7138938828296661E-6
D211		1.8017084913471325E-5
D212		1.920143971605332E-4
D213		1.4218369818111353E-3
D214		5.5185579800992989E-3
D215		1.5133416092191928E-2
D216		3.3331081167408655E-2
D217		6.2142857593932802E-2
D218		0.10039300605808367
D219		0.14624317024177932
D22	'Basis Hull'!D23	1.9999999999999998
D220		0.19941882613129081
D221		0.25869909424783522
D222		0.32243947285332508
D223		0.38989537820004205
D224		0.4611432616086234
D225		0.53527399697497691
D226		0.61144203503202732
D227		
D228		
D229		20
D23	'Basis Hull'!D24	2.1999999999999997
D230	C230+$W$115/20	0.86
D231	D116	-2.3293446324389832E-19
D232	D231+IF(AND(D116=0,D117=0),0,SQRT((D117-D116)^2+($B117-$B116)^2))	7.291732825975622E-2
D233		0.14583443139222921
D234		0.21875722982794926
D235		0.29167503074798101
D236		0.3646706282454919
D237		0.43758730724965528
D238		0.51141306239163375
D239		0.58452542916994465
D24	'Basis Hull'!D25	2.4
D240		0.66594058907169407
D241		0.78347531200039011
D242		0.93780804335761825
D243		1.1202639184709557
D244		1.3227160275107925
D245		1.5310783835871518
D246		1.7090879294848997
D247		1.8426088643201741
D248		1.9586965171113164
D249		2.0659991826424284
D25	'Basis Hull'!D26	0
D250		2.1581076806948922
D251		2.2413865498419328
D252		2.3237382993847238
D253		2.4041671449368529
D254		2.4806542192952041
D255		2.5553402830880434
D256		
D257		
D258		
D259		4
D26	'Basis Hull'!D27	0
D260		20
D261	C261+$W$115/20	0.86
D262		0.68493945852309979
D263		9.7423063814927935E-2
D264		8.5765789098720568E-2
D265		2.1481767610615252E-2
D266		1.4065391015414841
D267	D261-$C$279	-7.1612437317644835
D268		m3
D269		
D27	'Basis Hull'!D28	0
D270		
D271		
D272		
D273		
D274		
D275		
D276		m2
D277		
D278		
D279		
D28	'Basis Hull'!D29	0
D280		m2
D281		
D282		
D284		
D285		
D286		4
D287		20
D288	C288+$W$115/20	0.86
D289		0.16625005644986315
D29	'Basis Hull'!D30	0
D290		7.7788237527724579E-3
D291		5.6402489590891948E-3
D292		3.4865837397495231E-4
D293	Interpolate($B$231:$B$255,D231:D255,$F$284)	0.84322013225185799
D294		-7.4414744274718645
D295		m3
D296		m3
D297		
D298		
D299		
D30	'Basis Hull'!D31	0
D300		
D301		
D302		
D303		
D304		m2
D305		
D306		
D307		
D308		m2
D309		
D31	'Basis Hull'!D32	0
D314		m2
D315		4
D316		4
D317		20
D318	D288	0.86
D319	Interpolate($B$231:$B$255,D231:D255,$C$313)	2.5553402830880434
D32	'Basis Hull'!D33	0
D33	'Basis Hull'!D34	0
D34	'Basis Hull'!D35	0
D35	'Basis Hull'!D36	0
D36	'Basis Hull'!D37	0
D37	'Basis Hull'!D38	0
D38	'Basis Hull'!D39	0
D39		27
D48		
D49		Number:
D50		X  =
D51		Z
D52	D12	0
D53	IF(D13<$I$4,D13*$I$43/$I$4,$I$43+(D13-$I$4)*($E$46-$I$43)/($E$6-$I$4))-Input!$B$14*D13/$E$6*(1-D13/$E$6)*E$10/$E$4*(1-E$10/$E$4)	0.151393633722744
D54	IF(D14<$I$4,D14*$I$43/$I$4,$I$43+(D14-$I$4)*($E$46-$I$43)/($E$6-$I$4))-Input!$B$14*D14/$E$6*(1-D14/$E$6)*E$10/$E$4*(1-E$10/$E$4)	0.30617024313226182
D55	IF(D15<$I$4,D15*$I$43/$I$4,$I$43+(D15-$I$4)*($E$46-$I$43)/($E$6-$I$4))-Input!$B$14*D15/$E$6*(1-D15/$E$6)*E$10/$E$4*(1-E$10/$E$4)	0.46432982822855351
D56	IF(D16<$I$4,D16*$I$43/$I$4,$I$43+(D16-$I$4)*($E$46-$I$43)/($E$6-$I$4))-Input!$B$14*D16/$E$6*(1-D16/$E$6)*E$10/$E$4*(1-E$10/$E$4)	0.6258723890116189
D57	IF(D17<$I$4,D17*$I$43/$I$4,$I$43+(D17-$I$4)*($E$46-$I$43)/($E$6-$I$4))-Input!$B$14*D17/$E$6*(1-D17/$E$6)*E$10/$E$4*(1-E$10/$E$4)	0.79079792548145822
D58	IF(D18<$I$4,D18*$I$43/$I$4,$I$43+(D18-$I$4)*($E$46-$I$43)/($E$6-$I$4))-Input!$B$14*D18/$E$6*(1-D18/$E$6)*E$10/$E$4*(1-E$10/$E$4)	0.9475064376380713
D59	IF(D19<$I$4,D19*$I$43/$I$4,$I$43+(D19-$I$4)*($E$46-$I$43)/($E$6-$I$4))-Input!$B$14*D19/$E$6*(1-D19/$E$6)*E$10/$E$4*(1-E$10/$E$4)	1.0727979254814584
D60	IF(D20<$I$4,D20*$I$43/$I$4,$I$43+(D20-$I$4)*($E$46-$I$43)/($E$6-$I$4))-Input!$B$14*D20/$E$6*(1-D20/$E$6)*E$10/$E$4*(1-E$10/$E$4)	1.201472389011619
D61	IF(D21<$I$4,D21*$I$43/$I$4,$I$43+(D21-$I$4)*($E$46-$I$43)/($E$6-$I$4))-Input!$B$14*D21/$E$6*(1-D21/$E$6)*E$10/$E$4*(1-E$10/$E$4)	1.3335298282285535
D62	IF(D22<$I$4,D22*$I$43/$I$4,$I$43+(D22-$I$4)*($E$46-$I$43)/($E$6-$I$4))-Input!$B$14*D22/$E$6*(1-D22/$E$6)*E$10/$E$4*(1-E$10/$E$4)	1.4689702431322618
D63	IF(D23<$I$4,D23*$I$43/$I$4,$I$43+(D23-$I$4)*($E$46-$I$43)/($E$6-$I$4))-Input!$B$14*D23/$E$6*(1-D23/$E$6)*E$10/$E$4*(1-E$10/$E$4)	1.6077936337227439
D64	IF(D24<$I$4,D24*$I$43/$I$4,$I$43+(D24-$I$4)*($E$46-$I$43)/($E$6-$I$4))-Input!$B$14*D24/$E$6*(1-D24/$E$6)*E$10/$E$4*(1-E$10/$E$4)	1.75
D65	IF(D25<$I$4,D25*$I$43/$I$4,$I$43+(D25-$I$4)*($E$46-$I$43)/($E$6-$I$4))-Input!$B$14*D25/$E$6*(1-D25/$E$6)*E$10/$E$4*(1-E$10/$E$4)	0
D66	IF(D26<$I$4,D26*$I$43/$I$4,$I$43+(D26-$I$4)*($E$46-$I$43)/($E$6-$I$4))-Input!$B$14*D26/$E$6*(1-D26/$E$6)*E$10/$E$4*(1-E$10/$E$4)	0
D67	IF(D27<$I$4,D27*$I$43/$I$4,$I$43+(D27-$I$4)*($E$46-$I$43)/($E$6-$I$4))-Input!$B$14*D27/$E$6*(1-D27/$E$6)*E$10/$E$4*(1-E$10/$E$4)	0
D68	IF(D28<$I$4,D28*$I$43/$I$4,$I$43+(D28-$I$4)*($E$46-$I$43)/($E$6-$I$4))-Input!$B$14*D28/$E$6*(1-D28/$E$6)*E$10/$E$4*(1-E$10/$E$4)	0
D69	IF(D29<$I$4,D29*$I$43/$I$4,$I$43+(D29-$I$4)*($E$46-$I$43)/($E$6-$I$4))-Input!$B$14*D29/$E$6*(1-D29/$E$6)*E$10/$E$4*(1-E$10/$E$4)	0
D70	IF(D30<$I$4,D30*$I$43/$I$4,$I$43+(D30-$I$4)*($E$46-$I$43)/($E$6-$I$4))-Input!$B$14*D30/$E$6*(1-D30/$E$6)*E$10/$E$4*(1-E$10/$E$4)	0
D71	IF(D31<$I$4,D31*$I$43/$I$4,$I$43+(D31-$I$4)*($E$46-$I$43)/($E$6-$I$4))-Input!$B$14*D31/$E$6*(1-D31/$E$6)*E$10/$E$4*(1-E$10/$E$4)	0
D72	IF(D32<$I$4,D32*$I$43/$I$4,$I$43+(D32-$I$4)*($E$46-$I$43)/($E$6-$I$4))-Input!$B$14*D32/$E$6*(1-D32/$E$6)*E$10/$E$4*(1-E$10/$E$4)	0
D73	IF(D33<$I$4,D33*$I$43/$I$4,$I$43+(D33-$I$4)*($E$46-$I$43)/($E$6-$I$4))-Input!$B$14*D33/$E$6*(1-D33/$E$6)*E$10/$E$4*(1-E$10/$E$4)	0
D74	IF(D34<$I$4,D34*$I$43/$I$4,$I$43+(D34-$I$4)*($E$46-$I$43)/($E$6-$I$4))-Input!$B$14*D34/$E$6*(1-D34/$E$6)*E$10/$E$4*(1-E$10/$E$4)	0
D75	IF(D35<$I$4,D35*$I$43/$I$4,$I$43+(D35-$I$4)*($E$46-$I$43)/($E$6-$I$4))-Input!$B$14*D35/$E$6*(1-D35/$E$6)*E$10/$E$4*(1-E$10/$E$4)	0
D76	IF(D36<$I$4,D36*$I$43/$I$4,$I$43+(D36-$I$4)*($E$46-$I$43)/($E$6-$I$4))-Input!$B$14*D36/$E$6*(1-D36/$E$6)*E$10/$E$4*(1-E$10/$E$4)	0
D77	IF(D37<$I$4,D37*$I$43/$I$4,$I$43+(D37-$I$4)*($E$46-$I$43)/($E$6-$I$4))-Input!$B$14*D37/$E$6*(1-D37/$E$6)*E$10/$E$4*(1-E$10/$E$4)	0
D78	IF(D38<$I$4,D38*$I$43/$I$4,$I$43+(D38-$I$4)*($E$46-$I$43)/($E$6-$I$4))-Input!$B$14*D38/$E$6*(1-D38/$E$6)*E$10/$E$4*(1-E$10/$E$4)	0
D79		27
D8		
D83	C83-1	20
D84	E50	0.85999999999999976
D85	IF(Transform!E$50="",0,CUBIC(Transform!$D$52:$D$78,Transform!$E$52:$E$78,$B85))	0
D86	IF(Transform!E$50="",0,CUBIC(Transform!$D$52:$D$78,Transform!$E$52:$E$78,$B86))	3.1061674659347524E-4
D87	IF(Transform!E$50="",0,CUBIC(Transform!$D$52:$D$78,Transform!$E$52:$E$78,$B87))	5.8324348922285663E-5
D88	IF(Transform!E$50="",0,CUBIC(Transform!$D$52:$D$78,Transform!$E$52:$E$78,$B88))	-8.8732564916341064E-4
D89	IF(Transform!E$50="",0,CUBIC(Transform!$D$52:$D$78,Transform!$E$52:$E$78,$B89))	-4.8061538914966957E-4
D9		Number:
D90	IF(Transform!E$50="",0,CUBIC(Transform!$D$52:$D$78,Transform!$E$52:$E$78,$B90))	2.9130516895191395E-3
D91	IF(Transform!E$50="",0,CUBIC(Transform!$D$52:$D$78,Transform!$E$52:$E$78,$B91))	2.8706344946735824E-3
D92	IF(Transform!E$50="",0,CUBIC(Transform!$D$52:$D$78,Transform!$E$52:$E$78,$B92))	-8.6793371289104939E-3
D93	IF(Transform!E$50="",0,CUBIC(Transform!$D$52:$D$78,Transform!$E$52:$E$78,$B93))	-1.4025167106423061E-2
D94	IF(Transform!E$50="",0,CUBIC(Transform!$D$52:$D$78,Transform!$E$52:$E$78,$B94))	2.2190685555769755E-2
D95	IF(Transform!E$50="",0,CUBIC(Transform!$D$52:$D$78,Transform!$E$52:$E$78,$B95))	0.11437295508818882
D96	IF(Transform!E$50="",0,CUBIC(Transform!$D$52:$D$78,Transform!$E$52:$E$78,$B96))	0.25039409936511564
D97	IF(Transform!E$50="",0,CUBIC(Transform!$D$52:$D$78,Transform!$E$52:$E$78,$B97))	0.41764632232671367
D98	IF(Transform!E$50="",0,CUBIC(Transform!$D$52:$D$78,Transform!$E$52:$E$78,$B98))	0.60651139632638185
D99	IF(Transform!E$50="",0,CUBIC(Transform!$D$52:$D$78,Transform!$E$52:$E$78,$B99))	0.8016985658635053
DA12		
DA13		
DA14		
DA15		
DA16		
DA17		
DA18		
DA19		
DA20		
DA21		
DA22		
DA23		
DA24		
DA25		
DA26		
DA27		
DA28		
DA29		
DA30		
DA31		
DA32		
DA33		
DA34		
DA35		
DA36		
DA37		
DA38		
DA39		
DB12		
DB13		
DB14		
DB15		
DB16		
DB17		
DB18		
DB19		
DB20		
DB21		
DB22		
DB23		
DB24		
DB25		
DB26		
DB27		
DB28		
DB29		
DB30		
DB31		
DB32		
DB33		
DB34		
DB35		
DB36		
DB37		
DB38		
DB39		
DC12		
DC13		
DC14		
DC15		
DC16		
DC17		
DC18		
DC19		
DC20		
DC21		
DC22		
DC23		
DC24		
DC25		
DC26		
DC27		
DC28		
DC29		
DC30		
DC31		
DC32		
DC33		
DC34		
DC35		
DC36		
DC37		
DC38		
DC39		
DD12		
DD13		
DD14		
DD15		
DD16		
DD17		
DD18		
DD19		
DD20		
DD21		
DD22		
DD23		
DD24		
DD25		
DD26		
DD27		
DD28		
DD29		
DD30		
DD31		
DD32		
DD33		
DD34		
DD35		
DD36		
DD37		
DD38		
DD39		
DE12		
DE13		
DE14		
DE15		
DE16		
DE17		
DE18		
DE19		
DE20		
DE21		
DE22		
DE23		
DE24		
DE25		
DE26		
DE27		
DE28		
DE29		
DE30		
DE31		
DE32		
DE33		
DE34		
DE35		
DE36		
DE37		
DE38		
DE39		
DF12		
DF13		
DF14		
DF15		
DF16		
DF17		
DF18		
DF19		
DF20		
DF21		
DF22		
DF23		
DF24		
DF25		
DF26		
DF27		
DF28		
DF29		
DF30		
DF31		
DF32		
DF33		
DF34		
DF35		
DF36		
DF37		
DF38		
DF39		
DG12		
DG13		
DG14		
DG15		
DG16		
DG17		
DG18		
DG19		
DG20		
DG21		
DG22		
DG23		
DG24		
DG25		
DG26		
DG27		
DG28		
DG29		
DG30		
DG31		
DG32		
DG33		
DG34		
DG35		
DG36		
DG37		
DG38		
DG39		
DH12		
DH13		
DH14		
DH15		
DH16		
DH17		
DH18		
DH19		
DH20		
DH21		
DH22		
DH23		
DH24		
DH25		
DH26		
DH27		
DH28		
DH29		
DH30		
DH31		
DH32		
DH33		
DH34		
DH35		
DH36		
DH37		
DH38		
DH39		
DI12		
DI13		
DI14		
DI15		
DI16		
DI17		
DI18		
DI19		
DI20		
DI21		
DI22		
DI23		
DI24		
DI25		
DI26		
DI27		
DI28		
DI29		
DI30		
DI31		
DI32		
DI33		
DI34		
DI35		
DI36		
DI37		
DI38		
DI39		
DJ12		
DJ13		
DJ14		
DJ15		
DJ16		
DJ17		
DJ18		
DJ19		
DJ20		
DJ21		
DJ22		
DJ23		
DJ24		
DJ25		
DJ26		
DJ27		
DJ28		
DJ29		
DJ30		
DJ31		
DJ32		
DJ33		
DJ34		
DJ35		
DJ36		
DJ37		
DJ38		
DJ39		
DK12		
DK13		
DK14		
DK15		
DK16		
DK17		
DK18		
DK19		
DK20		
DK21		
DK22		
DK23		
DK24		
DK25		
DK26		
DK27		
DK28		
DK29		
DK30		
DK31		
DK32		
DK33		
DK34		
DK35		
DK36		
DK37		
DK38		
DK39		
DL12		
DL13		
DL14		
DL15		
DL16		
DL17		
DL18		
DL19		
DL20		
DL21		
DL22		
DL23		
DL24		
DL25		
DL26		
DL27		
DL28		
DL29		
DL30		
DL31		
DL32		
DL33		
DL34		
DL35		
DL36		
DL37		
DL38		
DL39		
DM12		
DM13		
DM14		
DM15		
DM16		
DM17		
DM18		
DM19		
DM20		
DM21		
DM22		
DM23		
DM24		
DM25		
DM26		
DM27		
DM28		
DM29		
DM30		
DM31		
DM32		
DM33		
DM34		
DM35		
DM36		
DM37		
DM38		
DM39		
DN12		
DN13		
DN14		
DN15		
DN16		
DN17		
DN18		
DN19		
DN20		
DN21		
DN22		
DN23		
DN24		
DN25		
DN26		
DN27		
DN28		
DN29		
DN30		
DN31		
DN32		
DN33		
DN34		
DN35		
DN36		
DN37		
DN38		
DN39		
DO12		
DO13		
DO14		
DO15		
DO16		
DO17		
DO18		
DO19		
DO20		
DO21		
DO22		
DO23		
DO24		
DO25		
DO26		
DO27		
DO28		
DO29		
DO30		
DO31		
DO32		
DO33		
DO34		
DO35		
DO36		
DO37		
DO38		
DO39		
DP12		
DP13		
DP14		
DP15		
DP16		
DP17		
DP18		
DP19		
DP20		
DP21		
DP22		
DP23		
DP24		
DP25		
DP26		
DP27		
DP28		
DP29		
DP30		
DP31		
DP32		
DP33		
DP34		
DP35		
DP36		
DP37		
DP38		
DP39		
DQ12		
DQ13		
DQ14		
DQ15		
DQ16		
DQ17		
DQ18		
DQ19		
DQ20		
DQ21		
DQ22		
DQ23		
DQ24		
DQ25		
DQ26		
DQ27		
DQ28		
DQ29		
DQ30		
DQ31		
DQ32		
DQ33		
DQ34		
DQ35		
DQ36		
DQ37		
DQ38		
DQ39		
DR12		
DR13		
DR14		
DR15		
DR16		
DR17		
DR18		
DR19		
DR20		
DR21		
DR22		
DR23		
DR24		
DR25		
DR26		
DR27		
DR28		
DR29		
DR30		
DR31		
DR32		
DR33		
DR34		
DR35		
DR36		
DR37		
DR38		
DR39		
DS12		
DS13		
DS14		
DS15		
DS16		
DS17		
DS18		
DS19		
DS20		
DS21		
DS22		
DS23		
DS24		
DS25		
DS26		
DS27		
DS28		
DS29		
DS30		
DS31		
DS32		
DS33		
DS34		
DS35		
DS36		
DS37		
DS38		
DS39		
DT12		
DT13		
DT14		
DT15		
DT16		
DT17		
DT18		
DT19		
DT20		
DT21		
DT22		
DT23		
DT24		
DT25		
DT26		
DT27		
DT28		
DT29		
DT30		
DT31		
DT32		
DT33		
DT34		
DT35		
DT36		
DT37		
DT38		
DT39		
DU12		
DU13		
DU14		
DU15		
DU16		
DU17		
DU18		
DU19		
DU20		
DU21		
DU22		
DU23		
DU24		
DU25		
DU26		
DU27		
DU28		
DU29		
DU30		
DU31		
DU32		
DU33		
DU34		
DU35		
DU36		
DU37		
DU38		
DU39		
DV12		
DV13		
DV14		
DV15		
DV16		
DV17		
DV18		
DV19		
DV20		
DV21		
DV22		
DV23		
DV24		
DV25		
DV26		
DV27		
DV28		
DV29		
DV30		
DV31		
DV32		
DV33		
DV34		
DV35		
DV36		
DV37		
DV38		
DV39		
DW12		
DW13		
DW14		
DW15		
DW16		
DW17		
DW18		
DW19		
DW20		
DW21		
DW22		
DW23		
DW24		
DW25		
DW26		
DW27		
DW28		
DW29		
DW30		
DW31		
DW32		
DW33		
DW34		
DW35		
DW36		
DW37		
DW38		
DW39		
DX12		
DX13		
DX14		
DX15		
DX16		
DX17		
DX18		
DX19		
DX20		
DX21		
DX22		
DX23		
DX24		
DX25		
DX26		
DX27		
DX28		
DX29		
DX30		
DX31		
DX32		
DX33		
DX34		
DX35		
DX36		
DX37		
DX38		
DX39		
DY12		
DY13		
DY14		
DY15		
DY16		
DY17		
DY18		
DY19		
DY20		
DY21		
DY22		
DY23		
DY24		
DY25		
DY26		
DY27		
DY28		
DY29		
DY30		
DY31		
DY32		
DY33		
DY34		
DY35		
DY36		
DY37		
DY38		
DY39		
DZ12		
DZ13		
DZ14		
DZ15		
DZ16		
DZ17		
DZ18		
DZ19		
DZ20		
DZ21		
DZ22		
DZ23		
DZ24		
DZ25		
DZ26		
DZ27		
DZ28		
DZ29		
DZ30		
DZ31		
DZ32		
DZ33		
DZ34		
DZ35		
DZ36		
DZ37		
DZ38		
DZ39		
E10	'Basis Hull'!E11	1.6175000000000002
E100	IF(Transform!G$50="",0,CUBIC(Transform!$F$52:$F$78,Transform!$G$52:$G$78,$B100))	1.2860541204841589
E101	IF(Transform!G$50="",0,CUBIC(Transform!$F$52:$F$78,Transform!$G$52:$G$78,$B101))	1.3595479895685458
E102	IF(Transform!G$50="",0,CUBIC(Transform!$F$52:$F$78,Transform!$G$52:$G$78,$B102))	1.4179960312556439
E103	IF(Transform!G$50="",0,CUBIC(Transform!$F$52:$F$78,Transform!$G$52:$G$78,$B103))	1.4647421334507411
E104	IF(Transform!G$50="",0,CUBIC(Transform!$F$52:$F$78,Transform!$G$52:$G$78,$B104))	1.5034427000115183
E105	IF(Transform!G$50="",0,CUBIC(Transform!$F$52:$F$78,Transform!$G$52:$G$78,$B105))	1.5375708662929679
E106	IF(Transform!G$50="",0,CUBIC(Transform!$F$52:$F$78,Transform!$G$52:$G$78,$B106))	1.5683665400004321
E107	IF(Transform!G$50="",0,CUBIC(Transform!$F$52:$F$78,Transform!$G$52:$G$78,$B107))	1.592993461444371
E108	IF(Transform!G$50="",0,CUBIC(Transform!$F$52:$F$78,Transform!$G$52:$G$78,$B108))	1.6101546537699771
E109	IF(Transform!G$50="",0,CUBIC(Transform!$F$52:$F$78,Transform!$G$52:$G$78,$B109))	1.6232432432432431
E11		Y
E110		
E114	D114-1	19
E115		1.72
E116		1.3077022497903044E-18
E117	CUBIC($C$84:$W$84,$C$86:$W$86,E115)	3.9757065496441238E-4
E118	CUBIC($C$84:$W$84,$C$87:$W$87,E115)	-1.8936446786681414E-4
E119	CUBIC($C$84:$W$84,$C$88:$W$88,E115)	-1.3270633097472095E-3
E12	'Basis Hull'!E13	0
E120	CUBIC($C$84:$W$84,$C$89:$W$89,E115)	1.0718668149196713E-3
E121	CUBIC($C$84:$W$84,$C$90:$W$90,E115)	1.6723413614413898E-2
E122	CUBIC($C$84:$W$84,$C$91:$W$91,E115)	6.6092374718647331E-2
E123	CUBIC($C$84:$W$84,$C$92:$W$92,E115)	0.16252514340687821
E124	CUBIC($C$84:$W$84,$C$93:$W$93,E115)	0.29998870387939591
E125	CUBIC($C$84:$W$84,$C$94:$W$94,E115)	0.46723838657510897
E126	CUBIC($C$84:$W$84,$C$95:$W$95,E115)	0.64508977701800796
E127	CUBIC($C$84:$W$84,$C$96:$W$96,E115)	0.81440742044805114
E128	CUBIC($C$84:$W$84,$C$97:$W$97,E115)	0.96525222983194181
E129	CUBIC($C$84:$W$84,$C$98:$W$98,E115)	1.0919178111759666
E13	'Basis Hull'!E14	0
E130	CUBIC($C$84:$W$84,$C$99:$W$99,E115)	1.197009154300372
E131	CUBIC($C$84:$W$84,$C$100:$W$100,E115)	1.2860541204841589
E132	CUBIC($C$84:$W$84,$C$101:$W$101,E115)	1.3595479895685461
E133	CUBIC($C$84:$W$84,$C$102:$W$102,E115)	1.4179960312556439
E134	CUBIC($C$84:$W$84,$C$103:$W$103,E115)	1.4647421334507411
E135	CUBIC($C$84:$W$84,$C$104:$W$104,E115)	1.5034427000115183
E136	CUBIC($C$84:$W$84,$C$105:$W$105,E115)	1.5375708662929679
E137	CUBIC($C$84:$W$84,$C$106:$W$106,E115)	1.5683665400004321
E138	CUBIC($C$84:$W$84,$C$107:$W$107,E115)	1.592993461444371
E139	CUBIC($C$84:$W$84,$C$108:$W$108,E115)	1.6101546537699771
E14	'Basis Hull'!E15	0
E140	CUBIC($C$84:$W$84,$C$109:$W$109,E115)	1.6232432432432431
E141		
E142		
E143		19
E144		1.72
E145		0
E146		2.0477003431488577E-5
E147		3.4050093971999501E-5
E148		-2.0525266303755788E-5
E149		-7.352024020700003E-5
E15	'Basis Hull'!E16	0
E150		4.5790085505186098E-4
E151		3.1848313984685489E-3
E152		1.1240284158076758E-2
E153		2.7883691001173039E-2
E154		5.5712605055635772E-2
E155		9.6280302773342749E-2
E156		0.14958078007531056
E157		0.21459905909450622
E158		0.28975904068872205
E159		0.37331269937871892
E16	'Basis Hull'!E17	0
E160		0.46393285958466401
E161		0.5604842805614928
E162		0.66183457753639285
E163		0.7669909463125103
E164		0.87524725411795845
E165		0.98613187200184527
E166		1.0993953407022874
E167		1.2147020574677254
E168		1.3315254284690765
E169		1.4494172909342971
E17	'Basis Hull'!E18	0.3
E170		
E171		19
E172		1.72
E173		0
E174		9.2270905607112705E-7
E175		2.1472124754802173E-6
E176		-8.1133230563194514E-6
E177		-1.9148543031538417E-5
E178		1.6341812992022814E-4
E179		1.2840267103369583E-3
E18	'Basis Hull'!E19	0.8
E180		5.1391123281703697E-3
E181		1.4305266107119453E-2
E182		3.1621336733229512E-2
E183		5.9802158344461731E-2
E184		0.10068216178590667
E185		0.15527107835191267
E186		0.22382996596361635
E187		0.30612912138821186
E188		0.40197647000279346
E189		0.51113610264888976
E19	'Basis Hull'!E20	1.22
E190		0.63309564563498277
E191		0.76730475722314817
E192		0.91335121907830197
E193		1.0710353209352994
E194		1.2403489085762622
E195		1.421131641791995
E196		1.6127983179442937
E197		1.8148222590043122
E198		
E199		
E20	'Basis Hull'!E21	1.48
E200		19
E201		1.72
E202		0
E203		1.920897534412893E-9
E204		8.1193754012511524E-9
E205		2.6987156950551499E-8
E206		1.0812635175624727E-7
E207		3.5030371165995415E-6
E208		6.6803070835538421E-5
E209		5.4025359180933958E-4
E21	'Basis Hull'!E22	1.67
E210		2.4975909074019739E-3
E211		7.8890264280035722E-3
E212		1.9260900242435635E-2
E213		3.8831632445640946E-2
E214		6.7882833080499042E-2
E215		0.10667319486123841
E216		0.15457687067927295
E217		0.21091417330507894
E218		0.27485221301040369
E219		0.3453011806394779
E22	'Basis Hull'!E23	1.78
E220		0.42113144673350977
E221		0.5014999920427522
E222		0.5858131732382893
E223		0.67378518582837266
E224		0.76495540807465034
E225		0.8585424601333671
E226		0.95384528970342597
E227		
E228		
E229		19
E23	'Basis Hull'!E24	1.87
E230		1.72
E231		1.3077022497903044E-18
E232	E231+IF(AND(E116=0,E117=0),0,SQRT((E117-E116)^2+($B117-$B116)^2))	7.2917750515244698E-2
E233		0.14583677938025491
E234		0.21876232110901134
E235		0.29171843903972922
E236		0.36629599058839923
E237		0.45435355470579403
E238		0.5752506975779712
E239		0.7308561947031027
E24	'Basis Hull'!E25	1.92
E240		0.91330974122822361
E241		1.1055282558418016
E242		1.289879292330564
E243		1.4574233068337388
E244		1.6035773686144417
E245		1.7314876132294423
E246		1.8465782135426283
E247		1.9501069007301457
E248		2.0435574965272538
E249		2.130171804515093
E25	'Basis Hull'!E26	0
E250		2.2127222383716325
E251		2.2932304492045161
E252		2.3723835527246839
E253		2.4493466967455966
E254		2.5242556201113358
E255		2.5983376790202071
E256		
E257		Z=
E258		Interval
E259		2
E26	'Basis Hull'!E27	0
E260		19
E261	D261+$W$115/20	1.72
E262		1.1371557548764588
E263		0.32264605304416993
E264		0.25556344963334388
E265		0.12500974397514492
E266		1.6576717673839816
E267	E261-$C$279	-6.301243731764484
E268		
E269		
E27	'Basis Hull'!E28	0
E270		
E271		
E272		
E273		
E274		
E275		
E276		
E277		
E278		
E279		
E28	'Basis Hull'!E29	0
E280		
E281		
E282		
E284		Z=
E285		Interval
E286		2
E287		19
E288		1.72
E289		0.71659773886041667
E29	'Basis Hull'!E30	0
E290		0.11667145247525162
E291		7.4870889290742704E-2
E292		2.6122197708667302E-2
E293		1.1829856722215137
E294		-6.5814744274718651
E295		moulded
E296		extreme
E297		
E298		
E299		
E3	'Basis Hull'!E3	Olympias (outside of planking assumes ram structure included in hydros)
E30	'Basis Hull'!E31	0
E300		
E301		
E302		
E303		
E304		
E305		
E306		
E307		
E308		
E309		
E31	'Basis Hull'!E32	0
E315		2
E316		2
E317		19
E318		1.72
E319		2.5983376790202071
E32	'Basis Hull'!E33	0
E33	'Basis Hull'!E34	0
E34	'Basis Hull'!E35	0
E35	'Basis Hull'!E36	0
E36	'Basis Hull'!E37	0
E37	'Basis Hull'!E38	0
E38	'Basis Hull'!E39	0
E39		27
E4	'Basis Hull'!E5	32.35
E43	E3	Olympias (outside of planking assumes ram structure included in hydros)
E44	Input!B6	17.2
E45	Input!B7	2.8
E46	Input!B8	1.75
E47	21-COUNTBLANK(B50:AQ50)	21
E48		
E49	E9	20
E5	'Basis Hull'!E6	3.7
E50	($E$44/2)*(1-(($E$4/2-E10)/($E$4/2)+($T$45*($E$4/2-E10)/($E$4/2)*(1-($E$4/2-E10)/($E$4/2)))/($O$2*(1-2*$O$3))))+Input!$B$13*'Basis Hull'!E41	0.85999999999999976
E51		Y
E52	E12*$E$45/$E$5	0
E53		0
E54		0
E55		0
E56		0
E57		0.22702702702702701
E58		0.60540540540540533
E59		0.92324324324324314
E6	'Basis Hull'!E7	2.4
E60		1.1199999999999999
E61		1.2637837837837835
E62		1.347027027027027
E63		1.4151351351351351
E64		1.4529729729729728
E65		0
E66		0
E67		0
E68		0
E69		0
E7	21-COUNTBLANK(B10:AQ10)	21
E70		0
E71		0
E72		0
E73		0
E74		0
E75		0
E76		0
E77		0
E78		0
E79		27
E8		
E83	D83-1	19
E84	G50	1.7199999999999995
E85	IF(Transform!G$50="",0,CUBIC(Transform!$F$52:$F$78,Transform!$G$52:$G$78,$B85))	0
E86	IF(Transform!G$50="",0,CUBIC(Transform!$F$52:$F$78,Transform!$G$52:$G$78,$B86))	3.9757065496441748E-4
E87	IF(Transform!G$50="",0,CUBIC(Transform!$F$52:$F$78,Transform!$G$52:$G$78,$B87))	-1.8936446786681191E-4
E88	IF(Transform!G$50="",0,CUBIC(Transform!$F$52:$F$78,Transform!$G$52:$G$78,$B88))	-1.3270633097472199E-3
E89	IF(Transform!G$50="",0,CUBIC(Transform!$F$52:$F$78,Transform!$G$52:$G$78,$B89))	1.071866814919646E-3
E9		20
E90	IF(Transform!G$50="",0,CUBIC(Transform!$F$52:$F$78,Transform!$G$52:$G$78,$B90))	1.6723413614413853E-2
E91	IF(Transform!G$50="",0,CUBIC(Transform!$F$52:$F$78,Transform!$G$52:$G$78,$B91))	6.6092374718647248E-2
E92	IF(Transform!G$50="",0,CUBIC(Transform!$F$52:$F$78,Transform!$G$52:$G$78,$B92))	0.16252514340687804
E93	IF(Transform!G$50="",0,CUBIC(Transform!$F$52:$F$78,Transform!$G$52:$G$78,$B93))	0.29998870387939569
E94	IF(Transform!G$50="",0,CUBIC(Transform!$F$52:$F$78,Transform!$G$52:$G$78,$B94))	0.46723838657510874
E95	IF(Transform!G$50="",0,CUBIC(Transform!$F$52:$F$78,Transform!$G$52:$G$78,$B95))	0.64508977701800763
E96	IF(Transform!G$50="",0,CUBIC(Transform!$F$52:$F$78,Transform!$G$52:$G$78,$B96))	0.81440742044805092
E97	IF(Transform!G$50="",0,CUBIC(Transform!$F$52:$F$78,Transform!$G$52:$G$78,$B97))	0.96525222983194159
E98	IF(Transform!G$50="",0,CUBIC(Transform!$F$52:$F$78,Transform!$G$52:$G$78,$B98))	1.0919178111759666
E99	IF(Transform!G$50="",0,CUBIC(Transform!$F$52:$F$78,Transform!$G$52:$G$78,$B99))	1.197009154300372
EA12		
EA13		
EA14		
EA15		
EA16		
EA17		
EA18		
EA19		
EA20		
EA21		
EA22		
EA23		
EA24		
EA25		
EA26		
EA27		
EA28		
EA29		
EA30		
EA31		
EA32		
EA33		
EA34		
EA35		
EA36		
EA37		
EA38		
EA39		
EB12		
EB13		
EB14		
EB15		
EB16		
EB17		
EB18		
EB19		
EB20		
EB21		
EB22		
EB23		
EB24		
EB25		
EB26		
EB27		
EB28		
EB29		
EB30		
EB31		
EB32		
EB33		
EB34		
EB35		
EB36		
EB37		
EB38		
EB39		
EC12		
EC13		
EC14		
EC15		
EC16		
EC17		
EC18		
EC19		
EC20		
EC21		
EC22		
EC23		
EC24		
EC25		
EC26		
EC27		
EC28		
EC29		
EC30		
EC31		
EC32		
EC33		
EC34		
EC35		
EC36		
EC37		
EC38		
EC39		
ED12		
ED13		
ED14		
ED15		
ED16		
ED17		
ED18		
ED19		
ED20		
ED21		
ED22		
ED23		
ED24		
ED25		
ED26		
ED27		
ED28		
ED29		
ED30		
ED31		
ED32		
ED33		
ED34		
ED35		
ED36		
ED37		
ED38		
ED39		
EE12		
EE13		
EE14		
EE15		
EE16		
EE17		
EE18		
EE19		
EE20		
EE21		
EE22		
EE23		
EE24		
EE25		
EE26		
EE27		
EE28		
EE29		
EE30		
EE31		
EE32		
EE33		
EE34		
EE35		
EE36		
EE37		
EE38		
EE39		
EF12		
EF13		
EF14		
EF15		
EF16		
EF17		
EF18		
EF19		
EF20		
EF21		
EF22		
EF23		
EF24		
EF25		
EF26		
EF27		
EF28		
EF29		
EF30		
EF31		
EF32		
EF33		
EF34		
EF35		
EF36		
EF37		
EF38		
EF39		
EG12		
EG13		
EG14		
EG15		
EG16		
EG17		
EG18		
EG19		
EG20		
EG21		
EG22		
EG23		
EG24		
EG25		
EG26		
EG27		
EG28		
EG29		
EG30		
EG31		
EG32		
EG33		
EG34		
EG35		
EG36		
EG37		
EG38		
EG39		
EH12		
EH13		
EH14		
EH15		
EH16		
EH17		
EH18		
EH19		
EH20		
EH21		
EH22		
EH23		
EH24		
EH25		
EH26		
EH27		
EH28		
EH29		
EH30		
EH31		
EH32		
EH33		
EH34		
EH35		
EH36		
EH37		
EH38		
EH39		
EI12		
EI13		
EI14		
EI15		
EI16		
EI17		
EI18		
EI19		
EI20		
EI21		
EI22		
EI23		
EI24		
EI25		
EI26		
EI27		
EI28		
EI29		
EI30		
EI31		
EI32		
EI33		
EI34		
EI35		
EI36		
EI37		
EI38		
EI39		
EJ12		
EJ13		
EJ14		
EJ15		
EJ16		
EJ17		
EJ18		
EJ19		
EJ20		
EJ21		
EJ22		
EJ23		
EJ24		
EJ25		
EJ26		
EJ27		
EJ28		
EJ29		
EJ30		
EJ31		
EJ32		
EJ33		
EJ34		
EJ35		
EJ36		
EJ37		
EJ38		
EJ39		
EK12		
EK13		
EK14		
EK15		
EK16		
EK17		
EK18		
EK19		
EK20		
EK21		
EK22		
EK23		
EK24		
EK25		
EK26		
EK27		
EK28		
EK29		
EK30		
EK31		
EK32		
EK33		
EK34		
EK35		
EK36		
EK37		
EK38		
EK39		
EL12		
EL13		
EL14		
EL15		
EL16		
EL17		
EL18		
EL19		
EL20		
EL21		
EL22		
EL23		
EL24		
EL25		
EL26		
EL27		
EL28		
EL29		
EL30		
EL31		
EL32		
EL33		
EL34		
EL35		
EL36		
EL37		
EL38		
EL39		
EM12		
EM13		
EM14		
EM15		
EM16		
EM17		
EM18		
EM19		
EM20		
EM21		
EM22		
EM23		
EM24		
EM25		
EM26		
EM27		
EM28		
EM29		
EM30		
EM31		
EM32		
EM33		
EM34		
EM35		
EM36		
EM37		
EM38		
EM39		
EN12		
EN13		
EN14		
EN15		
EN16		
EN17		
EN18		
EN19		
EN20		
EN21		
EN22		
EN23		
EN24		
EN25		
EN26		
EN27		
EN28		
EN29		
EN30		
EN31		
EN32		
EN33		
EN34		
EN35		
EN36		
EN37		
EN38		
EN39		
EO12		
EO13		
EO14		
EO15		
EO16		
EO17		
EO18		
EO19		
EO20		
EO21		
EO22		
EO23		
EO24		
EO25		
EO26		
EO27		
EO28		
EO29		
EO30		
EO31		
EO32		
EO33		
EO34		
EO35		
EO36		
EO37		
EO38		
EO39		
F10		X  =
F100	IF(Transform!I$50="",0,CUBIC(Transform!$H$52:$H$78,Transform!$I$52:$I$78,$B100))	1.4642239409749496
F101	IF(Transform!I$50="",0,CUBIC(Transform!$H$52:$H$78,Transform!$I$52:$I$78,$B101))	1.5113080306192914
F102	IF(Transform!I$50="",0,CUBIC(Transform!$H$52:$H$78,Transform!$I$52:$I$78,$B102))	1.550675922941656
F103	IF(Transform!I$50="",0,CUBIC(Transform!$H$52:$H$78,Transform!$I$52:$I$78,$B103))	1.5837195342665706
F104	IF(Transform!I$50="",0,CUBIC(Transform!$H$52:$H$78,Transform!$I$52:$I$78,$B104))	1.6109573071489414
F105	IF(Transform!I$50="",0,CUBIC(Transform!$H$52:$H$78,Transform!$I$52:$I$78,$B105))	1.6325220604536403
F106	IF(Transform!I$50="",0,CUBIC(Transform!$H$52:$H$78,Transform!$I$52:$I$78,$B106))	1.6490833155968903
F107	IF(Transform!I$50="",0,CUBIC(Transform!$H$52:$H$78,Transform!$I$52:$I$78,$B107))	1.6616918909664906
F108	IF(Transform!I$50="",0,CUBIC(Transform!$H$52:$H$78,Transform!$I$52:$I$78,$B108))	1.6715394827410417
F109	IF(Transform!I$50="",0,CUBIC(Transform!$H$52:$H$78,Transform!$I$52:$I$78,$B109))	1.68
F11		Z
F110		
F114		18
F115		2.58
F116		0
F117	CUBIC($C$84:$W$84,$C$86:$W$86,F115)	-5.4460663919468424E-3
F118	CUBIC($C$84:$W$84,$C$87:$W$87,F115)	8.0324163214880902E-3
F119	CUBIC($C$84:$W$84,$C$88:$W$88,F115)	5.0286595397915627E-2
F12	'Basis Hull'!F13	0
F120	CUBIC($C$84:$W$84,$C$89:$W$89,F115)	0.11863826901878188
F121	CUBIC($C$84:$W$84,$C$90:$W$90,F115)	0.22216267313616767
F122	CUBIC($C$84:$W$84,$C$91:$W$91,F115)	0.37704805461013574
F123	CUBIC($C$84:$W$84,$C$92:$W$92,F115)	0.56497843559443728
F124	CUBIC($C$84:$W$84,$C$93:$W$93,F115)	0.74812870495929495
F125	CUBIC($C$84:$W$84,$C$94:$W$94,F115)	0.90876399517449113
F126	CUBIC($C$84:$W$84,$C$95:$W$95,F115)	1.0426482490282609
F127	CUBIC($C$84:$W$84,$C$96:$W$96,F115)	1.1529625243774431
F128	CUBIC($C$84:$W$84,$C$97:$W$97,F115)	1.249497836949631
F129	CUBIC($C$84:$W$84,$C$98:$W$98,F115)	1.3356798991602574
F13	'Basis Hull'!F14	0.19999999999999998
F130	CUBIC($C$84:$W$84,$C$99:$W$99,F115)	1.4070521296679266
F131	CUBIC($C$84:$W$84,$C$100:$W$100,F115)	1.4642239409749496
F132	CUBIC($C$84:$W$84,$C$101:$W$101,F115)	1.5113080306192914
F133	CUBIC($C$84:$W$84,$C$102:$W$102,F115)	1.550675922941656
F134	CUBIC($C$84:$W$84,$C$103:$W$103,F115)	1.5837195342665706
F135	CUBIC($C$84:$W$84,$C$104:$W$104,F115)	1.6109573071489414
F136	CUBIC($C$84:$W$84,$C$105:$W$105,F115)	1.6325220604536403
F137	CUBIC($C$84:$W$84,$C$106:$W$106,F115)	1.6490833155968903
F138	CUBIC($C$84:$W$84,$C$107:$W$107,F115)	1.6616918909664906
F139	CUBIC($C$84:$W$84,$C$108:$W$108,F115)	1.6715394827410417
F14	'Basis Hull'!F15	0.39999999999999997
F140	CUBIC($C$84:$W$84,$C$109:$W$109,F115)	1.68
F141		
F142		
F143		18
F144		2.58
F145		0
F146		-3.1354742378423591E-4
F147		-3.3424633584755193E-4
F148		1.5572559096999586E-3
F149		7.6335295965258071E-3
F15	'Basis Hull'!F16	0.6
F150		1.9713562896729386E-2
F151		4.128060985074497E-2
F152		7.5502914598805898E-2
F153		0.12355711510640559
F154		0.18405777832881548
F155		0.25543499893556754
F156		0.33553776655678369
F157		0.42324046172867047
F158		0.51750455961009467
F159		0.61766715250231674
F16	'Basis Hull'!F17	0.79999999999999993
F160		0.72235451277554052
F161		0.83095462288186228
F162		0.94256605411150018
F163		1.0569411464810547
F164		1.1733840387298966
F165		1.2917345345477624
F166		1.4113385597435173
F167		1.5321297793278106
F168		1.653601519935973
F169		1.7758622402775139
F17	'Basis Hull'!F18	0.99999999999999989
F170		
F171		18
F172		2.58
F173		0
F174		-1.3844405254479842E-5
F175		-1.0136437113561493E-5
F176		3.5775496787600103E-4
F177		1.9288390989527532E-3
F178		5.9579570567279859E-3
F179		1.4653978293704835E-2
F18	'Basis Hull'!F19	1.2
F180		3.0973363977618205E-2
F181		5.7306936700641742E-2
F182		9.4906318790154987E-2
F183		0.14437376908836214
F184		0.20579326506499523
F185		0.27933432944383085
F186		0.36533803535254072
F187		0.46391386040950344
F188		0.57468351192192957
F189		0.69738180179492271
F19	'Basis Hull'!F20	1.4
F190		0.83175019394048744
F191		0.97763926347281038
F192		1.1348056342493171
F193		1.3030124282691913
F194		1.4818902140266297
F195		1.671169343948562
F196		1.8705601779533465
F197		2.0799614390968002
F198		
F199		
F20	'Basis Hull'!F21	1.5999999999999999
F200		18
F201		2.58
F202		0
F203		3.6044700350425397E-7
F204		2.2258817357738871E-6
F205		3.4588504548542393E-5
F206		2.9698573774640709E-4
F207		1.3493385976105035E-3
F208		4.5950013868916156E-3
F209		1.2739138590215153E-2
F21	'Basis Hull'!F22	1.7999999999999998
F210		2.8641269230492615E-2
F211		5.3862180393061836E-2
F212		8.8800191943364942E-2
F213		0.13289942425496759
F214		0.18560497288699535
F215		0.24662928411025842
F216		0.31536265688976473
F217		0.39060537312640442
F218		0.47140012667136166
F219		0.55691316470072438
F22	'Basis Hull'!F23	1.9999999999999998
F220		0.64652898012651794
F221		0.73959918312819539
F222		0.83555364568273527
F223		0.93374190252221378
F224		1.0336955891175306
F225		1.1349724554789875
F226		1.2373736765648706
F227		
F228		
F229		18
F23	'Basis Hull'!F24	2.1999999999999997
F230		2.58
F231		0
F232	F231+IF(AND(F116=0,F117=0),0,SQRT((F117-F116)^2+($B117-$B116)^2))	7.3119764201775655E-2
F233		0.14727170129066192
F234		0.23154658442437254
F235		0.33149052653469357
F236		0.4581165212026036
F237		0.62930741369433163
F238		0.83088784026070861
F239		1.0280194243516343
F24	'Basis Hull'!F25	2.4
F240		1.2044295622130907
F241		1.3568822883538798
F242		1.48911722936265
F243		1.6100961814625414
F244		1.7229863410188733
F245		1.8250198431905504
F246		1.917677580514012
F247		2.0044747681148452
F248		2.0873401482423932
F249		2.1673946329835356
F25	'Basis Hull'!F26	0
F250		2.2452325193202638
F251		2.3212711862133011
F252		2.396044947986383
F253		2.4700437077775357
F254		2.5436223415072807
F255		2.6170282038758064
F256		
F257	Input!B9	0.97750000000000004
F258	D261	0.86
F259		4
F26	'Basis Hull'!F27	0
F260		18
F261		2.58
F262		1.3664220334526691
F263		0.55743086077273951
F264		0.40381602269743588
F265		0.27358602864967779
F266		1.7656916159102116
F267	F261-$C$279	-5.4412437317644837
F268		
F269		
F27	'Basis Hull'!F28	0
F270		
F271		
F272		
F273		
F274		
F275		
F276		
F277		
F278		
F279		
F28	'Basis Hull'!F29	0
F280		
F281		
F282		
F284	T	0.75900000000000001
F285	D288	0.86
F286		4
F287		18
F288		2.58
F289		1.0894480443659298
F29	'Basis Hull'!F30	0
F290		0.28728985197984408
F291		0.16803795300351027
F292		0.10580281096751962
F293		1.4123458093368566
F294		-5.7214744274718647
F295		
F296		
F297		
F298		
F299		
F30	'Basis Hull'!F31	0
F300		
F301		
F302		
F303		
F304		
F305		
F306		
F307		
F308		
F309		
F31	'Basis Hull'!F32	0
F315		4
F316		4
F317		18
F318		2.58
F319		2.6170282038758064
F32	'Basis Hull'!F33	0
F33	'Basis Hull'!F34	0
F34	'Basis Hull'!F35	0
F35	'Basis Hull'!F36	0
F36	'Basis Hull'!F37	0
F37	'Basis Hull'!F38	0
F38	'Basis Hull'!F39	0
F39		27
F4		m
F44		m
F45		m
F46		m
F48		
F49		Number:
F5		m
F50		X  =
F51		Z
F52	F12	0
F53	IF(F13<$I$4,F13*$I$43/$I$4,$I$43+(F13-$I$4)*($E$46-$I$43)/($E$6-$I$4))-Input!$B$14*F13/$E$6*(1-F13/$E$6)*G$10/$E$4*(1-G$10/$E$4)	0.13474583231677811
F54	IF(F14<$I$4,F14*$I$43/$I$4,$I$43+(F14-$I$4)*($E$46-$I$43)/($E$6-$I$4))-Input!$B$14*F14/$E$6*(1-F14/$E$6)*G$10/$E$4*(1-G$10/$E$4)	0.27590151330323293
F55	IF(F15<$I$4,F15*$I$43/$I$4,$I$43+(F15-$I$4)*($E$46-$I$43)/($E$6-$I$4))-Input!$B$14*F15/$E$6*(1-F15/$E$6)*G$10/$E$4*(1-G$10/$E$4)	0.42346704295936449
F56	IF(F16<$I$4,F16*$I$43/$I$4,$I$43+(F16-$I$4)*($E$46-$I$43)/($E$6-$I$4))-Input!$B$14*F16/$E$6*(1-F16/$E$6)*G$10/$E$4*(1-G$10/$E$4)	0.57744242128517265
F57	IF(F17<$I$4,F17*$I$43/$I$4,$I$43+(F17-$I$4)*($E$46-$I$43)/($E$6-$I$4))-Input!$B$14*F17/$E$6*(1-F17/$E$6)*G$10/$E$4*(1-G$10/$E$4)	0.73782764828065772
F58	IF(F18<$I$4,F18*$I$43/$I$4,$I$43+(F18-$I$4)*($E$46-$I$43)/($E$6-$I$4))-Input!$B$14*F18/$E$6*(1-F18/$E$6)*G$10/$E$4*(1-G$10/$E$4)	0.89302272394581927
F59	IF(F19<$I$4,F19*$I$43/$I$4,$I$43+(F19-$I$4)*($E$46-$I$43)/($E$6-$I$4))-Input!$B$14*F19/$E$6*(1-F19/$E$6)*G$10/$E$4*(1-G$10/$E$4)	1.0198276482806579
F6		m
F60	IF(F20<$I$4,F20*$I$43/$I$4,$I$43+(F20-$I$4)*($E$46-$I$43)/($E$6-$I$4))-Input!$B$14*F20/$E$6*(1-F20/$E$6)*G$10/$E$4*(1-G$10/$E$4)	1.1530424212851729
F61	IF(F21<$I$4,F21*$I$43/$I$4,$I$43+(F21-$I$4)*($E$46-$I$43)/($E$6-$I$4))-Input!$B$14*F21/$E$6*(1-F21/$E$6)*G$10/$E$4*(1-G$10/$E$4)	1.2926670429593645
F62	IF(F22<$I$4,F22*$I$43/$I$4,$I$43+(F22-$I$4)*($E$46-$I$43)/($E$6-$I$4))-Input!$B$14*F22/$E$6*(1-F22/$E$6)*G$10/$E$4*(1-G$10/$E$4)	1.4387015133032328
F63	IF(F23<$I$4,F23*$I$43/$I$4,$I$43+(F23-$I$4)*($E$46-$I$43)/($E$6-$I$4))-Input!$B$14*F23/$E$6*(1-F23/$E$6)*G$10/$E$4*(1-G$10/$E$4)	1.591145832316778
F64	IF(F24<$I$4,F24*$I$43/$I$4,$I$43+(F24-$I$4)*($E$46-$I$43)/($E$6-$I$4))-Input!$B$14*F24/$E$6*(1-F24/$E$6)*G$10/$E$4*(1-G$10/$E$4)	1.75
F65	IF(F25<$I$4,F25*$I$43/$I$4,$I$43+(F25-$I$4)*($E$46-$I$43)/($E$6-$I$4))-Input!$B$14*F25/$E$6*(1-F25/$E$6)*G$10/$E$4*(1-G$10/$E$4)	0
F66	IF(F26<$I$4,F26*$I$43/$I$4,$I$43+(F26-$I$4)*($E$46-$I$43)/($E$6-$I$4))-Input!$B$14*F26/$E$6*(1-F26/$E$6)*G$10/$E$4*(1-G$10/$E$4)	0
F67	IF(F27<$I$4,F27*$I$43/$I$4,$I$43+(F27-$I$4)*($E$46-$I$43)/($E$6-$I$4))-Input!$B$14*F27/$E$6*(1-F27/$E$6)*G$10/$E$4*(1-G$10/$E$4)	0
F68	IF(F28<$I$4,F28*$I$43/$I$4,$I$43+(F28-$I$4)*($E$46-$I$43)/($E$6-$I$4))-Input!$B$14*F28/$E$6*(1-F28/$E$6)*G$10/$E$4*(1-G$10/$E$4)	0
F69	IF(F29<$I$4,F29*$I$43/$I$4,$I$43+(F29-$I$4)*($E$46-$I$43)/($E$6-$I$4))-Input!$B$14*F29/$E$6*(1-F29/$E$6)*G$10/$E$4*(1-G$10/$E$4)	0
F70	IF(F30<$I$4,F30*$I$43/$I$4,$I$43+(F30-$I$4)*($E$46-$I$43)/($E$6-$I$4))-Input!$B$14*F30/$E$6*(1-F30/$E$6)*G$10/$E$4*(1-G$10/$E$4)	0
F71	IF(F31<$I$4,F31*$I$43/$I$4,$I$43+(F31-$I$4)*($E$46-$I$43)/($E$6-$I$4))-Input!$B$14*F31/$E$6*(1-F31/$E$6)*G$10/$E$4*(1-G$10/$E$4)	0
F72	IF(F32<$I$4,F32*$I$43/$I$4,$I$43+(F32-$I$4)*($E$46-$I$43)/($E$6-$I$4))-Input!$B$14*F32/$E$6*(1-F32/$E$6)*G$10/$E$4*(1-G$10/$E$4)	0
F73	IF(F33<$I$4,F33*$I$43/$I$4,$I$43+(F33-$I$4)*($E$46-$I$43)/($E$6-$I$4))-Input!$B$14*F33/$E$6*(1-F33/$E$6)*G$10/$E$4*(1-G$10/$E$4)	0
F74	IF(F34<$I$4,F34*$I$43/$I$4,$I$43+(F34-$I$4)*($E$46-$I$43)/($E$6-$I$4))-Input!$B$14*F34/$E$6*(1-F34/$E$6)*G$10/$E$4*(1-G$10/$E$4)	0
F75	IF(F35<$I$4,F35*$I$43/$I$4,$I$43+(F35-$I$4)*($E$46-$I$43)/($E$6-$I$4))-Input!$B$14*F35/$E$6*(1-F35/$E$6)*G$10/$E$4*(1-G$10/$E$4)	0
F76	IF(F36<$I$4,F36*$I$43/$I$4,$I$43+(F36-$I$4)*($E$46-$I$43)/($E$6-$I$4))-Input!$B$14*F36/$E$6*(1-F36/$E$6)*G$10/$E$4*(1-G$10/$E$4)	0
F77	IF(F37<$I$4,F37*$I$43/$I$4,$I$43+(F37-$I$4)*($E$46-$I$43)/($E$6-$I$4))-Input!$B$14*F37/$E$6*(1-F37/$E$6)*G$10/$E$4*(1-G$10/$E$4)	0
F78	IF(F38<$I$4,F38*$I$43/$I$4,$I$43+(F38-$I$4)*($E$46-$I$43)/($E$6-$I$4))-Input!$B$14*F38/$E$6*(1-F38/$E$6)*G$10/$E$4*(1-G$10/$E$4)	0
F79		27
F8		SECTION NUMBER:
F83		18
F84	I50	2.58
F85	IF(Transform!I$50="",0,CUBIC(Transform!$H$52:$H$78,Transform!$I$52:$I$78,$B85))	0
F86	IF(Transform!I$50="",0,CUBIC(Transform!$H$52:$H$78,Transform!$I$52:$I$78,$B86))	-5.4460663919468424E-3
F87	IF(Transform!I$50="",0,CUBIC(Transform!$H$52:$H$78,Transform!$I$52:$I$78,$B87))	8.0324163214880902E-3
F88	IF(Transform!I$50="",0,CUBIC(Transform!$H$52:$H$78,Transform!$I$52:$I$78,$B88))	5.0286595397915627E-2
F89	IF(Transform!I$50="",0,CUBIC(Transform!$H$52:$H$78,Transform!$I$52:$I$78,$B89))	0.11863826901878188
F9		Number:
F90	IF(Transform!I$50="",0,CUBIC(Transform!$H$52:$H$78,Transform!$I$52:$I$78,$B90))	0.22216267313616767
F91	IF(Transform!I$50="",0,CUBIC(Transform!$H$52:$H$78,Transform!$I$52:$I$78,$B91))	0.37704805461013574
F92	IF(Transform!I$50="",0,CUBIC(Transform!$H$52:$H$78,Transform!$I$52:$I$78,$B92))	0.56497843559443728
F93	IF(Transform!I$50="",0,CUBIC(Transform!$H$52:$H$78,Transform!$I$52:$I$78,$B93))	0.74812870495929495
F94	IF(Transform!I$50="",0,CUBIC(Transform!$H$52:$H$78,Transform!$I$52:$I$78,$B94))	0.90876399517449113
F95	IF(Transform!I$50="",0,CUBIC(Transform!$H$52:$H$78,Transform!$I$52:$I$78,$B95))	1.0426482490282609
F96	IF(Transform!I$50="",0,CUBIC(Transform!$H$52:$H$78,Transform!$I$52:$I$78,$B96))	1.1529625243774431
F97	IF(Transform!I$50="",0,CUBIC(Transform!$H$52:$H$78,Transform!$I$52:$I$78,$B97))	1.249497836949631
F98	IF(Transform!I$50="",0,CUBIC(Transform!$H$52:$H$78,Transform!$I$52:$I$78,$B98))	1.3356798991602574
F99	IF(Transform!I$50="",0,CUBIC(Transform!$H$52:$H$78,Transform!$I$52:$I$78,$B99))	1.4070521296679266
G10	'Basis Hull'!G11	3.2350000000000003
G100	IF(Transform!K$50="",0,CUBIC(Transform!$J$52:$J$78,Transform!$K$52:$K$78,$B100))	1.5618287280454619
G101	IF(Transform!K$50="",0,CUBIC(Transform!$J$52:$J$78,Transform!$K$52:$K$78,$B101))	1.5961031035079882
G102	IF(Transform!K$50="",0,CUBIC(Transform!$J$52:$J$78,Transform!$K$52:$K$78,$B102))	1.624453077748808
G103	IF(Transform!K$50="",0,CUBIC(Transform!$J$52:$J$78,Transform!$K$52:$K$78,$B103))	1.6464327760672339
G104	IF(Transform!K$50="",0,CUBIC(Transform!$J$52:$J$78,Transform!$K$52:$K$78,$B104))	1.6640995711095043
G105	IF(Transform!K$50="",0,CUBIC(Transform!$J$52:$J$78,Transform!$K$52:$K$78,$B105))	1.6792911166414435
G106	IF(Transform!K$50="",0,CUBIC(Transform!$J$52:$J$78,Transform!$K$52:$K$78,$B106))	1.6912471617352147
G107	IF(Transform!K$50="",0,CUBIC(Transform!$J$52:$J$78,Transform!$K$52:$K$78,$B107))	1.6985629265584556
G108	IF(Transform!K$50="",0,CUBIC(Transform!$J$52:$J$78,Transform!$K$52:$K$78,$B108))	1.7016926735359503
G109	IF(Transform!K$50="",0,CUBIC(Transform!$J$52:$J$78,Transform!$K$52:$K$78,$B109))	1.7027027027027026
G11		Y
G110		
G114		17
G115		3.44
G116		0
G117	CUBIC($C$84:$W$84,$C$86:$W$86,G115)	4.1675724515099224E-2
G118	CUBIC($C$84:$W$84,$C$87:$W$87,G115)	6.9998678635844927E-2
G119	CUBIC($C$84:$W$84,$C$88:$W$88,G115)	0.12566762277574772
G12	'Basis Hull'!G13	0
G120	CUBIC($C$84:$W$84,$C$89:$W$89,G115)	0.27944134556272426
G121	CUBIC($C$84:$W$84,$C$90:$W$90,G115)	0.49487877889576848
G122	CUBIC($C$84:$W$84,$C$91:$W$91,G115)	0.71088163073820609
G123	CUBIC($C$84:$W$84,$C$92:$W$92,G115)	0.90064350640877089
G124	CUBIC($C$84:$W$84,$C$93:$W$93,G115)	1.0507934052760441
G125	CUBIC($C$84:$W$84,$C$94:$W$94,G115)	1.1656610923784725
G126	CUBIC($C$84:$W$84,$C$95:$W$95,G115)	1.2540384688125663
G127	CUBIC($C$84:$W$84,$C$96:$W$96,G115)	1.3306388926610788
G128	CUBIC($C$84:$W$84,$C$97:$W$97,G115)	1.4065893888808565
G129	CUBIC($C$84:$W$84,$C$98:$W$98,G115)	1.4730563377671984
G13	'Basis Hull'!G14	0
G130	CUBIC($C$84:$W$84,$C$99:$W$99,G115)	1.5225478746516619
G131	CUBIC($C$84:$W$84,$C$100:$W$100,G115)	1.5618287280454619
G132	CUBIC($C$84:$W$84,$C$101:$W$101,G115)	1.5961031035079882
G133	CUBIC($C$84:$W$84,$C$102:$W$102,G115)	1.624453077748808
G134	CUBIC($C$84:$W$84,$C$103:$W$103,G115)	1.6464327760672339
G135	CUBIC($C$84:$W$84,$C$104:$W$104,G115)	1.6640995711095043
G136	CUBIC($C$84:$W$84,$C$105:$W$105,G115)	1.6792911166414435
G137	CUBIC($C$84:$W$84,$C$106:$W$106,G115)	1.6912471617352147
G138	CUBIC($C$84:$W$84,$C$107:$W$107,G115)	1.6985629265584556
G139	CUBIC($C$84:$W$84,$C$108:$W$108,G115)	1.7016926735359503
G14	'Basis Hull'!G15	0
G140	CUBIC($C$84:$W$84,$C$109:$W$109,G115)	1.7027027027027026
G141		
G142		
G143		17
G144		3.44
G145		0
G146		1.6005640819397936E-3
G147		5.7531633224780993E-3
G148		1.2473364195966136E-2
G149		2.646418279161324E-2
G15	'Basis Hull'!G16	7.0000000000000007E-2
G150		5.4723997832969246E-2
G151		9.8647747524905016E-2
G152		0.15775643414478019
G153		0.22902880110665966
G154		0.31013958532269664
G155		0.39837718202755379
G156		0.49273394998251857
G157		0.59241289035520717
G158		0.69763106630773364
G159		0.80682100946010016
G16	'Basis Hull'!G17	0.38
G160		0.91942112169292511
G161		1.0344660137392339
G162		1.1520421617581458
G163		1.271210587815599
G164		1.3920421140910997
G165		1.5138316129545812
G166		1.6368600946323268
G167		1.760359039451058
G168		1.884465444599462
G169		2.0084710334227065
G17	'Basis Hull'!G18	0.88
G170		
G171		17
G172		3.44
G173		0
G174		7.6819163046342511E-5
G175		5.4355875691812256E-4
G176		1.8112930155682607E-3
G177		5.4452853349254435E-3
G178		1.4788740074982107E-2
G179		3.2526843005830385E-2
G18	'Basis Hull'!G19	1.32
G180		6.0584559710246934E-2
G181		9.9677924642768895E-2
G182		0.14994441662249924
G183		0.21117300680212914
G184		0.28337852772478
G185		0.36707617748201149
G186		0.46291590811214256
G187		0.57052271796609011
G188		0.68948391919125429
G189		0.81963980186420071
G19	'Basis Hull'!G20	1.58
G190		0.96098612048896925
G191		1.1131936284231052
G192		1.2760563226168955
G193		1.4493830745172787
G194		1.6331306573739464
G195		1.8269123513850729
G196		2.0303494186521802
G197		2.243024178117873
G198		
G199		
G20	'Basis Hull'!G21	1.78
G200		17
G201		3.44
G202		0
G203		2.1107746696196349E-5
G204		1.4397734976282368E-4
G205		4.7232188262877047E-4
G206		1.9201870788248109E-3
G207		7.4364373992705868E-3
G208		2.0915710120760041E-2
G209		4.4836301152485665E-2
G21	'Basis Hull'!G22	1.92
G210		7.9907169551774723E-2
G211		0.12488168554737161
G212		0.17848858749763064
G213		0.23935861087716392
G214		0.30771521854930139
G215		0.38342334648103737
G216		0.46541240510353871
G217		0.55212592374990144
G218		0.64312166092712519
G219		0.73767863333266015
G22	'Basis Hull'!G23	2.02
G220		0.83530176591421923
G221		0.9351738956619271
G222		1.0371310775386058
G223		1.1406727372184793
G224		1.2455074970308551
G225		1.3508737317568658
G226		1.4565689732626874
G227		
G228		
G229		17
G23	'Basis Hull'!G24	2.1
G230		3.44
G231		0
G232	G231+IF(AND(G116=0,G117=0),0,SQRT((G117-G116)^2+($B117-$B116)^2))	8.3986345864290476E-2
G233		0.16221057489790669
G234		0.25394863471731532
G235		0.42413440996760965
G236		0.65157699164243077
G237		0.87955521929113378
G238		1.0828442001429956
G239		1.2497628402274097
G24	'Basis Hull'!G25	2.145
G240		1.3858195409739704
G241		1.5003944114436825
G242		1.6061510434416313
G243		1.7114378809561479
G244		1.8101024418280098
G245		1.8982287857948623
G246		1.9810528506620433
G247		2.0616231497251847
G248		2.1398571660942354
G249		2.2160145519208694
G25	'Basis Hull'!G26	0
G250		2.2910409201179465
G251		2.3655232893970366
G252		2.4394136628705958
G253		2.5126964077204357
G254		2.5856802113615238
G255		2.6586038730681021
G256		
G257		m
G258		m
G259		2
G26	'Basis Hull'!G27	0
G260		17
G261		3.44
G262		1.4951822338292522
G263		0.74145216930092062
G264		0.50515494667348049
G265		0.41593028059611575
G266		1.8471269943374446
G267	G261-$C$279	-4.5812437317644843
G268		
G269		
G27	'Basis Hull'!G28	0
G270		
G271		
G272		
G273		
G274		
G275		
G276		
G277		
G278		
G279		
G28	'Basis Hull'!G29	0
G280		
G281		
G282		
G284		m
G285		m
G286		2
G287		17
G288		3.44
G289		1.2854575434549729
G29	'Basis Hull'!G30	0
G290		0.43633927542816009
G291		0.23932629770861966
G292		0.20248820069397133
G293		1.5437207672500337
G294		-4.8614744274718653
G295		
G296		
G297		
G298		
G299		
G30	'Basis Hull'!G31	0
G300		
G301		
G302		
G303		
G304		
G305		
G306		
G307		
G308		
G309		
G31	'Basis Hull'!G32	0
G315		2
G316		2
G317		17
G318		3.44
G319		2.6586038730681021
G32	'Basis Hull'!G33	0
G33	'Basis Hull'!G34	0
G34	'Basis Hull'!G35	0
G35	'Basis Hull'!G36	0
G36	'Basis Hull'!G37	0
G37	'Basis Hull'!G38	0
G38	'Basis Hull'!G39	0
G39		27
G4		Design Draught
G43		Design Draught
G44		Load Draught
G46		Water Density
G48		
G49	G9	19
G50	($E$44/2)*(1-(($E$4/2-G10)/($E$4/2)+($T$45*($E$4/2-G10)/($E$4/2)*(1-($E$4/2-G10)/($E$4/2)))/($O$2*(1-2*$O$3))))+Input!$B$13*'Basis Hull'!G41	1.7199999999999995
G51		Y
G52	G12*$E$45/$E$5	0
G53		0
G54		0
G55		5.2972972972972973E-2
G56		0.28756756756756752
G57		0.66594594594594592
G58		0.99891891891891882
G59		1.1956756756756755
G6		Water Density
G60		1.347027027027027
G61		1.4529729729729728
G62		1.5286486486486486
G63		1.5891891891891892
G64		1.6232432432432431
G65		0
G66		0
G67		0
G68		0
G69		0
G70		0
G71		0
G72		0
G73		0
G74		0
G75		0
G76		0
G77		0
G78		0
G79		27
G8		
G83		17
G84	K50	3.44
G85	IF(Transform!K$50="",0,CUBIC(Transform!$J$52:$J$78,Transform!$K$52:$K$78,$B85))	0
G86	IF(Transform!K$50="",0,CUBIC(Transform!$J$52:$J$78,Transform!$K$52:$K$78,$B86))	4.1675724515099224E-2
G87	IF(Transform!K$50="",0,CUBIC(Transform!$J$52:$J$78,Transform!$K$52:$K$78,$B87))	6.9998678635844927E-2
G88	IF(Transform!K$50="",0,CUBIC(Transform!$J$52:$J$78,Transform!$K$52:$K$78,$B88))	0.12566762277574772
G89	IF(Transform!K$50="",0,CUBIC(Transform!$J$52:$J$78,Transform!$K$52:$K$78,$B89))	0.27944134556272426
G9		19
G90	IF(Transform!K$50="",0,CUBIC(Transform!$J$52:$J$78,Transform!$K$52:$K$78,$B90))	0.49487877889576848
G91	IF(Transform!K$50="",0,CUBIC(Transform!$J$52:$J$78,Transform!$K$52:$K$78,$B91))	0.71088163073820609
G92	IF(Transform!K$50="",0,CUBIC(Transform!$J$52:$J$78,Transform!$K$52:$K$78,$B92))	0.90064350640877089
G93	IF(Transform!K$50="",0,CUBIC(Transform!$J$52:$J$78,Transform!$K$52:$K$78,$B93))	1.0507934052760441
G94	IF(Transform!K$50="",0,CUBIC(Transform!$J$52:$J$78,Transform!$K$52:$K$78,$B94))	1.1656610923784725
G95	IF(Transform!K$50="",0,CUBIC(Transform!$J$52:$J$78,Transform!$K$52:$K$78,$B95))	1.2540384688125663
G96	IF(Transform!K$50="",0,CUBIC(Transform!$J$52:$J$78,Transform!$K$52:$K$78,$B96))	1.3306388926610788
G97	IF(Transform!K$50="",0,CUBIC(Transform!$J$52:$J$78,Transform!$K$52:$K$78,$B97))	1.4065893888808565
G98	IF(Transform!K$50="",0,CUBIC(Transform!$J$52:$J$78,Transform!$K$52:$K$78,$B98))	1.4730563377671984
G99	IF(Transform!K$50="",0,CUBIC(Transform!$J$52:$J$78,Transform!$K$52:$K$78,$B99))	1.5225478746516619
H10		X  =
H100	IF(Transform!M$50="",0,CUBIC(Transform!$L$52:$L$78,Transform!$M$52:$M$78,$B100))	1.6109453865838539
H101	IF(Transform!M$50="",0,CUBIC(Transform!$L$52:$L$78,Transform!$M$52:$M$78,$B101))	1.6388883925512412
H102	IF(Transform!M$50="",0,CUBIC(Transform!$L$52:$L$78,Transform!$M$52:$M$78,$B102))	1.6617166227795439
H103	IF(Transform!M$50="",0,CUBIC(Transform!$L$52:$L$78,Transform!$M$52:$M$78,$B103))	1.6785221231054797
H104	IF(Transform!M$50="",0,CUBIC(Transform!$L$52:$L$78,Transform!$M$52:$M$78,$B104))	1.6895174613135941
H105	IF(Transform!M$50="",0,CUBIC(Transform!$L$52:$L$78,Transform!$M$52:$M$78,$B105))	1.6954901977598911
H106	IF(Transform!M$50="",0,CUBIC(Transform!$L$52:$L$78,Transform!$M$52:$M$78,$B106))	1.6983593348149291
H107	IF(Transform!M$50="",0,CUBIC(Transform!$L$52:$L$78,Transform!$M$52:$M$78,$B107))	1.7000767462503339
H108	IF(Transform!M$50="",0,CUBIC(Transform!$L$52:$L$78,Transform!$M$52:$M$78,$B108))	1.701468938001935
H109	IF(Transform!M$50="",0,CUBIC(Transform!$L$52:$L$78,Transform!$M$52:$M$78,$B109))	1.7027027027027026
H11		Z
H110		
H114		16
H115		4.3
H116		6.0540540540540533E-2
H117	CUBIC($C$84:$W$84,$C$86:$W$86,H115)	6.4790346219262746E-2
H118	CUBIC($C$84:$W$84,$C$87:$W$87,H115)	8.5690606001584665E-2
H119	CUBIC($C$84:$W$84,$C$88:$W$88,H115)	0.19573964371753436
H12	'Basis Hull'!H13	0
H120	CUBIC($C$84:$W$84,$C$89:$W$89,H115)	0.44126856955001215
H121	CUBIC($C$84:$W$84,$C$90:$W$90,H115)	0.72107362584788315
H122	CUBIC($C$84:$W$84,$C$91:$W$91,H115)	0.95593256943324056
H123	CUBIC($C$84:$W$84,$C$92:$W$92,H115)	1.1162830497202489
H124	CUBIC($C$84:$W$84,$C$93:$W$93,H115)	1.213948364925759
H125	CUBIC($C$84:$W$84,$C$94:$W$94,H115)	1.2893532949748689
H126	CUBIC($C$84:$W$84,$C$95:$W$95,H115)	1.3620909921736852
H127	CUBIC($C$84:$W$84,$C$96:$W$96,H115)	1.4325478607304249
H128	CUBIC($C$84:$W$84,$C$97:$W$97,H115)	1.496138741707306
H129	CUBIC($C$84:$W$84,$C$98:$W$98,H115)	1.5445503490775974
H13	'Basis Hull'!H14	0.19999999999999998
H130	CUBIC($C$84:$W$84,$C$99:$W$99,H115)	1.5800482473610737
H131	CUBIC($C$84:$W$84,$C$100:$W$100,H115)	1.6109453865838539
H132	CUBIC($C$84:$W$84,$C$101:$W$101,H115)	1.6388883925512412
H133	CUBIC($C$84:$W$84,$C$102:$W$102,H115)	1.6617166227795439
H134	CUBIC($C$84:$W$84,$C$103:$W$103,H115)	1.6785221231054797
H135	CUBIC($C$84:$W$84,$C$104:$W$104,H115)	1.6895174613135941
H136	CUBIC($C$84:$W$84,$C$105:$W$105,H115)	1.6954901977598911
H137	CUBIC($C$84:$W$84,$C$106:$W$106,H115)	1.6983593348149291
H138	CUBIC($C$84:$W$84,$C$107:$W$107,H115)	1.7000767462503339
H139	CUBIC($C$84:$W$84,$C$108:$W$108,H115)	1.701468938001935
H14	'Basis Hull'!H15	0.39999999999999997
H140	CUBIC($C$84:$W$84,$C$109:$W$109,H115)	1.7027027027027026
H141		
H142		
H143		16
H144		4.3
H145		0
H146		4.4681806121410943E-3
H147		9.8532906942160881E-3
H148		1.91315378954812E-2
H149		4.1691569350299905E-2
H15	'Basis Hull'!H16	0.6
H150		8.4316304681447379E-2
H151		0.14575569954690926
H152		0.22191216812973785
H153		0.30702337986871475
H154		0.39840525365330409
H155		0.49498924014299406
H156		0.59698808653802715
H157		0.7037355881902817
H158		0.81480604569240467
H159		0.9286686392237935
H16	'Basis Hull'!H17	0.79999999999999993
H160		1.0451179244276139
H161		1.1635263729173146
H162		1.2839981642087892
H163		1.4057136612764267
H164		1.5286414212768635
H165		1.6519795472585039
H166		1.7758249737427545
H167		1.8996289569213149
H168		2.0237449279258359
H169		2.1477559930557781
H17	'Basis Hull'!H18	0.99999999999999989
H170		
H171		16
H172		4.3
H173		0
H174		1.6478537965142396E-4
H175		7.6304207346393222E-4
H176		2.5352704832336944E-3
H177		8.3578492756437618E-3
H178		2.2478533087632511E-2
H179		4.7210025504524702E-2
H18	'Basis Hull'!H19	1.2
H180		8.3377145140593578E-2
H181		0.12998101359337205
H182		0.18663817397962543
H183		0.2535961596275037
H184		0.33169193716965867
H185		0.42126569644838763
H186		0.52248115121015748
H187		0.63463219555368677
H188		0.75770886468890275
H189		0.89161212299894144
H19	'Basis Hull'!H20	1.4
H190		1.0364924586181268
H191		1.1918936912657472
H192		1.3576360043926656
H193		1.5331046263176695
H194		1.7181276886818111
H195		1.9123259135124324
H196		2.1158381262716617
H197		2.3284602842932833
H198		
H199		
H20	'Basis Hull'!H21	1.5999999999999999
H200		16
H201		4.3
H202		0
H203		1.4322520860855887E-4
H204		3.3783741321345787E-4
H205		1.0168071849885614E-3
H206		4.655924288981015E-3
H207		1.7266687197746464E-2
H208		4.3402792454687991E-2
H209		8.3150095724471657E-2
H21	'Basis Hull'!H22	1.7999999999999998
H210		0.1329909933030575
H211		0.19013345697491074
H212		0.25425979758260225
H213		0.32546427196574496
H214		0.40376930364114461
H215		0.48820884808221005
H216		0.57728091310709018
H217		0.67009935976177104
H218		0.7664156604511152
H219		0.86576233681305736
H22	'Basis Hull'!H23	1.9999999999999998
H220		0.96752712144203168
H221		1.0709682781371277
H222		1.1754611557432812
H223		1.2804535074344408
H224		1.3857363635925368
H225		1.4911883221009694
H226		1.5968233520892687
H227		
H228		
H229		16
H23	'Basis Hull'!H24	2.1999999999999997
H230		4.3
H231		6.0540540540540533E-2
H232	H231+IF(AND(H116=0,H117=0),0,SQRT((H117-H116)^2+($B117-$B116)^2))	0.13358094802903062
H233		0.20943383944884614
H234		0.34144759244444994
H235		0.59757508745080057
H236		0.88672506550307806
H237		1.1326428640858726
H238		1.3087936994686546
H239		1.4306762415818277
H24	'Basis Hull'!H25	2.4
H240		1.53557020591481
H241		1.6385634720615074
H242		1.7399587905165499
H243		1.836709193209219
H244		1.9242336126928867
H245		2.0053319546014721
H246		2.0845245899278058
H247		2.1626120528157191
H248		2.239018651831342
H249		2.3138468892753901
H25	'Basis Hull'!H26	0
H250		2.3875879073053077
H251		2.4607487838612556
H252		2.5337218763352518
H253		2.6066587653545694
H254		2.6795887213099312
H255		2.7525158250033774
H256		
H257		
H258		
H259		4
H26	'Basis Hull'!H27	0
H260		16
H261		4.3
H262		1.5605091670407227
H263		0.8606651202526483
H264		0.56666409094019832
H265		0.52378818332918786
H266		1.9579110649907279
H267		-3.721243731764484
H268		
H269		
H27	'Basis Hull'!H28	0
H270		
H271		
H272		
H273		
H274		
H275		
H276		
H277		
H278		
H279		
H28	'Basis Hull'!H29	0
H280		
H281		
H282		
H284		
H285		
H286		4
H287		16
H288		4.3
H289		1.3917478256940139
H29	'Basis Hull'!H30	0
H290		0.53614735779821054
H291		0.28416111695156221
H292		0.28253433763422298
H293		1.680610084888204
H294		-4.001474427471865
H295		
H296		
H297		
H298		
H299		
H30	'Basis Hull'!H31	0
H300		
H301		
H302		
H303		
H304		
H305		
H306		
H307		
H308		
H309		
H31	'Basis Hull'!H32	0
H315		4
H316		4
H317		16
H318		4.3
H319		2.7525158250033774
H32	'Basis Hull'!H33	0
H33	'Basis Hull'!H34	0
H34	'Basis Hull'!H35	0
H35	'Basis Hull'!H36	0
H36	'Basis Hull'!H37	0
H37	'Basis Hull'!H38	0
H38	'Basis Hull'!H39	0
H39		27
H48		
H49		Number:
H50		X  =
H51		Z
H52	H12	0
H53	IF(H13<$I$4,H13*$I$43/$I$4,$I$43+(H13-$I$4)*($E$46-$I$43)/($E$6-$I$4))-Input!$B$14*H13/$E$6*(1-H13/$E$6)*I$10/$E$4*(1-I$10/$E$4)	0.12005659578210232
H54	IF(H14<$I$4,H14*$I$43/$I$4,$I$43+(H14-$I$4)*($E$46-$I$43)/($E$6-$I$4))-Input!$B$14*H14/$E$6*(1-H14/$E$6)*I$10/$E$4*(1-I$10/$E$4)	0.24919381051291334
H55	IF(H15<$I$4,H15*$I$43/$I$4,$I$43+(H15-$I$4)*($E$46-$I$43)/($E$6-$I$4))-Input!$B$14*H15/$E$6*(1-H15/$E$6)*I$10/$E$4*(1-I$10/$E$4)	0.38741164419243307
H56	IF(H16<$I$4,H16*$I$43/$I$4,$I$43+(H16-$I$4)*($E$46-$I$43)/($E$6-$I$4))-Input!$B$14*H16/$E$6*(1-H16/$E$6)*I$10/$E$4*(1-I$10/$E$4)	0.53471009682066128
H57	IF(H17<$I$4,H17*$I$43/$I$4,$I$43+(H17-$I$4)*($E$46-$I$43)/($E$6-$I$4))-Input!$B$14*H17/$E$6*(1-H17/$E$6)*I$10/$E$4*(1-I$10/$E$4)	0.69108916839759837
H58	IF(H18<$I$4,H18*$I$43/$I$4,$I$43+(H18-$I$4)*($E$46-$I$43)/($E$6-$I$4))-Input!$B$14*H18/$E$6*(1-H18/$E$6)*I$10/$E$4*(1-I$10/$E$4)	0.84494885892324401
H59	IF(H19<$I$4,H19*$I$43/$I$4,$I$43+(H19-$I$4)*($E$46-$I$43)/($E$6-$I$4))-Input!$B$14*H19/$E$6*(1-H19/$E$6)*I$10/$E$4*(1-I$10/$E$4)	0.97308916839759851
H60	IF(H20<$I$4,H20*$I$43/$I$4,$I$43+(H20-$I$4)*($E$46-$I$43)/($E$6-$I$4))-Input!$B$14*H20/$E$6*(1-H20/$E$6)*I$10/$E$4*(1-I$10/$E$4)	1.1103100968206614
H61	IF(H21<$I$4,H21*$I$43/$I$4,$I$43+(H21-$I$4)*($E$46-$I$43)/($E$6-$I$4))-Input!$B$14*H21/$E$6*(1-H21/$E$6)*I$10/$E$4*(1-I$10/$E$4)	1.2566116441924331
H62	IF(H22<$I$4,H22*$I$43/$I$4,$I$43+(H22-$I$4)*($E$46-$I$43)/($E$6-$I$4))-Input!$B$14*H22/$E$6*(1-H22/$E$6)*I$10/$E$4*(1-I$10/$E$4)	1.4119938105129133
H63	IF(H23<$I$4,H23*$I$43/$I$4,$I$43+(H23-$I$4)*($E$46-$I$43)/($E$6-$I$4))-Input!$B$14*H23/$E$6*(1-H23/$E$6)*I$10/$E$4*(1-I$10/$E$4)	1.5764565957821022
H64	IF(H24<$I$4,H24*$I$43/$I$4,$I$43+(H24-$I$4)*($E$46-$I$43)/($E$6-$I$4))-Input!$B$14*H24/$E$6*(1-H24/$E$6)*I$10/$E$4*(1-I$10/$E$4)	1.75
H65	IF(H25<$I$4,H25*$I$43/$I$4,$I$43+(H25-$I$4)*($E$46-$I$43)/($E$6-$I$4))-Input!$B$14*H25/$E$6*(1-H25/$E$6)*I$10/$E$4*(1-I$10/$E$4)	0
H66	IF(H26<$I$4,H26*$I$43/$I$4,$I$43+(H26-$I$4)*($E$46-$I$43)/($E$6-$I$4))-Input!$B$14*H26/$E$6*(1-H26/$E$6)*I$10/$E$4*(1-I$10/$E$4)	0
H67	IF(H27<$I$4,H27*$I$43/$I$4,$I$43+(H27-$I$4)*($E$46-$I$43)/($E$6-$I$4))-Input!$B$14*H27/$E$6*(1-H27/$E$6)*I$10/$E$4*(1-I$10/$E$4)	0
H68	IF(H28<$I$4,H28*$I$43/$I$4,$I$43+(H28-$I$4)*($E$46-$I$43)/($E$6-$I$4))-Input!$B$14*H28/$E$6*(1-H28/$E$6)*I$10/$E$4*(1-I$10/$E$4)	0
H69	IF(H29<$I$4,H29*$I$43/$I$4,$I$43+(H29-$I$4)*($E$46-$I$43)/($E$6-$I$4))-Input!$B$14*H29/$E$6*(1-H29/$E$6)*I$10/$E$4*(1-I$10/$E$4)	0
H70	IF(H30<$I$4,H30*$I$43/$I$4,$I$43+(H30-$I$4)*($E$46-$I$43)/($E$6-$I$4))-Input!$B$14*H30/$E$6*(1-H30/$E$6)*I$10/$E$4*(1-I$10/$E$4)	0
H71	IF(H31<$I$4,H31*$I$43/$I$4,$I$43+(H31-$I$4)*($E$46-$I$43)/($E$6-$I$4))-Input!$B$14*H31/$E$6*(1-H31/$E$6)*I$10/$E$4*(1-I$10/$E$4)	0
H72	IF(H32<$I$4,H32*$I$43/$I$4,$I$43+(H32-$I$4)*($E$46-$I$43)/($E$6-$I$4))-Input!$B$14*H32/$E$6*(1-H32/$E$6)*I$10/$E$4*(1-I$10/$E$4)	0
H73	IF(H33<$I$4,H33*$I$43/$I$4,$I$43+(H33-$I$4)*($E$46-$I$43)/($E$6-$I$4))-Input!$B$14*H33/$E$6*(1-H33/$E$6)*I$10/$E$4*(1-I$10/$E$4)	0
H74	IF(H34<$I$4,H34*$I$43/$I$4,$I$43+(H34-$I$4)*($E$46-$I$43)/($E$6-$I$4))-Input!$B$14*H34/$E$6*(1-H34/$E$6)*I$10/$E$4*(1-I$10/$E$4)	0
H75	IF(H35<$I$4,H35*$I$43/$I$4,$I$43+(H35-$I$4)*($E$46-$I$43)/($E$6-$I$4))-Input!$B$14*H35/$E$6*(1-H35/$E$6)*I$10/$E$4*(1-I$10/$E$4)	0
H76	IF(H36<$I$4,H36*$I$43/$I$4,$I$43+(H36-$I$4)*($E$46-$I$43)/($E$6-$I$4))-Input!$B$14*H36/$E$6*(1-H36/$E$6)*I$10/$E$4*(1-I$10/$E$4)	0
H77	IF(H37<$I$4,H37*$I$43/$I$4,$I$43+(H37-$I$4)*($E$46-$I$43)/($E$6-$I$4))-Input!$B$14*H37/$E$6*(1-H37/$E$6)*I$10/$E$4*(1-I$10/$E$4)	0
H78	IF(H38<$I$4,H38*$I$43/$I$4,$I$43+(H38-$I$4)*($E$46-$I$43)/($E$6-$I$4))-Input!$B$14*H38/$E$6*(1-H38/$E$6)*I$10/$E$4*(1-I$10/$E$4)	0
H79		27
H8		
H83		16
H84	M50	4.3
H85	IF(Transform!M$50="",0,CUBIC(Transform!$L$52:$L$78,Transform!$M$52:$M$78,$B85))	6.0540540540540533E-2
H86	IF(Transform!M$50="",0,CUBIC(Transform!$L$52:$L$78,Transform!$M$52:$M$78,$B86))	6.4790346219262746E-2
H87	IF(Transform!M$50="",0,CUBIC(Transform!$L$52:$L$78,Transform!$M$52:$M$78,$B87))	8.5690606001584665E-2
H88	IF(Transform!M$50="",0,CUBIC(Transform!$L$52:$L$78,Transform!$M$52:$M$78,$B88))	0.19573964371753436
H89	IF(Transform!M$50="",0,CUBIC(Transform!$L$52:$L$78,Transform!$M$52:$M$78,$B89))	0.44126856955001215
H9		Number:
H90	IF(Transform!M$50="",0,CUBIC(Transform!$L$52:$L$78,Transform!$M$52:$M$78,$B90))	0.72107362584788315
H91	IF(Transform!M$50="",0,CUBIC(Transform!$L$52:$L$78,Transform!$M$52:$M$78,$B91))	0.95593256943324056
H92	IF(Transform!M$50="",0,CUBIC(Transform!$L$52:$L$78,Transform!$M$52:$M$78,$B92))	1.1162830497202489
H93	IF(Transform!M$50="",0,CUBIC(Transform!$L$52:$L$78,Transform!$M$52:$M$78,$B93))	1.213948364925759
H94	IF(Transform!M$50="",0,CUBIC(Transform!$L$52:$L$78,Transform!$M$52:$M$78,$B94))	1.2893532949748689
H95	IF(Transform!M$50="",0,CUBIC(Transform!$L$52:$L$78,Transform!$M$52:$M$78,$B95))	1.3620909921736852
H96	IF(Transform!M$50="",0,CUBIC(Transform!$L$52:$L$78,Transform!$M$52:$M$78,$B96))	1.4325478607304249
H97	IF(Transform!M$50="",0,CUBIC(Transform!$L$52:$L$78,Transform!$M$52:$M$78,$B97))	1.496138741707306
H98	IF(Transform!M$50="",0,CUBIC(Transform!$L$52:$L$78,Transform!$M$52:$M$78,$B98))	1.5445503490775974
H99	IF(Transform!M$50="",0,CUBIC(Transform!$L$52:$L$78,Transform!$M$52:$M$78,$B99))	1.5800482473610737
I10	'Basis Hull'!I11	4.8525000000000009
I100	IF(Transform!O$50="",0,CUBIC(Transform!$N$52:$N$78,Transform!$O$52:$O$78,$B100))	1.6394422336209393
I101	IF(Transform!O$50="",0,CUBIC(Transform!$N$52:$N$78,Transform!$O$52:$O$78,$B101))	1.658543113873636
I102	IF(Transform!O$50="",0,CUBIC(Transform!$N$52:$N$78,Transform!$O$52:$O$78,$B102))	1.6753724617052372
I103	IF(Transform!O$50="",0,CUBIC(Transform!$N$52:$N$78,Transform!$O$52:$O$78,$B103))	1.6893990214124481
I104	IF(Transform!O$50="",0,CUBIC(Transform!$N$52:$N$78,Transform!$O$52:$O$78,$B104))	1.6983221379551012
I105	IF(Transform!O$50="",0,CUBIC(Transform!$N$52:$N$78,Transform!$O$52:$O$78,$B105))	1.7019774265078191
I106	IF(Transform!O$50="",0,CUBIC(Transform!$N$52:$N$78,Transform!$O$52:$O$78,$B106))	1.7026949491072674
I107	IF(Transform!O$50="",0,CUBIC(Transform!$N$52:$N$78,Transform!$O$52:$O$78,$B107))	1.7027168150863137
I108	IF(Transform!O$50="",0,CUBIC(Transform!$N$52:$N$78,Transform!$O$52:$O$78,$B108))	1.7027150902693178
I109	IF(Transform!O$50="",0,CUBIC(Transform!$N$52:$N$78,Transform!$O$52:$O$78,$B109))	1.7027027027027026
I11		Y
I110		
I114		15
I115		5.16
I116		6.0540540540540526E-2
I117	CUBIC($C$84:$W$84,$C$86:$W$86,I115)	6.8138131398385843E-2
I118	CUBIC($C$84:$W$84,$C$87:$W$87,I115)	8.18322262182892E-2
I119	CUBIC($C$84:$W$84,$C$88:$W$88,I115)	0.27815775832931777
I12	'Basis Hull'!I13	0
I120	CUBIC($C$84:$W$84,$C$89:$W$89,I115)	0.66224710264727127
I121	CUBIC($C$84:$W$84,$C$90:$W$90,I115)	0.93954429548007412
I122	CUBIC($C$84:$W$84,$C$91:$W$91,I115)	1.0846019126938546
I123	CUBIC($C$84:$W$84,$C$92:$W$92,I115)	1.195006169876879
I124	CUBIC($C$84:$W$84,$C$93:$W$93,I115)	1.288476222454751
I125	CUBIC($C$84:$W$84,$C$94:$W$94,I115)	1.3618386883276088
I126	CUBIC($C$84:$W$84,$C$95:$W$95,I115)	1.4223715973842723
I127	CUBIC($C$84:$W$84,$C$96:$W$96,I115)	1.4790653358321899
I128	CUBIC($C$84:$W$84,$C$97:$W$97,I115)	1.5318957455821061
I129	CUBIC($C$84:$W$84,$C$98:$W$98,I115)	1.5776592564219043
I13	'Basis Hull'!I14	0
I130	CUBIC($C$84:$W$84,$C$99:$W$99,I115)	1.6138151042261961
I131	CUBIC($C$84:$W$84,$C$100:$W$100,I115)	1.6394422336209395
I132	CUBIC($C$84:$W$84,$C$101:$W$101,I115)	1.6585431138736362
I133	CUBIC($C$84:$W$84,$C$102:$W$102,I115)	1.6753724617052372
I134	CUBIC($C$84:$W$84,$C$103:$W$103,I115)	1.6893990214124481
I135	CUBIC($C$84:$W$84,$C$104:$W$104,I115)	1.6983221379551012
I136	CUBIC($C$84:$W$84,$C$105:$W$105,I115)	1.7019774265078191
I137	CUBIC($C$84:$W$84,$C$106:$W$106,I115)	1.7026949491072674
I138	CUBIC($C$84:$W$84,$C$107:$W$107,I115)	1.7027168150863137
I139	CUBIC($C$84:$W$84,$C$108:$W$108,I115)	1.7027150902693178
I14	'Basis Hull'!I15	0.1
I140	CUBIC($C$84:$W$84,$C$109:$W$109,I115)	1.7027027027027026
I141		
I142		
I143		15
I144		5.16
I145		0
I146		4.6543651855039071E-3
I147		1.0084989744675735E-2
I148		2.1027190054274822E-2
I149		5.5213366603286219E-2
I15	'Basis Hull'!I16	0.35
I150		0.11500924995284892
I151		0.18901608667561245
I152		0.27233809305328849
I153		0.36287622453183765
I154		0.45975214942885945
I155		0.56116587040699806
I156		0.66708802753954766
I157		0.77676899819889378
I158		0.89031772553287281
I159		1.0066107868394196
I16	'Basis Hull'!I17	0.83
I160		1.1254098552156278
I161		1.2455374884647152
I162		1.3672255151314092
I163		1.4897945158075945
I164		1.6134721637326972
I165		1.7373384567735135
I166		1.8616058010648344
I167		1.9856312285310218
I168		2.1099180965441846
I169		2.2339435866979107
I17	'Basis Hull'!I18	1.29
I170		
I171		15
I172		5.16
I173		0
I174		1.73056662145419E-4
I175		7.7309866621368519E-4
I176		2.932973892704591E-3
I177		1.1673588834974404E-2
I178		3.1516570223089742E-2
I179		6.1204361549866304E-2
I18	'Basis Hull'!I19	1.6
I180		0.10080068907394191
I181		0.1503067959612282
I182		0.21042122924427231
I183		0.28067167617428007
I184		0.36181139882034291
I185		0.45379745905820562
I186		0.55731212060721425
I187		0.67181350525556027
I188		0.79741149973224412
I189		0.93321885571930685
I19	'Basis Hull'!I20	1.8
I190		1.0795934480619453
I191		1.2360504811737543
I192		1.4028328476054848
I193		1.5790242751772352
I194		1.7647021518943387
I195		1.9592238923345784
I196		2.163036494921577
I197		2.3756643846658685
I198		
I199		
I20	'Basis Hull'!I21	1.95
I200		15
I201		5.16
I202		0
I203		1.5109647420103519E-4
I204		3.5161498383760084E-4
I205		1.4733259450766239E-3
I206		9.5239810359452025E-3
I207		3.4460827422207414E-2
I208		7.2061038790499507E-2
I209		0.11972749279899109
I21	'Basis Hull'!I22	2.06
I210		0.17595138407379751
I211		0.24032349598781594
I212		0.31086824643987632
I213		0.38779505688031135
I214		0.47031734062240615
I215		0.55870517682571119
I216		0.65148048434496209
I217		0.74822016693834514
I218		0.8472161347010112
I219		0.94871310679236664
I22	'Basis Hull'!I23	2.14
I220		1.051775650310762
I221		1.1566161107634465
I222		1.261872733395407
I223		1.3677144401166887
I224		1.4732417689875428
I225		1.5791167124170338
I226		1.6846441480237324
I227		
I228		
I229		15
I23	'Basis Hull'!I24	2.19
I230		5.16
I231		6.0540540540540526E-2
I232	I231+IF(AND(I116=0,I117=0),0,SQRT((I117-I116)^2+($B117-$B116)^2))	0.13385195619063553
I233		0.2080433877087986
I234		0.41747250420518334
I235		0.80842194428199587
I236		1.0951458069630264
I237		1.25749897936664
I238		1.3898089951701049
I239		1.5083564160897012
I24	'Basis Hull'!I25	2.2200000000000002
I240		1.6117918629960881
I241		1.7065603881330769
I242		1.7989239104618548
I243		1.8889677468534802
I244		1.9750557204744343
I245		2.0564442061970776
I246		2.1337332095467954
I247		2.2091101549890566
I248		2.2839437518972288
I249		2.3581972680092469
I25	'Basis Hull'!I26	0
I250		2.4316578852582977
I251		2.5046661136451132
I252		2.5775863105487042
I253		2.6505029804939153
I254		2.723419647180982
I255		2.7963363148998894
I256		
I257		
I258		
I259		2
I26	'Basis Hull'!I27	0
I260		15
I261		5.16
I262		1.5934864531858359
I263		0.93716863837228925
I264		0.60244246256877998
I265		0.59581651239561229
I266		2.0086427390678843
I267		-2.8612437317644837
I268		
I269		
I27	'Basis Hull'!I28	0
I270		
I271		
I272		
I273		
I274		
I275		
I276		
I277		
I278		
I279		
I28	'Basis Hull'!I29	0
I280		
I281		
I282		
I284		
I285		
I286		2
I287		15
I288		5.16
I289		1.4460344056735905
I29	'Basis Hull'!I30	0
I290		0.60404882726128151
I291		0.31255839029558125
I292		0.34166596266480465
I293		1.744630649769219
I294		-3.1414744274718647
I295		
I296		
I297		
I298		
I299		
I30	'Basis Hull'!I31	0
I300		
I301		
I302		
I303		
I304		
I305		
I306		
I307		
I308		
I309		
I31	'Basis Hull'!I32	0
I315		2
I316		2
I317		15
I318		5.16
I319		2.7963363148998894
I32	'Basis Hull'!I33	0
I33	'Basis Hull'!I34	0
I34	'Basis Hull'!I35	0
I35	'Basis Hull'!I36	0
I36	'Basis Hull'!I37	0
I37	'Basis Hull'!I38	0
I38	'Basis Hull'!I39	0
I39		27
I4	'Basis Hull'!I5	1.1499999999999999
I43	Input!B9	0.97750000000000004
I44	Input!B10	0.75900000000000001
I45		
I46		1.0249999999999999
I48		
I49	I9	18
I5		
I50	($E$44/2)*(1-(($E$4/2-I10)/($E$4/2)+($T$45*($E$4/2-I10)/($E$4/2)*(1-($E$4/2-I10)/($E$4/2)))/($O$2*(1-2*$O$3))))+Input!$B$13*'Basis Hull'!I41	2.58
I51		Y
I52	I12*$E$45/$E$5	0
I53		0
I54		7.5675675675675666E-2
I55	I15*$E$45/$E$5	0.26486486486486482
I56		0.62810810810810802
I57		0.97621621621621613
I58		1.2108108108108107
I59		1.362162162162162
I6	'Basis Hull'!I7	1.0249999999999999
I60		1.4756756756756757
I61		1.5589189189189188
I62		1.6194594594594593
I63		1.657297297297297
I64		1.68
I65	I25*$E$45/$E$5	0
I66		0
I67		0
I68		0
I69		0
I70		0
I71		0
I72		0
I73		0
I74		0
I75		0
I76		0
I77		0
I78		0
I79		27
I8		
I83		15
I84	O50	5.1599999999999993
I85	IF(Transform!O$50="",0,CUBIC(Transform!$N$52:$N$78,Transform!$O$52:$O$78,$B85))	6.0540540540540533E-2
I86	IF(Transform!O$50="",0,CUBIC(Transform!$N$52:$N$78,Transform!$O$52:$O$78,$B86))	6.8138131398385843E-2
I87	IF(Transform!O$50="",0,CUBIC(Transform!$N$52:$N$78,Transform!$O$52:$O$78,$B87))	8.18322262182892E-2
I88	IF(Transform!O$50="",0,CUBIC(Transform!$N$52:$N$78,Transform!$O$52:$O$78,$B88))	0.27815775832931772
I89	IF(Transform!O$50="",0,CUBIC(Transform!$N$52:$N$78,Transform!$O$52:$O$78,$B89))	0.66224710264727105
I9		18
I90	IF(Transform!O$50="",0,CUBIC(Transform!$N$52:$N$78,Transform!$O$52:$O$78,$B90))	0.9395442954800739
I91	IF(Transform!O$50="",0,CUBIC(Transform!$N$52:$N$78,Transform!$O$52:$O$78,$B91))	1.0846019126938546
I92	IF(Transform!O$50="",0,CUBIC(Transform!$N$52:$N$78,Transform!$O$52:$O$78,$B92))	1.1950061698768788
I93	IF(Transform!O$50="",0,CUBIC(Transform!$N$52:$N$78,Transform!$O$52:$O$78,$B93))	1.288476222454751
I94	IF(Transform!O$50="",0,CUBIC(Transform!$N$52:$N$78,Transform!$O$52:$O$78,$B94))	1.3618386883276088
I95	IF(Transform!O$50="",0,CUBIC(Transform!$N$52:$N$78,Transform!$O$52:$O$78,$B95))	1.4223715973842721
I96	IF(Transform!O$50="",0,CUBIC(Transform!$N$52:$N$78,Transform!$O$52:$O$78,$B96))	1.4790653358321899
I97	IF(Transform!O$50="",0,CUBIC(Transform!$N$52:$N$78,Transform!$O$52:$O$78,$B97))	1.5318957455821061
I98	IF(Transform!O$50="",0,CUBIC(Transform!$N$52:$N$78,Transform!$O$52:$O$78,$B98))	1.5776592564219043
I99	IF(Transform!O$50="",0,CUBIC(Transform!$N$52:$N$78,Transform!$O$52:$O$78,$B99))	1.6138151042261959
J10		X  =
J100	IF(Transform!Q$50="",0,CUBIC(Transform!$P$52:$P$78,Transform!$Q$52:$Q$78,$B100))	1.6446390332703233
J101	IF(Transform!Q$50="",0,CUBIC(Transform!$P$52:$P$78,Transform!$Q$52:$Q$78,$B101))	1.6625200408342347
J102	IF(Transform!Q$50="",0,CUBIC(Transform!$P$52:$P$78,Transform!$Q$52:$Q$78,$B102))	1.678555491314883
J103	IF(Transform!Q$50="",0,CUBIC(Transform!$P$52:$P$78,Transform!$Q$52:$Q$78,$B103))	1.691449086702266
J104	IF(Transform!Q$50="",0,CUBIC(Transform!$P$52:$P$78,Transform!$Q$52:$Q$78,$B104))	1.6991858568680593
J105	IF(Transform!Q$50="",0,CUBIC(Transform!$P$52:$P$78,Transform!$Q$52:$Q$78,$B105))	1.7021894091722025
J106	IF(Transform!Q$50="",0,CUBIC(Transform!$P$52:$P$78,Transform!$Q$52:$Q$78,$B106))	1.7027009547042402
J107	IF(Transform!Q$50="",0,CUBIC(Transform!$P$52:$P$78,Transform!$Q$52:$Q$78,$B107))	1.7027121122151652
J108	IF(Transform!Q$50="",0,CUBIC(Transform!$P$52:$P$78,Transform!$Q$52:$Q$78,$B108))	1.7027105368475506
J109	IF(Transform!Q$50="",0,CUBIC(Transform!$P$52:$P$78,Transform!$Q$52:$Q$78,$B109))	1.7027027027027026
J11		Z
J110		
J114		14
J115		6.0200000000000005
J116		6.0540540540540533E-2
J117	CUBIC($C$84:$W$84,$C$86:$W$86,J115)	6.8078919649115929E-2
J118	CUBIC($C$84:$W$84,$C$87:$W$87,J115)	9.4436556234972061E-2
J119	CUBIC($C$84:$W$84,$C$88:$W$88,J115)	0.34654473172219846
J12	'Basis Hull'!J13	0
J120	CUBIC($C$84:$W$84,$C$89:$W$89,J115)	0.74351070066726566
J121	CUBIC($C$84:$W$84,$C$90:$W$90,J115)	0.98582148937437197
J122	CUBIC($C$84:$W$84,$C$91:$W$91,J115)	1.1164388120973254
J123	CUBIC($C$84:$W$84,$C$92:$W$92,J115)	1.2239600083745943
J124	CUBIC($C$84:$W$84,$C$93:$W$93,J115)	1.3125900187038488
J125	CUBIC($C$84:$W$84,$C$94:$W$94,J115)	1.3813726887437048
J126	CUBIC($C$84:$W$84,$C$95:$W$95,J115)	1.4399999375657624
J127	CUBIC($C$84:$W$84,$C$96:$W$96,J115)	1.4956558683427628
J128	CUBIC($C$84:$W$84,$C$97:$W$97,J115)	1.5462905645276528
J129	CUBIC($C$84:$W$84,$C$98:$W$98,J115)	1.5889894932120485
J13	'Basis Hull'!J14	0.19999999999999998
J130	CUBIC($C$84:$W$84,$C$99:$W$99,J115)	1.6216105830651539
J131	CUBIC($C$84:$W$84,$C$100:$W$100,J115)	1.6446390332703236
J132	CUBIC($C$84:$W$84,$C$101:$W$101,J115)	1.6625200408342349
J133	CUBIC($C$84:$W$84,$C$102:$W$102,J115)	1.678555491314883
J134	CUBIC($C$84:$W$84,$C$103:$W$103,J115)	1.691449086702266
J135	CUBIC($C$84:$W$84,$C$104:$W$104,J115)	1.6991858568680593
J136	CUBIC($C$84:$W$84,$C$105:$W$105,J115)	1.7021894091722025
J137	CUBIC($C$84:$W$84,$C$106:$W$106,J115)	1.7027009547042402
J138	CUBIC($C$84:$W$84,$C$107:$W$107,J115)	1.7027121122151652
J139	CUBIC($C$84:$W$84,$C$108:$W$108,J115)	1.7027105368475506
J14	'Basis Hull'!J15	0.39999999999999997
J140	CUBIC($C$84:$W$84,$C$109:$W$109,J115)	1.7027027027027026
J141		
J142		
J143		14
J144		6.0200000000000005
J145		0
J146		4.5748980257158036E-3
J147		1.0385588290291091E-2
J148		2.3833888074946422E-2
J149		6.4444210812989761E-2
J15	'Basis Hull'!J16	0.6
J150		0.12850355184702777
J151		0.20549507293741529
J152		0.29075618109344403
J153		0.38353008005580713
J154		0.48169315818905467
J155		0.58473343067633143
J156		0.69162092954824428
J157		0.8027278675799816
J158		0.91692875363733439
J159		1.0342105545351448
J16	'Basis Hull'!J17	0.79999999999999993
J160		1.1531804758984487
J161		1.2739286354339807
J162		1.3955864578965564
J163		1.5186416133838843
J164		1.6421307768720566
J165		1.7663245073541167
J166		1.8903061627672919
J167		2.0146229010396386
J168		2.1386180363189835
J169		2.2629347022068487
J17	'Basis Hull'!J18	0.99999999999999989
J170		
J171		14
J172		6.0200000000000005
J173		0
J174		1.7013318699369141E-4
J175		8.1735571333383923E-4
J176		3.4722553177112449E-3
J177		1.3793020574968099E-2
J178		3.5133884722479067E-2
J179		6.5878747125687226E-2
J18	'Basis Hull'!J19	1.2
J180		0.10654145817428974
J181		0.15709841688763981
J182		0.21820034083980244
J183		0.28936392179515674
J184		0.37147521592666644
J185		0.4644020031571533
J186		0.56878497532994565
J187		0.68396178833616283
J188		0.81005723504350702
J189		0.94622594233686774
J19	'Basis Hull'!J20	1.4
J190		1.092924323504703
J191		1.2496193416260253
J192		1.4165503049462198
J193		1.5927823858403196
J194		1.7784789724480232
J195		1.9729902275474724
J196		2.1768126199194371
J197		2.3894297940786893
J198		
J199		
J20	'Basis Hull'!J21	1.5999999999999999
J200		14
J201		6.0200000000000005
J202		0
J203		1.5095488995058305E-4
J204		3.7822333651697055E-4
J205		2.1002731208422465E-3
J206		1.3042626125553845E-2
J207		4.2242962975296068E-2
J208		8.2150853090298043E-2
J209		0.13284999799177616
J21	'Basis Hull'!J22	1.7999999999999998
J210		0.19105967966550158
J211		0.25799734495840571
J212		0.32995686853273931
J213		0.40917275092595651
J214		0.49295673251396244
J215		0.5832726205107619
J216		0.6767089908793531
J217		0.77465710113942832
J218		0.87374129604978412
J219		0.97612922513798894
J22	'Basis Hull'!J23	1.9999999999999998
J220		1.0790645067119777
J221		1.18453455179874
J222		1.289397238858297
J223		1.3957038708835707
J224		1.5007758437275611
J225		1.607105424759361
J226		1.7121772743530717
J227		
J228		
J229		14
J23	'Basis Hull'!J24	2.1999999999999997
J230		6.0200000000000005
J231		6.0540540540540533E-2
J232	J231+IF(AND(J116=0,J117=0),0,SQRT((J117-J116)^2+($B117-$B116)^2))	0.13384584346851691
J233		0.21138012804101969
J234		0.47382130702266489
J235		0.87742856758455545
J236		1.1304727506863168
J237		1.2800646130087372
J238		1.4099786150511373
J239		1.5247484674024476
J24	'Basis Hull'!J25	2.4
J240		1.6249876612120022
J241		1.7185504453850977
J242		1.8102806089542969
J243		1.8990539874836392
J244		1.9835527377026387
J245		2.0634337478426099
J246		2.1399004059141498
J247		2.2149775043482158
J248		2.2896365691019018
J249		2.3636844257879082
J25	'Basis Hull'!J26	0
J250		2.4370103958829303
J251		2.5099888968556243
J252		2.5829073578693427
J253		2.6558240253896557
J254		2.7287406920733401
J255		2.8016573591608558
J256		
J257		
J258		
J259		4
J26	'Basis Hull'!J27	0
J260		14
J261		6.0200000000000005
J262		1.6034392702696798
J263		0.9641402357129043
J264		0.61421260116652521
J265		0.62080490070384253
J266		2.0165182968001378
J267		-2.0012437317644833
J268		
J269		
J27	'Basis Hull'!J28	0
J270		
J271		
J272		
J273		
J274		
J275		
J276		
J277		
J278		
J279		
J28	'Basis Hull'!J29	0
J280		
J281		
J282		
J284		
J285		
J286		4
J287		14
J288		6.0200000000000005
J289		1.4633780932278073
J29	'Basis Hull'!J30	0
J290		0.62795567324084933
J291		0.32165187570057613
J292		0.36181532346288386
J293		1.7564385805635403
J294		-2.2814744274718644
J295		
J296		
J297		
J298		
J299		
J30	'Basis Hull'!J31	0
J300		
J301		
J302		
J303		
J304		
J305		
J306		
J307		
J308		
J309		
J31	'Basis Hull'!J32	0
J315		4
J316		4
J317		14
J318		6.0200000000000005
J319		2.8016573591608558
J32	'Basis Hull'!J33	0
J33	'Basis Hull'!J34	0
J34	'Basis Hull'!J35	0
J35	'Basis Hull'!J36	0
J36	'Basis Hull'!J37	0
J37	'Basis Hull'!J38	0
J38	'Basis Hull'!J39	0
J39		27
J4		m
J43		m
J46		tons/m3
J48		
J49		Number:
J50		X  =
J51		Z
J52	J12	0
J53	IF(J13<$I$4,J13*$I$43/$I$4,$I$43+(J13-$I$4)*($E$46-$I$43)/($E$6-$I$4))-Input!$B$14*J13/$E$6*(1-J13/$E$6)*K$10/$E$4*(1-K$10/$E$4)	0.10732592411871666
J54	IF(J14<$I$4,J14*$I$43/$I$4,$I$43+(J14-$I$4)*($E$46-$I$43)/($E$6-$I$4))-Input!$B$14*J14/$E$6*(1-J14/$E$6)*K$10/$E$4*(1-K$10/$E$4)	0.226047134761303
J55	IF(J15<$I$4,J15*$I$43/$I$4,$I$43+(J15-$I$4)*($E$46-$I$43)/($E$6-$I$4))-Input!$B$14*J15/$E$6*(1-J15/$E$6)*K$10/$E$4*(1-K$10/$E$4)	0.35616363192775913
J56	IF(J16<$I$4,J16*$I$43/$I$4,$I$43+(J16-$I$4)*($E$46-$I$43)/($E$6-$I$4))-Input!$B$14*J16/$E$6*(1-J16/$E$6)*K$10/$E$4*(1-K$10/$E$4)	0.49767541561808482
J57	IF(J17<$I$4,J17*$I$43/$I$4,$I$43+(J17-$I$4)*($E$46-$I$43)/($E$6-$I$4))-Input!$B$14*J17/$E$6*(1-J17/$E$6)*K$10/$E$4*(1-K$10/$E$4)	0.65058248583228029
J58	IF(J18<$I$4,J18*$I$43/$I$4,$I$43+(J18-$I$4)*($E$46-$I$43)/($E$6-$I$4))-Input!$B$14*J18/$E$6*(1-J18/$E$6)*K$10/$E$4*(1-K$10/$E$4)	0.80328484257034538
J59	IF(J19<$I$4,J19*$I$43/$I$4,$I$43+(J19-$I$4)*($E$46-$I$43)/($E$6-$I$4))-Input!$B$14*J19/$E$6*(1-J19/$E$6)*K$10/$E$4*(1-K$10/$E$4)	0.93258248583228043
J6		tons/m3
J60	IF(J20<$I$4,J20*$I$43/$I$4,$I$43+(J20-$I$4)*($E$46-$I$43)/($E$6-$I$4))-Input!$B$14*J20/$E$6*(1-J20/$E$6)*K$10/$E$4*(1-K$10/$E$4)	1.0732754156180848
J61	IF(J21<$I$4,J21*$I$43/$I$4,$I$43+(J21-$I$4)*($E$46-$I$43)/($E$6-$I$4))-Input!$B$14*J21/$E$6*(1-J21/$E$6)*K$10/$E$4*(1-K$10/$E$4)	1.2253636319277592
J62	IF(J22<$I$4,J22*$I$43/$I$4,$I$43+(J22-$I$4)*($E$46-$I$43)/($E$6-$I$4))-Input!$B$14*J22/$E$6*(1-J22/$E$6)*K$10/$E$4*(1-K$10/$E$4)	1.3888471347613029
J63	IF(J23<$I$4,J23*$I$43/$I$4,$I$43+(J23-$I$4)*($E$46-$I$43)/($E$6-$I$4))-Input!$B$14*J23/$E$6*(1-J23/$E$6)*K$10/$E$4*(1-K$10/$E$4)	1.5637259241187165
J64	IF(J24<$I$4,J24*$I$43/$I$4,$I$43+(J24-$I$4)*($E$46-$I$43)/($E$6-$I$4))-Input!$B$14*J24/$E$6*(1-J24/$E$6)*K$10/$E$4*(1-K$10/$E$4)	1.75
J65	IF(J25<$I$4,J25*$I$43/$I$4,$I$43+(J25-$I$4)*($E$46-$I$43)/($E$6-$I$4))-Input!$B$14*J25/$E$6*(1-J25/$E$6)*K$10/$E$4*(1-K$10/$E$4)	0
J66	IF(J26<$I$4,J26*$I$43/$I$4,$I$43+(J26-$I$4)*($E$46-$I$43)/($E$6-$I$4))-Input!$B$14*J26/$E$6*(1-J26/$E$6)*K$10/$E$4*(1-K$10/$E$4)	0
J67	IF(J27<$I$4,J27*$I$43/$I$4,$I$43+(J27-$I$4)*($E$46-$I$43)/($E$6-$I$4))-Input!$B$14*J27/$E$6*(1-J27/$E$6)*K$10/$E$4*(1-K$10/$E$4)	0
J68	IF(J28<$I$4,J28*$I$43/$I$4,$I$43+(J28-$I$4)*($E$46-$I$43)/($E$6-$I$4))-Input!$B$14*J28/$E$6*(1-J28/$E$6)*K$10/$E$4*(1-K$10/$E$4)	0
J69	IF(J29<$I$4,J29*$I$43/$I$4,$I$43+(J29-$I$4)*($E$46-$I$43)/($E$6-$I$4))-Input!$B$14*J29/$E$6*(1-J29/$E$6)*K$10/$E$4*(1-K$10/$E$4)	0
J70	IF(J30<$I$4,J30*$I$43/$I$4,$I$43+(J30-$I$4)*($E$46-$I$43)/($E$6-$I$4))-Input!$B$14*J30/$E$6*(1-J30/$E$6)*K$10/$E$4*(1-K$10/$E$4)	0
J71	IF(J31<$I$4,J31*$I$43/$I$4,$I$43+(J31-$I$4)*($E$46-$I$43)/($E$6-$I$4))-Input!$B$14*J31/$E$6*(1-J31/$E$6)*K$10/$E$4*(1-K$10/$E$4)	0
J72	IF(J32<$I$4,J32*$I$43/$I$4,$I$43+(J32-$I$4)*($E$46-$I$43)/($E$6-$I$4))-Input!$B$14*J32/$E$6*(1-J32/$E$6)*K$10/$E$4*(1-K$10/$E$4)	0
J73	IF(J33<$I$4,J33*$I$43/$I$4,$I$43+(J33-$I$4)*($E$46-$I$43)/($E$6-$I$4))-Input!$B$14*J33/$E$6*(1-J33/$E$6)*K$10/$E$4*(1-K$10/$E$4)	0
J74	IF(J34<$I$4,J34*$I$43/$I$4,$I$43+(J34-$I$4)*($E$46-$I$43)/($E$6-$I$4))-Input!$B$14*J34/$E$6*(1-J34/$E$6)*K$10/$E$4*(1-K$10/$E$4)	0
J75	IF(J35<$I$4,J35*$I$43/$I$4,$I$43+(J35-$I$4)*($E$46-$I$43)/($E$6-$I$4))-Input!$B$14*J35/$E$6*(1-J35/$E$6)*K$10/$E$4*(1-K$10/$E$4)	0
J76	IF(J36<$I$4,J36*$I$43/$I$4,$I$43+(J36-$I$4)*($E$46-$I$43)/($E$6-$I$4))-Input!$B$14*J36/$E$6*(1-J36/$E$6)*K$10/$E$4*(1-K$10/$E$4)	0
J77	IF(J37<$I$4,J37*$I$43/$I$4,$I$43+(J37-$I$4)*($E$46-$I$43)/($E$6-$I$4))-Input!$B$14*J37/$E$6*(1-J37/$E$6)*K$10/$E$4*(1-K$10/$E$4)	0
J78	IF(J38<$I$4,J38*$I$43/$I$4,$I$43+(J38-$I$4)*($E$46-$I$43)/($E$6-$I$4))-Input!$B$14*J38/$E$6*(1-J38/$E$6)*K$10/$E$4*(1-K$10/$E$4)	0
J79		27
J8		
J83		14
J84	Q50	6.02
J85	IF(Transform!Q$50="",0,CUBIC(Transform!$P$52:$P$78,Transform!$Q$52:$Q$78,$B85))	6.0540540540540533E-2
J86	IF(Transform!Q$50="",0,CUBIC(Transform!$P$52:$P$78,Transform!$Q$52:$Q$78,$B86))	6.8078919649115929E-2
J87	IF(Transform!Q$50="",0,CUBIC(Transform!$P$52:$P$78,Transform!$Q$52:$Q$78,$B87))	9.4436556234972047E-2
J88	IF(Transform!Q$50="",0,CUBIC(Transform!$P$52:$P$78,Transform!$Q$52:$Q$78,$B88))	0.34654473172219841
J89	IF(Transform!Q$50="",0,CUBIC(Transform!$P$52:$P$78,Transform!$Q$52:$Q$78,$B89))	0.74351070066726566
J9		Number:
J90	IF(Transform!Q$50="",0,CUBIC(Transform!$P$52:$P$78,Transform!$Q$52:$Q$78,$B90))	0.98582148937437197
J91	IF(Transform!Q$50="",0,CUBIC(Transform!$P$52:$P$78,Transform!$Q$52:$Q$78,$B91))	1.1164388120973254
J92	IF(Transform!Q$50="",0,CUBIC(Transform!$P$52:$P$78,Transform!$Q$52:$Q$78,$B92))	1.2239600083745943
J93	IF(Transform!Q$50="",0,CUBIC(Transform!$P$52:$P$78,Transform!$Q$52:$Q$78,$B93))	1.3125900187038488
J94	IF(Transform!Q$50="",0,CUBIC(Transform!$P$52:$P$78,Transform!$Q$52:$Q$78,$B94))	1.3813726887437048
J95	IF(Transform!Q$50="",0,CUBIC(Transform!$P$52:$P$78,Transform!$Q$52:$Q$78,$B95))	1.4399999375657622
J96	IF(Transform!Q$50="",0,CUBIC(Transform!$P$52:$P$78,Transform!$Q$52:$Q$78,$B96))	1.4956558683427628
J97	IF(Transform!Q$50="",0,CUBIC(Transform!$P$52:$P$78,Transform!$Q$52:$Q$78,$B97))	1.5462905645276528
J98	IF(Transform!Q$50="",0,CUBIC(Transform!$P$52:$P$78,Transform!$Q$52:$Q$78,$B98))	1.5889894932120485
J99	IF(Transform!Q$50="",0,CUBIC(Transform!$P$52:$P$78,Transform!$Q$52:$Q$78,$B99))	1.6216105830651537
K10	'Basis Hull'!K11	6.4700000000000006
K100	IF(Transform!S$50="",0,CUBIC(Transform!$R$52:$R$78,Transform!$S$52:$S$78,$B100))	1.6480282618426267
K101	IF(Transform!S$50="",0,CUBIC(Transform!$R$52:$R$78,Transform!$S$52:$S$78,$B101))	1.6652198576111499
K102	IF(Transform!S$50="",0,CUBIC(Transform!$R$52:$R$78,Transform!$S$52:$S$78,$B102))	1.6806574682822875
K103	IF(Transform!S$50="",0,CUBIC(Transform!$R$52:$R$78,Transform!$S$52:$S$78,$B103))	1.6927479189293129
K104	IF(Transform!S$50="",0,CUBIC(Transform!$R$52:$R$78,Transform!$S$52:$S$78,$B104))	1.6997067683992533
K105	IF(Transform!S$50="",0,CUBIC(Transform!$R$52:$R$78,Transform!$S$52:$S$78,$B105))	1.7023084224415455
K106	IF(Transform!S$50="",0,CUBIC(Transform!$R$52:$R$78,Transform!$S$52:$S$78,$B106))	1.7027025304928958
K107	IF(Transform!S$50="",0,CUBIC(Transform!$R$52:$R$78,Transform!$S$52:$S$78,$B107))	1.7027086812607559
K108	IF(Transform!S$50="",0,CUBIC(Transform!$R$52:$R$78,Transform!$S$52:$S$78,$B108))	1.7027075197168657
K109	IF(Transform!S$50="",0,CUBIC(Transform!$R$52:$R$78,Transform!$S$52:$S$78,$B109))	1.7027027027027026
K11		Y
K110		
K114		13
K115		6.8800000000000008
K116		6.0540540540540533E-2
K117	CUBIC($C$84:$W$84,$C$86:$W$86,K115)	6.8078261599640949E-2
K118	CUBIC($C$84:$W$84,$C$87:$W$87,K115)	0.10749448811764979
K119	CUBIC($C$84:$W$84,$C$88:$W$88,K115)	0.40244371973608384
K12	'Basis Hull'!K13	0
K120	CUBIC($C$84:$W$84,$C$89:$W$89,K115)	0.79799440539475264
K121	CUBIC($C$84:$W$84,$C$90:$W$90,K115)	1.0153927604163706
K122	CUBIC($C$84:$W$84,$C$91:$W$91,K115)	1.1389858130574113
K123	CUBIC($C$84:$W$84,$C$92:$W$92,K115)	1.2441685838085339
K124	CUBIC($C$84:$W$84,$C$93:$W$93,K115)	1.328942784606437
K125	CUBIC($C$84:$W$84,$C$94:$W$94,K115)	1.3947835246752427
K126	CUBIC($C$84:$W$84,$C$95:$W$95,K115)	1.4524423691242039
K127	CUBIC($C$84:$W$84,$C$96:$W$96,K115)	1.5071225454420085
K128	CUBIC($C$84:$W$84,$C$97:$W$97,K115)	1.5559786884783198
K129	CUBIC($C$84:$W$84,$C$98:$W$98,K115)	1.5963988739684425
K13	'Basis Hull'!K14	7.4999999999999997E-2
K130	CUBIC($C$84:$W$84,$C$99:$W$99,K115)	1.6265848587658764
K131	CUBIC($C$84:$W$84,$C$100:$W$100,K115)	1.6480282618426265
K132	CUBIC($C$84:$W$84,$C$101:$W$101,K115)	1.6652198576111499
K133	CUBIC($C$84:$W$84,$C$102:$W$102,K115)	1.6806574682822875
K134	CUBIC($C$84:$W$84,$C$103:$W$103,K115)	1.6927479189293129
K135	CUBIC($C$84:$W$84,$C$104:$W$104,K115)	1.6997067683992533
K136	CUBIC($C$84:$W$84,$C$105:$W$105,K115)	1.7023084224415455
K137	CUBIC($C$84:$W$84,$C$106:$W$106,K115)	1.7027025304928958
K138	CUBIC($C$84:$W$84,$C$107:$W$107,K115)	1.7027086812607559
K139	CUBIC($C$84:$W$84,$C$108:$W$108,K115)	1.7027075197168657
K14	'Basis Hull'!K15	0.18
K140	CUBIC($C$84:$W$84,$C$109:$W$109,K115)	1.7027027027027026
K141		
K142		
K143		13
K144		6.8800000000000008
K145		0
K146		4.4955209649958881E-3
K147		1.0702904602073885E-2
K148		2.6382672133899596E-2
K149		7.1837787960397373E-2
K15	'Basis Hull'!K16	0.62
K150		0.13842676488431715
K151		0.21763590886603462
K152		0.30408139049258748
K153		0.39858111904063842
K154		0.49742535829941625
K155		0.60178818420390678
K156		0.70916747227961929
K157		0.82143533238305233
K158		0.9358759903812377
K159		1.0539947535699474
K16	'Basis Hull'!K17	1.1499999999999999
K160		1.1728737889788836
K161		1.2942288658832555
K162		1.4156757199649481
K163		1.5392433920905031
K164		1.6624100650579743
K165		1.7870113917598611
K166		1.9106097210323087
K167		2.0353127479394346
K168		2.1589212259863695
K169		2.2836241723832416
K17	'Basis Hull'!K18	1.53
K170		
K171		13
K172		6.8800000000000008
K173		0
K174		1.6723894009294831E-4
K175		8.6363567379410099E-4
K176		3.9517043973305585E-3
K177		1.5460650665754406E-2
K178		3.7717548832107074E-2
K179		6.9220547862813633E-2
K18	'Basis Hull'!K19	1.76
K180		0.11059690237318975
K181		0.16191465584855982
K182		0.22364781545518492
K183		0.29548816821703899
K184		0.37824220310920925
K185		0.47184698034338024
K186		0.57677037910791262
K187		0.69241906558680599
K188		0.81879713357933159
K189		0.95524359796881753
K19	'Basis Hull'!K20	1.93
K190		1.1021238811560836
K191		1.2590083085149466
K192		1.4259964697860557
K193		1.6022871686135862
K194		1.7879596107448141
K195		1.9824993296342954
K196		2.1862926587842555
K197		2.3989382704495843
K198		
K199		
K20	'Basis Hull'!K21	2.0499999999999998
K200		13
K201		6.8800000000000008
K202		0
K203		1.5095331693352077E-4
K204		4.1026344763946322E-4
K205		2.7372571365880845E-3
K206		1.6162620190103769E-2
K207		4.8190635309129828E-2
K208		8.978625750794926E-2
K209		0.1425950251799358
K21	'Basis Hull'!K22	2.14
K210		0.20226263991756155
K211		0.2709007989867096
K212		0.34393197078986415
K213		0.42469656900642366
K214		0.50940822752217263
K215		0.60096272375377624
K216		0.69486940475649861
K217		0.79355508155575116
K218		0.89274973216958742
K219		0.99568537256232292
K22	'Basis Hull'!K23	2.2000000000000002
K220		1.0985787869577104
K221		1.2044116969490475
K222		1.3090559278158129
K223		1.4156222942831722
K224		1.5204395756182549
K225		1.6270232205437134
K226		1.731840364793312
K227		
K228		
K229		13
K23	'Basis Hull'!K24	2.2400000000000002
K230		6.8800000000000008
K231		6.0540540540540533E-2
K232	K231+IF(AND(K116=0,K117=0),0,SQRT((K117-K116)^2+($B117-$B116)^2))	0.13384577580066764
K233		0.21673412957064406
K234		0.52056284695937682
K235		0.92277819376108794
K236		1.1520790551722113
K237		1.2955784730766364
K238		1.4235638454465327
K239		1.5353829198421876
K24	'Basis Hull'!K25	2.25
K240		1.6336267152217727
K241		1.7265857525498738
K242		1.8177271918622084
K243		1.9054982747435441
K244		1.9888687231820268
K245		2.0677866169449035
K246		2.1437909576978482
K247		2.2187068521585438
K248		2.2932397985715993
K249		2.3671520389288361
K25	'Basis Hull'!K26	0
K250		2.440400014079847
K251		2.5133630792671973
K252		2.5862808109854423
K253		2.6591974779115279
K254		2.7321141445874462
K255		2.8050308114132236
K256		
K257		
K258		
K259		2
K26	'Basis Hull'!K27	0
K260		13
K261		6.8800000000000008
K262		1.609879544337929
K263		0.98335504567123955
K264		0.62239771518167042
K265		0.63877843788549415
K266		2.021423618263368
K267		-1.141243731764483
K268		
K269		
K27	'Basis Hull'!K28	0
K270		
K271		
K272		
K273		
K274		
K275		
K276		
K277		
K278		
K279		
K28	'Basis Hull'!K29	0
K280		
K281		
K282		
K284		
K285		
K286		2
K287		13
K288		6.8800000000000008
K289		1.4755183380953341
K29	'Basis Hull'!K30	0
K290		0.64513075905263251
K291		0.32803483424990953
K292		0.37649913825444453
K293		1.7642830048075493
K294		-1.421474427471864
K295		
K296		
K297		
K298		
K299		
K30	'Basis Hull'!K31	0
K300		
K301		
K302		
K303		
K305		
K306		
K307		
K308		
K309		
K31	'Basis Hull'!K32	0
K315		2
K316		2
K317		13
K318		6.8800000000000008
K319		2.8050308114132236
K32	'Basis Hull'!K33	0
K33	'Basis Hull'!K34	0
K34	'Basis Hull'!K35	0
K35	'Basis Hull'!K36	0
K36	'Basis Hull'!K37	0
K37	'Basis Hull'!K38	0
K38	'Basis Hull'!K39	0
K39		27
K48		
K49	K9	17
K50	($E$44/2)*(1-(($E$4/2-K10)/($E$4/2)+($T$45*($E$4/2-K10)/($E$4/2)*(1-($E$4/2-K10)/($E$4/2)))/($O$2*(1-2*$O$3))))+Input!$B$13*'Basis Hull'!K41	3.44
K51		Y
K52	K12*$E$45/$E$5	0
K53		5.6756756756756753E-2
K54		0.13621621621621621
K55		0.46918918918918917
K56		0.87027027027027015
K57		1.1578378378378378
K58		1.3318918918918918
K59		1.4605405405405405
K60		1.551351351351351
K61		1.6194594594594593
K62		1.6648648648648647
K63		1.6951351351351351
K64		1.7027027027027026
K65		0
K66		0
K67		0
K68		0
K69		0
K70		0
K71		0
K72		0
K73		0
K74		0
K75		0
K76		0
K77		0
K78		0
K79		27
K8		
K83		13
K84	S50	6.879999999999999
K85	IF(Transform!S$50="",0,CUBIC(Transform!$R$52:$R$78,Transform!$S$52:$S$78,$B85))	6.0540540540540533E-2
K86	IF(Transform!S$50="",0,CUBIC(Transform!$R$52:$R$78,Transform!$S$52:$S$78,$B86))	6.8078261599640949E-2
K87	IF(Transform!S$50="",0,CUBIC(Transform!$R$52:$R$78,Transform!$S$52:$S$78,$B87))	0.10749448811764978
K88	IF(Transform!S$50="",0,CUBIC(Transform!$R$52:$R$78,Transform!$S$52:$S$78,$B88))	0.40244371973608378
K89	IF(Transform!S$50="",0,CUBIC(Transform!$R$52:$R$78,Transform!$S$52:$S$78,$B89))	0.79799440539475264
K9		17
K90	IF(Transform!S$50="",0,CUBIC(Transform!$R$52:$R$78,Transform!$S$52:$S$78,$B90))	1.0153927604163706
K91	IF(Transform!S$50="",0,CUBIC(Transform!$R$52:$R$78,Transform!$S$52:$S$78,$B91))	1.1389858130574113
K92	IF(Transform!S$50="",0,CUBIC(Transform!$R$52:$R$78,Transform!$S$52:$S$78,$B92))	1.2441685838085339
K93	IF(Transform!S$50="",0,CUBIC(Transform!$R$52:$R$78,Transform!$S$52:$S$78,$B93))	1.3289427846064372
K94	IF(Transform!S$50="",0,CUBIC(Transform!$R$52:$R$78,Transform!$S$52:$S$78,$B94))	1.3947835246752427
K95	IF(Transform!S$50="",0,CUBIC(Transform!$R$52:$R$78,Transform!$S$52:$S$78,$B95))	1.4524423691242039
K96	IF(Transform!S$50="",0,CUBIC(Transform!$R$52:$R$78,Transform!$S$52:$S$78,$B96))	1.5071225454420085
K97	IF(Transform!S$50="",0,CUBIC(Transform!$R$52:$R$78,Transform!$S$52:$S$78,$B97))	1.5559786884783198
K98	IF(Transform!S$50="",0,CUBIC(Transform!$R$52:$R$78,Transform!$S$52:$S$78,$B98))	1.5963988739684425
K99	IF(Transform!S$50="",0,CUBIC(Transform!$R$52:$R$78,Transform!$S$52:$S$78,$B99))	1.6265848587658764
L10		X  =
L100	IF(Transform!U$50="",0,CUBIC(Transform!$T$52:$T$78,Transform!$U$52:$U$78,$B100))	1.6499512847444531
L101	IF(Transform!U$50="",0,CUBIC(Transform!$T$52:$T$78,Transform!$U$52:$U$78,$B101))	1.6667827123476635
L102	IF(Transform!U$50="",0,CUBIC(Transform!$T$52:$T$78,Transform!$U$52:$U$78,$B102))	1.68185174538767
L103	IF(Transform!U$50="",0,CUBIC(Transform!$T$52:$T$78,Transform!$U$52:$U$78,$B103))	1.6934644741835476
L104	IF(Transform!U$50="",0,CUBIC(Transform!$T$52:$T$78,Transform!$U$52:$U$78,$B104))	1.6999857323992118
L105	IF(Transform!U$50="",0,CUBIC(Transform!$T$52:$T$78,Transform!$U$52:$U$78,$B105))	1.7023688599785687
L106	IF(Transform!U$50="",0,CUBIC(Transform!$T$52:$T$78,Transform!$U$52:$U$78,$B106))	1.702702872146721
L107	IF(Transform!U$50="",0,CUBIC(Transform!$T$52:$T$78,Transform!$U$52:$U$78,$B107))	1.7027066156045634
L108	IF(Transform!U$50="",0,CUBIC(Transform!$T$52:$T$78,Transform!$U$52:$U$78,$B108))	1.7027057991353876
L109	IF(Transform!U$50="",0,CUBIC(Transform!$T$52:$T$78,Transform!$U$52:$U$78,$B109))	1.7027027027027026
L11		Z
L110		
L114		12
L115	K115+$W$115/20	7.7400000000000011
L116		6.0540540540540533E-2
L117	CUBIC($C$84:$W$84,$C$86:$W$86,L115)	6.8106169683771034E-2
L118	CUBIC($C$84:$W$84,$C$87:$W$87,L115)	0.11742672452863331
L119	CUBIC($C$84:$W$84,$C$88:$W$88,L115)	0.43862216627486889
L12	'Basis Hull'!L13	0
L120	CUBIC($C$84:$W$84,$C$89:$W$89,L115)	0.8288489942985563
L121	CUBIC($C$84:$W$84,$C$90:$W$90,L115)	1.0318702834087272
L122	CUBIC($C$84:$W$84,$C$91:$W$91,L115)	1.1524260379820059
L123	CUBIC($C$84:$W$84,$C$92:$W$92,L115)	1.2560647473514741
L124	CUBIC($C$84:$W$84,$C$93:$W$93,L115)	1.3384159900269608
L125	CUBIC($C$84:$W$84,$C$94:$W$94,L115)	1.4026427591084263
L126	CUBIC($C$84:$W$84,$C$95:$W$95,L115)	1.4598266500665724
L127	CUBIC($C$84:$W$84,$C$96:$W$96,L115)	1.5138270748391547
L128	CUBIC($C$84:$W$84,$C$97:$W$97,L115)	1.5615439799008672
L129	CUBIC($C$84:$W$84,$C$98:$W$98,L115)	1.600572222845021
L13	'Basis Hull'!L14	0.19999999999999998
L130	CUBIC($C$84:$W$84,$C$99:$W$99,L115)	1.6293592181150716
L131	CUBIC($C$84:$W$84,$C$100:$W$100,L115)	1.6499512847444529
L132	CUBIC($C$84:$W$84,$C$101:$W$101,L115)	1.6667827123476635
L133	CUBIC($C$84:$W$84,$C$102:$W$102,L115)	1.68185174538767
L134	CUBIC($C$84:$W$84,$C$103:$W$103,L115)	1.6934644741835476
L135	CUBIC($C$84:$W$84,$C$104:$W$104,L115)	1.6999857323992118
L136	CUBIC($C$84:$W$84,$C$105:$W$105,L115)	1.7023688599785687
L137	CUBIC($C$84:$W$84,$C$106:$W$106,L115)	1.702702872146721
L138	CUBIC($C$84:$W$84,$C$107:$W$107,L115)	1.7027066156045634
L139	CUBIC($C$84:$W$84,$C$108:$W$108,L115)	1.7027057991353876
L14	'Basis Hull'!L15	0.39999999999999997
L140	CUBIC($C$84:$W$84,$C$109:$W$109,L115)	1.7027027027027026
L141		
L142		
L143		12
L144		7.7400000000000011
L145		0
L146		4.4365254770049167E-3
L147		1.0947026411909047E-2
L148		2.8169326305172319E-2
L149		7.6590605187904379E-2
L15	'Basis Hull'!L16	0.6
L150		0.14449300334734161
L151		0.22506731755390541
L152		0.31214395570434705
L153		0.40772602283829446
L154		0.50688909551675754
L155		0.61210691080944257
L156		0.71970310607056687
L157		0.83272063478606895
L158		0.94721708704630825
L159		1.0658884980700001
L16	'Basis Hull'!L17	0.79999999999999993
L160		1.1846327907280734
L161		1.3064149893411245
L162		1.4276624336331409
L163		1.5516010281486705
L164		1.6745022517638615
L165		1.7994150345594786
L166		1.9227145722889361
L167		2.0477178427163887
L168		2.1710258428997089
L169		2.2960290496745195
L17	'Basis Hull'!L18	0.99999999999999989
L170		
L171		12
L172		7.7400000000000011
L173		0
L174		1.6510042816209234E-4
L175		8.9903892729402445E-4
L176		4.2827920070153463E-3
L177		1.6519411310683279E-2
L178		3.9261932972279097E-2
L179		7.1225015180394632E-2
L18	'Basis Hull'!L19	1.2
L180		0.1130065600137842
L181		0.16478668895873305
L182		0.22686766886327228
L183		0.29912682038561578
L184		0.38224160130813634
L185		0.47625768309060523
L186		0.58147007136084983
L187		0.69740157442515971
L188		0.82391944906438019
L189		0.96054374916677565
L19	'Basis Hull'!L20	1.4
L190		1.107510569004968
L191		1.2645195639939666
L192		1.4315199688057185
L193		1.6078609997746216
L194		1.7935010851041355
L195		1.9880752733624623
L196		2.191833753563027
L197		2.4045138530970696
L198		
L199		
L20	'Basis Hull'!L21	1.5999999999999999
L200		12
L201		7.7400000000000011
L202		0
L203		1.5102003832145319E-4
L204		4.3759715025885366E-4
L205		3.2157561206395645E-3
L206		1.8306279736747064E-2
L207		5.1888947362827148E-2
L208		9.4554041695907864E-2
L209		0.14856184000827372
L21	'Basis Hull'!L22	1.7999999999999998
L210		0.20915762526317644
L211		0.27872458941904582
L212		0.35246412933479354
L213		0.43407907137428214
L214		0.51939715311311752
L215		0.61159691131182337
L216		0.70582753119463459
L217		0.80486759829861865
L218		0.90418921744411285
L219		1.0073769053012627
L22	'Basis Hull'!L23	1.9999999999999998
L220		1.1103062555786598
L221		1.2162815084189369
L222		1.3208614870983304
L223		1.4275136482108388
L224		1.5322476066514648
L225		1.6389141754532712
L226		1.7436480255121631
L227		
L228		
L229		12
L23	'Basis Hull'!L24	2.1999999999999997
L230		7.7400000000000011
L231		6.0540540540540533E-2
L232	L231+IF(AND(L116=0,L117=0),0,SQRT((L117-L116)^2+($B117-$B116)^2))	0.13384865074746566
L233		0.2218790853026969
L234		0.55124719559320035
L235		0.94822807370599604
L236		1.163946603530704
L237		1.3048385133002518
L238		1.4315579765154456
L239		1.5415514647225876
L24	'Basis Hull'!L25	2.4
L240		1.6387209977276487
L241		1.7313861889425322
L242		1.8221214420330323
L243		1.9092635289167319
L244		1.991968087588462
L245		2.070361527202091
L246		2.1461300792922997
L247		2.2209641439483097
L248		2.2954216219779782
L249		2.3692572214396499
L25	'Basis Hull'!L26	0
L250		2.442464919713077
L251		2.5154205197369084
L252		2.588337951410729
L253		2.661254618173488
L254		2.7341712848447255
L255		2.8070879515771376
L256		
L257		
L258		
L259		4
L26	'Basis Hull'!L27	0
L260		12
L261		7.7400000000000011
L262		1.6134861527272468
L263		0.99486046122474769
L264		0.62721289434058425
L265		0.64958278921243451
L266		2.024293153343951
L267		-0.2812437317644827
L268		
L269		
L27	'Basis Hull'!L28	0
L270		
L271		
L272		
L273		
L274		
L275		
L276		
L277		
L278		
L279		
L28	'Basis Hull'!L29	0
L280		
L281		
L282		
L284		
L285		
L286		4
L287		12
L288		7.7400000000000011
L289		1.4826800428170892
L29	'Basis Hull'!L30	0
L290		0.65547383548363514
L291		0.33181497194610216
L292		0.38540869219085644
L293		1.7689441845812259
L294		-0.56147442747186371
L295		
L296		
L297		
L298		
L299		
L30	'Basis Hull'!L31	0
L300		
L301		
L302		
L303		
L304		
L305		
L306		
L307		
L308		
L309		
L31	'Basis Hull'!L32	0
L315		4
L316		4
L317		12
L318		7.7400000000000011
L319		2.8070879515771376
L32	'Basis Hull'!L33	0
L33	'Basis Hull'!L34	0
L34	'Basis Hull'!L35	0
L35	'Basis Hull'!L36	0
L36	'Basis Hull'!L37	0
L37	'Basis Hull'!L38	0
L38	'Basis Hull'!L39	0
L39		27
L4		
L44		
L45		
L46		
L47		
L48		
L49		Number:
L50		X  =
L51		Z
L52	L12	0
L53	IF(L13<$I$4,L13*$I$43/$I$4,$I$43+(L13-$I$4)*($E$46-$I$43)/($E$6-$I$4))-Input!$B$14*L13/$E$6*(1-L13/$E$6)*M$10/$E$4*(1-M$10/$E$4)	9.6553817326621091E-2
L54	IF(L14<$I$4,L14*$I$43/$I$4,$I$43+(L14-$I$4)*($E$46-$I$43)/($E$6-$I$4))-Input!$B$14*L14/$E$6*(1-L14/$E$6)*M$10/$E$4*(1-M$10/$E$4)	0.20646148604840198
L55	IF(L15<$I$4,L15*$I$43/$I$4,$I$43+(L15-$I$4)*($E$46-$I$43)/($E$6-$I$4))-Input!$B$14*L15/$E$6*(1-L15/$E$6)*M$10/$E$4*(1-M$10/$E$4)	0.32972300616534272
L56	IF(L16<$I$4,L16*$I$43/$I$4,$I$43+(L16-$I$4)*($E$46-$I$43)/($E$6-$I$4))-Input!$B$14*L16/$E$6*(1-L16/$E$6)*M$10/$E$4*(1-M$10/$E$4)	0.46633837767744313
L57	IF(L17<$I$4,L17*$I$43/$I$4,$I$43+(L17-$I$4)*($E$46-$I$43)/($E$6-$I$4))-Input!$B$14*L17/$E$6*(1-L17/$E$6)*M$10/$E$4*(1-M$10/$E$4)	0.61630760058470346
L58	IF(L18<$I$4,L18*$I$43/$I$4,$I$43+(L18-$I$4)*($E$46-$I$43)/($E$6-$I$4))-Input!$B$14*L18/$E$6*(1-L18/$E$6)*M$10/$E$4*(1-M$10/$E$4)	0.76803067488712362
L59	IF(L19<$I$4,L19*$I$43/$I$4,$I$43+(L19-$I$4)*($E$46-$I$43)/($E$6-$I$4))-Input!$B$14*L19/$E$6*(1-L19/$E$6)*M$10/$E$4*(1-M$10/$E$4)	0.89830760058470371
L6		
L60	IF(L20<$I$4,L20*$I$43/$I$4,$I$43+(L20-$I$4)*($E$46-$I$43)/($E$6-$I$4))-Input!$B$14*L20/$E$6*(1-L20/$E$6)*M$10/$E$4*(1-M$10/$E$4)	1.0419383776774431
L61	IF(L21<$I$4,L21*$I$43/$I$4,$I$43+(L21-$I$4)*($E$46-$I$43)/($E$6-$I$4))-Input!$B$14*L21/$E$6*(1-L21/$E$6)*M$10/$E$4*(1-M$10/$E$4)	1.1989230061653426
L62	IF(L22<$I$4,L22*$I$43/$I$4,$I$43+(L22-$I$4)*($E$46-$I$43)/($E$6-$I$4))-Input!$B$14*L22/$E$6*(1-L22/$E$6)*M$10/$E$4*(1-M$10/$E$4)	1.3692614860484018
L63	IF(L23<$I$4,L23*$I$43/$I$4,$I$43+(L23-$I$4)*($E$46-$I$43)/($E$6-$I$4))-Input!$B$14*L23/$E$6*(1-L23/$E$6)*M$10/$E$4*(1-M$10/$E$4)	1.5529538173266209
L64	IF(L24<$I$4,L24*$I$43/$I$4,$I$43+(L24-$I$4)*($E$46-$I$43)/($E$6-$I$4))-Input!$B$14*L24/$E$6*(1-L24/$E$6)*M$10/$E$4*(1-M$10/$E$4)	1.75
L65	IF(L25<$I$4,L25*$I$43/$I$4,$I$43+(L25-$I$4)*($E$46-$I$43)/($E$6-$I$4))-Input!$B$14*L25/$E$6*(1-L25/$E$6)*M$10/$E$4*(1-M$10/$E$4)	0
L66	IF(L26<$I$4,L26*$I$43/$I$4,$I$43+(L26-$I$4)*($E$46-$I$43)/($E$6-$I$4))-Input!$B$14*L26/$E$6*(1-L26/$E$6)*M$10/$E$4*(1-M$10/$E$4)	0
L67	IF(L27<$I$4,L27*$I$43/$I$4,$I$43+(L27-$I$4)*($E$46-$I$43)/($E$6-$I$4))-Input!$B$14*L27/$E$6*(1-L27/$E$6)*M$10/$E$4*(1-M$10/$E$4)	0
L68	IF(L28<$I$4,L28*$I$43/$I$4,$I$43+(L28-$I$4)*($E$46-$I$43)/($E$6-$I$4))-Input!$B$14*L28/$E$6*(1-L28/$E$6)*M$10/$E$4*(1-M$10/$E$4)	0
L69	IF(L29<$I$4,L29*$I$43/$I$4,$I$43+(L29-$I$4)*($E$46-$I$43)/($E$6-$I$4))-Input!$B$14*L29/$E$6*(1-L29/$E$6)*M$10/$E$4*(1-M$10/$E$4)	0
L7		
L70	IF(L30<$I$4,L30*$I$43/$I$4,$I$43+(L30-$I$4)*($E$46-$I$43)/($E$6-$I$4))-Input!$B$14*L30/$E$6*(1-L30/$E$6)*M$10/$E$4*(1-M$10/$E$4)	0
L71	IF(L31<$I$4,L31*$I$43/$I$4,$I$43+(L31-$I$4)*($E$46-$I$43)/($E$6-$I$4))-Input!$B$14*L31/$E$6*(1-L31/$E$6)*M$10/$E$4*(1-M$10/$E$4)	0
L72	IF(L32<$I$4,L32*$I$43/$I$4,$I$43+(L32-$I$4)*($E$46-$I$43)/($E$6-$I$4))-Input!$B$14*L32/$E$6*(1-L32/$E$6)*M$10/$E$4*(1-M$10/$E$4)	0
L73	IF(L33<$I$4,L33*$I$43/$I$4,$I$43+(L33-$I$4)*($E$46-$I$43)/($E$6-$I$4))-Input!$B$14*L33/$E$6*(1-L33/$E$6)*M$10/$E$4*(1-M$10/$E$4)	0
L74	IF(L34<$I$4,L34*$I$43/$I$4,$I$43+(L34-$I$4)*($E$46-$I$43)/($E$6-$I$4))-Input!$B$14*L34/$E$6*(1-L34/$E$6)*M$10/$E$4*(1-M$10/$E$4)	0
L75	IF(L35<$I$4,L35*$I$43/$I$4,$I$43+(L35-$I$4)*($E$46-$I$43)/($E$6-$I$4))-Input!$B$14*L35/$E$6*(1-L35/$E$6)*M$10/$E$4*(1-M$10/$E$4)	0
L76	IF(L36<$I$4,L36*$I$43/$I$4,$I$43+(L36-$I$4)*($E$46-$I$43)/($E$6-$I$4))-Input!$B$14*L36/$E$6*(1-L36/$E$6)*M$10/$E$4*(1-M$10/$E$4)	0
L77	IF(L37<$I$4,L37*$I$43/$I$4,$I$43+(L37-$I$4)*($E$46-$I$43)/($E$6-$I$4))-Input!$B$14*L37/$E$6*(1-L37/$E$6)*M$10/$E$4*(1-M$10/$E$4)	0
L78	IF(L38<$I$4,L38*$I$43/$I$4,$I$43+(L38-$I$4)*($E$46-$I$43)/($E$6-$I$4))-Input!$B$14*L38/$E$6*(1-L38/$E$6)*M$10/$E$4*(1-M$10/$E$4)	0
L79		27
L8		
L83		12
L84	U50	7.7399999999999993
L85	IF(Transform!U$50="",0,CUBIC(Transform!$T$52:$T$78,Transform!$U$52:$U$78,$B85))	6.0540540540540533E-2
L86	IF(Transform!U$50="",0,CUBIC(Transform!$T$52:$T$78,Transform!$U$52:$U$78,$B86))	6.8106169683771034E-2
L87	IF(Transform!U$50="",0,CUBIC(Transform!$T$52:$T$78,Transform!$U$52:$U$78,$B87))	0.1174267245286333
L88	IF(Transform!U$50="",0,CUBIC(Transform!$T$52:$T$78,Transform!$U$52:$U$78,$B88))	0.43862216627486889
L89	IF(Transform!U$50="",0,CUBIC(Transform!$T$52:$T$78,Transform!$U$52:$U$78,$B89))	0.8288489942985563
L9		Number:
L90	IF(Transform!U$50="",0,CUBIC(Transform!$T$52:$T$78,Transform!$U$52:$U$78,$B90))	1.0318702834087272
L91	IF(Transform!U$50="",0,CUBIC(Transform!$T$52:$T$78,Transform!$U$52:$U$78,$B91))	1.1524260379820059
L92	IF(Transform!U$50="",0,CUBIC(Transform!$T$52:$T$78,Transform!$U$52:$U$78,$B92))	1.2560647473514741
L93	IF(Transform!U$50="",0,CUBIC(Transform!$T$52:$T$78,Transform!$U$52:$U$78,$B93))	1.338415990026961
L94	IF(Transform!U$50="",0,CUBIC(Transform!$T$52:$T$78,Transform!$U$52:$U$78,$B94))	1.4026427591084263
L95	IF(Transform!U$50="",0,CUBIC(Transform!$T$52:$T$78,Transform!$U$52:$U$78,$B95))	1.4598266500665724
L96	IF(Transform!U$50="",0,CUBIC(Transform!$T$52:$T$78,Transform!$U$52:$U$78,$B96))	1.5138270748391547
L97	IF(Transform!U$50="",0,CUBIC(Transform!$T$52:$T$78,Transform!$U$52:$U$78,$B97))	1.5615439799008672
L98	IF(Transform!U$50="",0,CUBIC(Transform!$T$52:$T$78,Transform!$U$52:$U$78,$B98))	1.600572222845021
L99	IF(Transform!U$50="",0,CUBIC(Transform!$T$52:$T$78,Transform!$U$52:$U$78,$B99))	1.6293592181150716
M10	'Basis Hull'!M11	8.0875000000000004
M100	IF(Transform!W$50="",0,CUBIC(Transform!$V$52:$V$78,Transform!$W$52:$W$78,$B100))	1.6505755798027737
M101	IF(Transform!W$50="",0,CUBIC(Transform!$V$52:$V$78,Transform!$W$52:$W$78,$B101))	1.6672940472507658
M102	IF(Transform!W$50="",0,CUBIC(Transform!$V$52:$V$78,Transform!$W$52:$W$78,$B102))	1.6822388825717927
M103	IF(Transform!W$50="",0,CUBIC(Transform!$V$52:$V$78,Transform!$W$52:$W$78,$B103))	1.6936932095223654
M104	IF(Transform!W$50="",0,CUBIC(Transform!$V$52:$V$78,Transform!$W$52:$W$78,$B104))	1.700073555603876
M105	IF(Transform!W$50="",0,CUBIC(Transform!$V$52:$V$78,Transform!$W$52:$W$78,$B105))	1.7023873535528493
M106	IF(Transform!W$50="",0,CUBIC(Transform!$V$52:$V$78,Transform!$W$52:$W$78,$B106))	1.7027029154948938
M107	IF(Transform!W$50="",0,CUBIC(Transform!$V$52:$V$78,Transform!$W$52:$W$78,$B107))	1.7027059276846961
M108	IF(Transform!W$50="",0,CUBIC(Transform!$V$52:$V$78,Transform!$W$52:$W$78,$B108))	1.7027052401298592
M109	IF(Transform!W$50="",0,CUBIC(Transform!$V$52:$V$78,Transform!$W$52:$W$78,$B109))	1.7027027027027026
M11		Y
M110		
M114		11
M115		8.6000000000000014
M116		6.0540540540540533E-2
M117	CUBIC($C$84:$W$84,$C$86:$W$86,M115)	6.8121904317421697E-2
M118	CUBIC($C$84:$W$84,$C$87:$W$87,M115)	0.12114502243749126
M119	CUBIC($C$84:$W$84,$C$88:$W$88,M115)	0.4510917941647451
M12	'Basis Hull'!M13	0.08
M120	CUBIC($C$84:$W$84,$C$89:$W$89,M115)	0.8388137482582545
M121	CUBIC($C$84:$W$84,$C$90:$W$90,M115)	1.0371723138628222
M122	CUBIC($C$84:$W$84,$C$91:$W$91,M115)	1.1568901428698595
M123	CUBIC($C$84:$W$84,$C$92:$W$92,M115)	1.2599870577656005
M124	CUBIC($C$84:$W$84,$C$93:$W$93,M115)	1.3415185931317146
M125	CUBIC($C$84:$W$84,$C$94:$W$94,M115)	1.4052347776661305
M126	CUBIC($C$84:$W$84,$C$95:$W$95,M115)	1.4622722974392979
M127	CUBIC($C$84:$W$84,$C$96:$W$96,M115)	1.51603050527974
M128	CUBIC($C$84:$W$84,$C$97:$W$97,M115)	1.5633570817906712
M129	CUBIC($C$84:$W$84,$C$98:$W$98,M115)	1.6019182739164242
M13	'Basis Hull'!M14	0.09
M130	CUBIC($C$84:$W$84,$C$99:$W$99,M115)	1.6302514995243331
M131	CUBIC($C$84:$W$84,$C$100:$W$100,M115)	1.6505755798027735
M132	CUBIC($C$84:$W$84,$C$101:$W$101,M115)	1.6672940472507658
M133	CUBIC($C$84:$W$84,$C$102:$W$102,M115)	1.6822388825717927
M134	CUBIC($C$84:$W$84,$C$103:$W$103,M115)	1.6936932095223654
M135	CUBIC($C$84:$W$84,$C$104:$W$104,M115)	1.700073555603876
M136	CUBIC($C$84:$W$84,$C$105:$W$105,M115)	1.7023873535528493
M137	CUBIC($C$84:$W$84,$C$106:$W$106,M115)	1.7027029154948938
M138	CUBIC($C$84:$W$84,$C$107:$W$107,M115)	1.7027059276846961
M139	CUBIC($C$84:$W$84,$C$108:$W$108,M115)	1.7027052401298592
M14	'Basis Hull'!M15	0.22
M140	CUBIC($C$84:$W$84,$C$109:$W$109,M115)	1.7027027027027026
M141		
M142		
M143		11
M144		8.6000000000000014
M145		0
M146		4.4146965309306381E-3
M147		1.103893146435427E-2
M148		2.8812462217128292E-2
M149		7.8227409351448299E-2
M15	'Basis Hull'!M16	0.78
M150		0.14653688481235086
M151		0.22757029833080877
M152		0.31484605009622246
M153		0.41079425239139156
M154		0.51005116626188263
M155		0.61556199547697743
M156		0.72321950414008207
M157		0.8364934531243472
M158		0.95099603103074859
M159		1.0698579383287392
M16	'Basis Hull'!M17	1.36
M160		1.1885463746512892
M161		1.3104792406270147
M162		1.4316503140944956
M163		1.5557209055902859
M164		1.678523914559273
M165		1.8035494594042965
M166		1.9267401687161174
M167		2.0518527045519348
M168		2.1750513599124535
M169		2.3001638404420315
M17	'Basis Hull'!M18	1.65
M170		
M171		11
M172		8.6000000000000014
M173		0
M174		1.6431155271429682E-4
M175		9.1233020273035295E-4
M176		4.4010489604569096E-3
M177		1.6881719736380606E-2
M178		3.9776037721780719E-2
M179		7.1893368472199556E-2
M18	'Basis Hull'!M19	1.85
M180		0.11380618766842956
M181		0.16574114168421397
M182		0.22793325840753884
M183		0.3003339824703809
M184		0.38356486583945315
M185		0.47771857300934539
M186		0.58302154405133833
M187		0.6990472135875303
M188		0.82560708753855516
M189		0.9622924127461836
M19	'Basis Hull'!M20	2
M190		1.1092844664634591
M191		1.2663366799833269
M192		1.4333376751094522
M193		1.6096978973715412
M194		1.795324372383708
M195		1.9899128061064544
M196		2.1936569123810679
M197		2.4063512678732328
M198		
M199		
M2		After Body
M20	'Basis Hull'!M21	2.1
M200		11
M201		8.6000000000000014
M202		0
M203		1.5105766431875586E-4
M204		4.4848184429087227E-4
M205		3.3937695830563467E-3
M206		1.9069209161055846E-2
M207		5.3142918241601569E-2
M208		9.6177477547471191E-2
M209		0.15057019434473881
M21	'Basis Hull'!M22	2.1800000000000002
M210		0.21148712228591493
M211		0.28134551546071279
M212		0.35533531795116163
M213		0.43721697470575294
M214		0.52274857708586464
M215		0.61514375382016961
M216		0.709492704854634
M217		0.80863325374079098
M218		0.90801061907659508
M219		1.0112663025926714
M22	'Basis Hull'!M23	2.23
M220		1.1142211005364546
M221		1.2202280240006589
M222		1.3248010282649492
M223		1.4314668553084988
M224		1.5361878917374139
M225		1.6428672473314785
M226		1.7475881895901655
M227		
M228		
M229		11
M23	'Basis Hull'!M24	2.2450000000000001
M230		8.6000000000000014
M231		6.0540540540540533E-2
M232	M231+IF(AND(M116=0,M117=0),0,SQRT((M117-M116)^2+($B117-$B116)^2))	0.13385027628208571
M233		0.22400731335048446
M234		0.56191515944319415
M235		0.9564340486790166
M236		1.1677701810049379
M237		1.3079457810925994
M238		1.434222517425138
M239		1.5436036471364996
M24	'Basis Hull'!M25	2.25
M240		1.6404364538158553
M241		1.7330113907029645
M242		1.8236026992705858
M243		1.910531665225685
M244		1.99301685065881
M245		2.0712447993160925
M246		2.1469409585115384
M247		2.2217496975170006
M248		2.2961821392380029
M249		2.3699929913105025
M25	'Basis Hull'!M26	0
M250		2.4431882718543849
M251		2.5161416401023722
M252		2.5890589895955967
M253		2.6619756563244801
M254		2.734892322994388
M255		2.8078089897052045
M256		
M257		
M258		
M259		2
M26	'Basis Hull'!M27	0
M260		11
M261		8.6000000000000014
M262		1.6146465018531475
M263		0.99869446544915808
M264		0.62880213968061527
M265		0.65318693363688907
M266		2.0252682785851168
M267		0.57875626823551762
M268		
M269		
M27	'Basis Hull'!M28	0
M270		
M271		
M272		
M273		
M274		
M275		
M276		
M277		
M278		
M279		
M28	'Basis Hull'!M29	0
M280		
M281		
M282		
M284		
M285		
M286		2
M287		11
M288		8.6000000000000014
M289		1.4850444914822634
M29	'Basis Hull'!M30	0
M290		0.65893042303887306
M291		0.33306703498611978
M292		0.38839543492794942
M293		1.7705188539926922
M294		0.29852557252813661
M295		
M296		
M297		
M298		
M299		
M30	'Basis Hull'!M31	0
M300		
M301		
M302		
M303		
M304		
M305		
M306		
M307		
M308		
M309		
M31	'Basis Hull'!M32	0
M315		2
M316		1
M317		11
M318		8.6000000000000014
M319		2.8078089897052045
M32	'Basis Hull'!M33	0
M33	'Basis Hull'!M34	0
M34	'Basis Hull'!M35	0
M35	'Basis Hull'!M36	0
M36	'Basis Hull'!M37	0
M37	'Basis Hull'!M38	0
M38	'Basis Hull'!M39	0
M39		27
M4		Fore Body 
M47		
M48		
M49	M9	16
M50	($E$44/2)*(1-(($E$4/2-M10)/($E$4/2)+($T$45*($E$4/2-M10)/($E$4/2)*(1-($E$4/2-M10)/($E$4/2)))/($O$2*(1-2*$O$3))))+Input!$B$13*'Basis Hull'!M41	4.3
M51		Y
M52	M12*$E$45/$E$5	6.0540540540540533E-2
M53		6.8108108108108106E-2
M54		0.16648648648648648
M55		0.59027027027027013
M56		1.0291891891891891
M57		1.2486486486486483
M58		1.4
M59		1.5135135135135134
M6		Mean Skin Thickness
M60		1.5891891891891892
M61		1.6497297297297298
M62		1.6875675675675674
M63		1.6989189189189187
M64		1.7027027027027026
M65		0
M66		0
M67		0
M68		0
M69		0
M70		0
M71		0
M72		0
M73		0
M74		0
M75		0
M76		0
M77		0
M78		0
M79		27
M8		
M83		11
M84	W50	8.6
M85	IF(Transform!W$50="",0,CUBIC(Transform!$V$52:$V$78,Transform!$W$52:$W$78,$B85))	6.0540540540540533E-2
M86	IF(Transform!W$50="",0,CUBIC(Transform!$V$52:$V$78,Transform!$W$52:$W$78,$B86))	6.8121904317421697E-2
M87	IF(Transform!W$50="",0,CUBIC(Transform!$V$52:$V$78,Transform!$W$52:$W$78,$B87))	0.12114502243749126
M88	IF(Transform!W$50="",0,CUBIC(Transform!$V$52:$V$78,Transform!$W$52:$W$78,$B88))	0.45109179416474515
M89	IF(Transform!W$50="",0,CUBIC(Transform!$V$52:$V$78,Transform!$W$52:$W$78,$B89))	0.83881374825825461
M9		16
M90	IF(Transform!W$50="",0,CUBIC(Transform!$V$52:$V$78,Transform!$W$52:$W$78,$B90))	1.0371723138628222
M91	IF(Transform!W$50="",0,CUBIC(Transform!$V$52:$V$78,Transform!$W$52:$W$78,$B91))	1.1568901428698595
M92	IF(Transform!W$50="",0,CUBIC(Transform!$V$52:$V$78,Transform!$W$52:$W$78,$B92))	1.2599870577656005
M93	IF(Transform!W$50="",0,CUBIC(Transform!$V$52:$V$78,Transform!$W$52:$W$78,$B93))	1.3415185931317148
M94	IF(Transform!W$50="",0,CUBIC(Transform!$V$52:$V$78,Transform!$W$52:$W$78,$B94))	1.4052347776661305
M95	IF(Transform!W$50="",0,CUBIC(Transform!$V$52:$V$78,Transform!$W$52:$W$78,$B95))	1.4622722974392979
M96	IF(Transform!W$50="",0,CUBIC(Transform!$V$52:$V$78,Transform!$W$52:$W$78,$B96))	1.51603050527974
M97	IF(Transform!W$50="",0,CUBIC(Transform!$V$52:$V$78,Transform!$W$52:$W$78,$B97))	1.5633570817906712
M98	IF(Transform!W$50="",0,CUBIC(Transform!$V$52:$V$78,Transform!$W$52:$W$78,$B98))	1.6019182739164242
M99	IF(Transform!W$50="",0,CUBIC(Transform!$V$52:$V$78,Transform!$W$52:$W$78,$B99))	1.6302514995243331
N10		X  =
N100	IF(Transform!Y$50="",0,CUBIC(Transform!$X$52:$X$78,Transform!$Y$52:$Y$78,$B100))	1.6499512847444531
N101	IF(Transform!Y$50="",0,CUBIC(Transform!$X$52:$X$78,Transform!$Y$52:$Y$78,$B101))	1.6667827123476635
N102	IF(Transform!Y$50="",0,CUBIC(Transform!$X$52:$X$78,Transform!$Y$52:$Y$78,$B102))	1.68185174538767
N103	IF(Transform!Y$50="",0,CUBIC(Transform!$X$52:$X$78,Transform!$Y$52:$Y$78,$B103))	1.6934644741835476
N104	IF(Transform!Y$50="",0,CUBIC(Transform!$X$52:$X$78,Transform!$Y$52:$Y$78,$B104))	1.6999857323992118
N105	IF(Transform!Y$50="",0,CUBIC(Transform!$X$52:$X$78,Transform!$Y$52:$Y$78,$B105))	1.7023688599785687
N106	IF(Transform!Y$50="",0,CUBIC(Transform!$X$52:$X$78,Transform!$Y$52:$Y$78,$B106))	1.702702872146721
N107	IF(Transform!Y$50="",0,CUBIC(Transform!$X$52:$X$78,Transform!$Y$52:$Y$78,$B107))	1.7027066156045634
N108	IF(Transform!Y$50="",0,CUBIC(Transform!$X$52:$X$78,Transform!$Y$52:$Y$78,$B108))	1.7027057991353876
N109	IF(Transform!Y$50="",0,CUBIC(Transform!$X$52:$X$78,Transform!$Y$52:$Y$78,$B109))	1.7027027027027026
N11		Z
N110		
N114		10
N115		9.4600000000000009
N116		6.0540540540540533E-2
N117	CUBIC($C$84:$W$84,$C$86:$W$86,N115)	6.8106169683771034E-2
N118	CUBIC($C$84:$W$84,$C$87:$W$87,N115)	0.11742672452863323
N119	CUBIC($C$84:$W$84,$C$88:$W$88,N115)	0.43862216627486883
N12	'Basis Hull'!N13	0
N120	CUBIC($C$84:$W$84,$C$89:$W$89,N115)	0.82884899429855619
N121	CUBIC($C$84:$W$84,$C$90:$W$90,N115)	1.0318702834087272
N122	CUBIC($C$84:$W$84,$C$91:$W$91,N115)	1.1524260379820059
N123	CUBIC($C$84:$W$84,$C$92:$W$92,N115)	1.2560647473514739
N124	CUBIC($C$84:$W$84,$C$93:$W$93,N115)	1.338415990026961
N125	CUBIC($C$84:$W$84,$C$94:$W$94,N115)	1.4026427591084263
N126	CUBIC($C$84:$W$84,$C$95:$W$95,N115)	1.4598266500665724
N127	CUBIC($C$84:$W$84,$C$96:$W$96,N115)	1.5138270748391547
N128	CUBIC($C$84:$W$84,$C$97:$W$97,N115)	1.5615439799008672
N129	CUBIC($C$84:$W$84,$C$98:$W$98,N115)	1.600572222845021
N13	'Basis Hull'!N14	0.19999999999999998
N130	CUBIC($C$84:$W$84,$C$99:$W$99,N115)	1.6293592181150713
N131	CUBIC($C$84:$W$84,$C$100:$W$100,N115)	1.6499512847444531
N132	CUBIC($C$84:$W$84,$C$101:$W$101,N115)	1.6667827123476635
N133	CUBIC($C$84:$W$84,$C$102:$W$102,N115)	1.68185174538767
N134	CUBIC($C$84:$W$84,$C$103:$W$103,N115)	1.6934644741835476
N135	CUBIC($C$84:$W$84,$C$104:$W$104,N115)	1.6999857323992118
N136	CUBIC($C$84:$W$84,$C$105:$W$105,N115)	1.7023688599785687
N137	CUBIC($C$84:$W$84,$C$106:$W$106,N115)	1.702702872146721
N138	CUBIC($C$84:$W$84,$C$107:$W$107,N115)	1.7027066156045634
N139	CUBIC($C$84:$W$84,$C$108:$W$108,N115)	1.7027057991353876
N14	'Basis Hull'!N15	0.39999999999999997
N140	CUBIC($C$84:$W$84,$C$109:$W$109,N115)	1.7027027027027026
N141		
N142		
N143		10
N144		9.4600000000000009
N145		0
N146		4.4365254770049167E-3
N147		1.0947026411909047E-2
N148		2.8169326305172313E-2
N149		7.6590605187904365E-2
N15	'Basis Hull'!N16	0.6
N150		0.14449300334734158
N151		0.22506731755390541
N152		0.31214395570434705
N153		0.40772602283829446
N154		0.50688909551675754
N155		0.61210691080944257
N156		0.71970310607056687
N157		0.83272063478606895
N158		0.94721708704630825
N159		1.0658884980700001
N16	'Basis Hull'!N17	0.79999999999999993
N160		1.1846327907280731
N161		1.3064149893411245
N162		1.4276624336331407
N163		1.5516010281486705
N164		1.6745022517638612
N165		1.7994150345594786
N166		1.9227145722889358
N167		2.0477178427163887
N168		2.1710258428997085
N169		2.2960290496745195
N17	'Basis Hull'!N18	0.99999999999999989
N170		
N171		10
N172		9.4600000000000009
N173		0
N174		1.6510042816209237E-4
N175		8.9903892729402413E-4
N176		4.2827920070153446E-3
N177		1.6519411310683275E-2
N178		3.926193297227909E-2
N179		7.1225015180394632E-2
N18	'Basis Hull'!N19	1.2
N180		0.11300656001378419
N181		0.16478668895873305
N182		0.22686766886327225
N183		0.29912682038561578
N184		0.38224160130813634
N185		0.47625768309060523
N186		0.58147007136084983
N187		0.69740157442515971
N188		0.82391944906438019
N189		0.96054374916677565
N19	'Basis Hull'!N20	1.4
N190		1.1075105690049682
N191		1.2645195639939666
N192		1.4315199688057187
N193		1.6078609997746216
N194		1.7935010851041358
N195		1.9880752733624623
N196		2.1918337535630275
N197		2.4045138530970696
N198		
N199		
N2		Cp
N20	'Basis Hull'!N21	1.5999999999999999
N200		10
N201		9.4600000000000009
N202		0
N203		1.5102003832145319E-4
N204		4.3759715025885345E-4
N205		3.2157561206395632E-3
N206		1.8306279736747054E-2
N207		5.1888947362827148E-2
N208		9.4554041695907864E-2
N209		0.14856184000827369
N21	'Basis Hull'!N22	1.7999999999999998
N210		0.20915762526317644
N211		0.27872458941904588
N212		0.35246412933479354
N213		0.43407907137428225
N214		0.51939715311311752
N215		0.61159691131182359
N216		0.70582753119463459
N217		0.80486759829861876
N218		0.90418921744411296
N219		1.0073769053012627
N22	'Basis Hull'!N23	1.9999999999999998
N220		1.1103062555786598
N221		1.2162815084189369
N222		1.3208614870983304
N223		1.4275136482108388
N224		1.5322476066514648
N225		1.6389141754532712
N226		1.7436480255121631
N227		
N228		
N229		10
N23	'Basis Hull'!N24	2.1999999999999997
N230		9.4600000000000009
N231		6.0540540540540533E-2
N232	N231+IF(AND(N116=0,N117=0),0,SQRT((N117-N116)^2+($B117-$B116)^2))	0.13384865074746566
N233		0.22187908530269684
N234		0.55124719559320023
N235		0.94822807370599582
N236		1.1639466035307038
N237		1.3048385133002516
N238		1.4315579765154451
N239		1.5415514647225874
N24	'Basis Hull'!N25	2.4
N240		1.6387209977276485
N241		1.7313861889425319
N242		1.8221214420330321
N243		1.9092635289167317
N244		1.9919680875884618
N245		2.0703615272020905
N246		2.1461300792922993
N247		2.2209641439483092
N248		2.2954216219779777
N249		2.3692572214396495
N25	'Basis Hull'!N26	0
N250		2.4424649197130766
N251		2.5154205197369079
N252		2.5883379514107281
N253		2.6612546181734871
N254		2.7341712848447246
N255		2.8070879515771368
N256		
N257		
N258		
N259		4
N26	'Basis Hull'!N27	0
N260		10
N261		9.4600000000000009
N262		1.6134861527272468
N263		0.99486046122474769
N264		0.62721289434058425
N265		0.64958278921243462
N266		2.024293153343951
N267		1.4387562682355171
N268		
N269		
N27	'Basis Hull'!N28	0
N270		
N271		
N272		
N273		
N274		
N275		
N276		
N277		
N278		
N279		
N28	'Basis Hull'!N29	0
N280		
N281		
N282		
N284		
N285		
N286		4
N287		10
N288		9.4600000000000009
N289		1.4826800428170892
N29	'Basis Hull'!N30	0
N290		0.65547383548363514
N291		0.33181497194610216
N292		0.38540869219085649
N293		1.7689441845812259
N294		1.158525572528136
N295		
N296		
N297		
N298		
N299		
N3		centroid
N30	'Basis Hull'!N31	0
N300		
N301		
N302		
N303		
N304		
N305		
N306		
N307		
N308		
N309		
N31	'Basis Hull'!N32	0
N310		
N311		
N315		4
N316		4
N317		10
N318		9.4600000000000009
N319		2.8070879515771368
N32	'Basis Hull'!N33	0
N320		
N321		
N322		
N323		
N324		
N325		
N326		
N327		
N328		
N329		
N33	'Basis Hull'!N34	0
N330		
N331		
N332		
N333		
N334		
N335		
N336		
N337		
N338		
N339		
N34	'Basis Hull'!N35	0
N340		
N341		
N342		
N343		
N344		
N345		
N346		
N347		
N348		
N349		
N35	'Basis Hull'!N36	0
N350		
N351		
N352		
N353		
N354		
N355		
N356		
N357	N356+0.1	0.1
N358		
N359		
N36	'Basis Hull'!N37	0
N360		
N361		
N362		
N363		
N364		
N37	'Basis Hull'!N38	0
N38	'Basis Hull'!N39	0
N39		27
N4		Cp
N44		Mean Skin Thickness
N45		Bilge factor:
N48		
N49		Number:
N5		centroid
N50		X  =
N51		Z
N52	N12	0
N53	IF(N13<$I$4,N13*$I$43/$I$4,$I$43+(N13-$I$4)*($E$46-$I$43)/($E$6-$I$4))-Input!$B$14*N13/$E$6*(1-N13/$E$6)*O$10/$E$4*(1-O$10/$E$4)	8.7740275405815624E-2
N54	IF(N14<$I$4,N14*$I$43/$I$4,$I$43+(N14-$I$4)*($E$46-$I$43)/($E$6-$I$4))-Input!$B$14*N14/$E$6*(1-N14/$E$6)*O$10/$E$4*(1-O$10/$E$4)	0.19043686437421023
N55	IF(N15<$I$4,N15*$I$43/$I$4,$I$43+(N15-$I$4)*($E$46-$I$43)/($E$6-$I$4))-Input!$B$14*N15/$E$6*(1-N15/$E$6)*O$10/$E$4*(1-O$10/$E$4)	0.30808976690518386
N56	IF(N16<$I$4,N16*$I$43/$I$4,$I$43+(N16-$I$4)*($E$46-$I$43)/($E$6-$I$4))-Input!$B$14*N16/$E$6*(1-N16/$E$6)*O$10/$E$4*(1-O$10/$E$4)	0.44069898299873633
N57	IF(N17<$I$4,N17*$I$43/$I$4,$I$43+(N17-$I$4)*($E$46-$I$43)/($E$6-$I$4))-Input!$B$14*N17/$E$6*(1-N17/$E$6)*O$10/$E$4*(1-O$10/$E$4)	0.58826451265486801
N58	IF(N18<$I$4,N18*$I$43/$I$4,$I$43+(N18-$I$4)*($E$46-$I$43)/($E$6-$I$4))-Input!$B$14*N18/$E$6*(1-N18/$E$6)*O$10/$E$4*(1-O$10/$E$4)	0.7391863558735785
N59	IF(N19<$I$4,N19*$I$43/$I$4,$I$43+(N19-$I$4)*($E$46-$I$43)/($E$6-$I$4))-Input!$B$14*N19/$E$6*(1-N19/$E$6)*O$10/$E$4*(1-O$10/$E$4)	0.87026451265486815
N60	IF(N20<$I$4,N20*$I$43/$I$4,$I$43+(N20-$I$4)*($E$46-$I$43)/($E$6-$I$4))-Input!$B$14*N20/$E$6*(1-N20/$E$6)*O$10/$E$4*(1-O$10/$E$4)	1.0162989829987366
N61	IF(N21<$I$4,N21*$I$43/$I$4,$I$43+(N21-$I$4)*($E$46-$I$43)/($E$6-$I$4))-Input!$B$14*N21/$E$6*(1-N21/$E$6)*O$10/$E$4*(1-O$10/$E$4)	1.1772897669051838
N62	IF(N22<$I$4,N22*$I$43/$I$4,$I$43+(N22-$I$4)*($E$46-$I$43)/($E$6-$I$4))-Input!$B$14*N22/$E$6*(1-N22/$E$6)*O$10/$E$4*(1-O$10/$E$4)	1.3532368643742101
N63	IF(N23<$I$4,N23*$I$43/$I$4,$I$43+(N23-$I$4)*($E$46-$I$43)/($E$6-$I$4))-Input!$B$14*N23/$E$6*(1-N23/$E$6)*O$10/$E$4*(1-O$10/$E$4)	1.5441402754058156
N64	IF(N24<$I$4,N24*$I$43/$I$4,$I$43+(N24-$I$4)*($E$46-$I$43)/($E$6-$I$4))-Input!$B$14*N24/$E$6*(1-N24/$E$6)*O$10/$E$4*(1-O$10/$E$4)	1.75
N65	IF(N25<$I$4,N25*$I$43/$I$4,$I$43+(N25-$I$4)*($E$46-$I$43)/($E$6-$I$4))-Input!$B$14*N25/$E$6*(1-N25/$E$6)*O$10/$E$4*(1-O$10/$E$4)	0
N66	IF(N26<$I$4,N26*$I$43/$I$4,$I$43+(N26-$I$4)*($E$46-$I$43)/($E$6-$I$4))-Input!$B$14*N26/$E$6*(1-N26/$E$6)*O$10/$E$4*(1-O$10/$E$4)	0
N67	IF(N27<$I$4,N27*$I$43/$I$4,$I$43+(N27-$I$4)*($E$46-$I$43)/($E$6-$I$4))-Input!$B$14*N27/$E$6*(1-N27/$E$6)*O$10/$E$4*(1-O$10/$E$4)	0
N68	IF(N28<$I$4,N28*$I$43/$I$4,$I$43+(N28-$I$4)*($E$46-$I$43)/($E$6-$I$4))-Input!$B$14*N28/$E$6*(1-N28/$E$6)*O$10/$E$4*(1-O$10/$E$4)	0
N69	IF(N29<$I$4,N29*$I$43/$I$4,$I$43+(N29-$I$4)*($E$46-$I$43)/($E$6-$I$4))-Input!$B$14*N29/$E$6*(1-N29/$E$6)*O$10/$E$4*(1-O$10/$E$4)	0
N70	IF(N30<$I$4,N30*$I$43/$I$4,$I$43+(N30-$I$4)*($E$46-$I$43)/($E$6-$I$4))-Input!$B$14*N30/$E$6*(1-N30/$E$6)*O$10/$E$4*(1-O$10/$E$4)	0
N71	IF(N31<$I$4,N31*$I$43/$I$4,$I$43+(N31-$I$4)*($E$46-$I$43)/($E$6-$I$4))-Input!$B$14*N31/$E$6*(1-N31/$E$6)*O$10/$E$4*(1-O$10/$E$4)	0
N72	IF(N32<$I$4,N32*$I$43/$I$4,$I$43+(N32-$I$4)*($E$46-$I$43)/($E$6-$I$4))-Input!$B$14*N32/$E$6*(1-N32/$E$6)*O$10/$E$4*(1-O$10/$E$4)	0
N73	IF(N33<$I$4,N33*$I$43/$I$4,$I$43+(N33-$I$4)*($E$46-$I$43)/($E$6-$I$4))-Input!$B$14*N33/$E$6*(1-N33/$E$6)*O$10/$E$4*(1-O$10/$E$4)	0
N74	IF(N34<$I$4,N34*$I$43/$I$4,$I$43+(N34-$I$4)*($E$46-$I$43)/($E$6-$I$4))-Input!$B$14*N34/$E$6*(1-N34/$E$6)*O$10/$E$4*(1-O$10/$E$4)	0
N75	IF(N35<$I$4,N35*$I$43/$I$4,$I$43+(N35-$I$4)*($E$46-$I$43)/($E$6-$I$4))-Input!$B$14*N35/$E$6*(1-N35/$E$6)*O$10/$E$4*(1-O$10/$E$4)	0
N76	IF(N36<$I$4,N36*$I$43/$I$4,$I$43+(N36-$I$4)*($E$46-$I$43)/($E$6-$I$4))-Input!$B$14*N36/$E$6*(1-N36/$E$6)*O$10/$E$4*(1-O$10/$E$4)	0
N77	IF(N37<$I$4,N37*$I$43/$I$4,$I$43+(N37-$I$4)*($E$46-$I$43)/($E$6-$I$4))-Input!$B$14*N37/$E$6*(1-N37/$E$6)*O$10/$E$4*(1-O$10/$E$4)	0
N78	IF(N38<$I$4,N38*$I$43/$I$4,$I$43+(N38-$I$4)*($E$46-$I$43)/($E$6-$I$4))-Input!$B$14*N38/$E$6*(1-N38/$E$6)*O$10/$E$4*(1-O$10/$E$4)	0
N79		27
N8		
N83		10
N84	Y50	9.4600000000000009
N85	IF(Transform!Y$50="",0,CUBIC(Transform!$X$52:$X$78,Transform!$Y$52:$Y$78,$B85))	6.0540540540540533E-2
N86	IF(Transform!Y$50="",0,CUBIC(Transform!$X$52:$X$78,Transform!$Y$52:$Y$78,$B86))	6.8106169683771034E-2
N87	IF(Transform!Y$50="",0,CUBIC(Transform!$X$52:$X$78,Transform!$Y$52:$Y$78,$B87))	0.11742672452863323
N88	IF(Transform!Y$50="",0,CUBIC(Transform!$X$52:$X$78,Transform!$Y$52:$Y$78,$B88))	0.43862216627486883
N89	IF(Transform!Y$50="",0,CUBIC(Transform!$X$52:$X$78,Transform!$Y$52:$Y$78,$B89))	0.82884899429855619
N9		Number:
N90	IF(Transform!Y$50="",0,CUBIC(Transform!$X$52:$X$78,Transform!$Y$52:$Y$78,$B90))	1.0318702834087272
N91	IF(Transform!Y$50="",0,CUBIC(Transform!$X$52:$X$78,Transform!$Y$52:$Y$78,$B91))	1.1524260379820059
N92	IF(Transform!Y$50="",0,CUBIC(Transform!$X$52:$X$78,Transform!$Y$52:$Y$78,$B92))	1.2560647473514739
N93	IF(Transform!Y$50="",0,CUBIC(Transform!$X$52:$X$78,Transform!$Y$52:$Y$78,$B93))	1.338415990026961
N94	IF(Transform!Y$50="",0,CUBIC(Transform!$X$52:$X$78,Transform!$Y$52:$Y$78,$B94))	1.4026427591084263
N95	IF(Transform!Y$50="",0,CUBIC(Transform!$X$52:$X$78,Transform!$Y$52:$Y$78,$B95))	1.4598266500665724
N96	IF(Transform!Y$50="",0,CUBIC(Transform!$X$52:$X$78,Transform!$Y$52:$Y$78,$B96))	1.5138270748391547
N97	IF(Transform!Y$50="",0,CUBIC(Transform!$X$52:$X$78,Transform!$Y$52:$Y$78,$B97))	1.5615439799008672
N98	IF(Transform!Y$50="",0,CUBIC(Transform!$X$52:$X$78,Transform!$Y$52:$Y$78,$B98))	1.600572222845021
N99	IF(Transform!Y$50="",0,CUBIC(Transform!$X$52:$X$78,Transform!$Y$52:$Y$78,$B99))	1.6293592181150713
O10	'Basis Hull'!O11	9.7050000000000001
O100	IF(Transform!AA$50="",0,CUBIC(Transform!$Z$52:$Z$78,Transform!$AA$52:$AA$78,$B100))	1.6480282618426267
O101	IF(Transform!AA$50="",0,CUBIC(Transform!$Z$52:$Z$78,Transform!$AA$52:$AA$78,$B101))	1.6652198576111499
O102	IF(Transform!AA$50="",0,CUBIC(Transform!$Z$52:$Z$78,Transform!$AA$52:$AA$78,$B102))	1.6806574682822875
O103	IF(Transform!AA$50="",0,CUBIC(Transform!$Z$52:$Z$78,Transform!$AA$52:$AA$78,$B103))	1.6927479189293129
O104	IF(Transform!AA$50="",0,CUBIC(Transform!$Z$52:$Z$78,Transform!$AA$52:$AA$78,$B104))	1.6997067683992533
O105	IF(Transform!AA$50="",0,CUBIC(Transform!$Z$52:$Z$78,Transform!$AA$52:$AA$78,$B105))	1.7023084224415455
O106	IF(Transform!AA$50="",0,CUBIC(Transform!$Z$52:$Z$78,Transform!$AA$52:$AA$78,$B106))	1.7027025304928958
O107	IF(Transform!AA$50="",0,CUBIC(Transform!$Z$52:$Z$78,Transform!$AA$52:$AA$78,$B107))	1.7027086812607559
O108	IF(Transform!AA$50="",0,CUBIC(Transform!$Z$52:$Z$78,Transform!$AA$52:$AA$78,$B108))	1.7027075197168657
O109	IF(Transform!AA$50="",0,CUBIC(Transform!$Z$52:$Z$78,Transform!$AA$52:$AA$78,$B109))	1.7027027027027026
O11		Y
O110		
O114		9
O115		10.32
O116		6.0540540540540526E-2
O117	CUBIC($C$84:$W$84,$C$86:$W$86,O115)	6.8078261599640949E-2
O118	CUBIC($C$84:$W$84,$C$87:$W$87,O115)	0.10749448811764978
O119	CUBIC($C$84:$W$84,$C$88:$W$88,O115)	0.40244371973608345
O12	'Basis Hull'!O13	0.08
O120	CUBIC($C$84:$W$84,$C$89:$W$89,O115)	0.7979944053947523
O121	CUBIC($C$84:$W$84,$C$90:$W$90,O115)	1.0153927604163704
O122	CUBIC($C$84:$W$84,$C$91:$W$91,O115)	1.1389858130574111
O123	CUBIC($C$84:$W$84,$C$92:$W$92,O115)	1.2441685838085337
O124	CUBIC($C$84:$W$84,$C$93:$W$93,O115)	1.3289427846064368
O125	CUBIC($C$84:$W$84,$C$94:$W$94,O115)	1.3947835246752427
O126	CUBIC($C$84:$W$84,$C$95:$W$95,O115)	1.4524423691242034
O127	CUBIC($C$84:$W$84,$C$96:$W$96,O115)	1.5071225454420083
O128	CUBIC($C$84:$W$84,$C$97:$W$97,O115)	1.5559786884783195
O129	CUBIC($C$84:$W$84,$C$98:$W$98,O115)	1.5963988739684425
O13	'Basis Hull'!O14	0.09
O130	CUBIC($C$84:$W$84,$C$99:$W$99,O115)	1.6265848587658764
O131	CUBIC($C$84:$W$84,$C$100:$W$100,O115)	1.6480282618426265
O132	CUBIC($C$84:$W$84,$C$101:$W$101,O115)	1.6652198576111497
O133	CUBIC($C$84:$W$84,$C$102:$W$102,O115)	1.6806574682822875
O134	CUBIC($C$84:$W$84,$C$103:$W$103,O115)	1.6927479189293129
O135	CUBIC($C$84:$W$84,$C$104:$W$104,O115)	1.6997067683992533
O136	CUBIC($C$84:$W$84,$C$105:$W$105,O115)	1.7023084224415455
O137	CUBIC($C$84:$W$84,$C$106:$W$106,O115)	1.7027025304928958
O138	CUBIC($C$84:$W$84,$C$107:$W$107,O115)	1.7027086812607559
O139	CUBIC($C$84:$W$84,$C$108:$W$108,O115)	1.7027075197168657
O14	'Basis Hull'!O15	0.22
O140	CUBIC($C$84:$W$84,$C$109:$W$109,O115)	1.7027027027027026
O141		
O142		
O143		9
O144		10.32
O145		0
O146		4.4955209649958881E-3
O147		1.0702904602073885E-2
O148		2.6382672133899585E-2
O149		7.1837787960397331E-2
O15	'Basis Hull'!O16	0.98
O150		0.1384267648843171
O151		0.21763590886603457
O152		0.30408139049258742
O153		0.39858111904063831
O154		0.49742535829941614
O155		0.60178818420390656
O156		0.70916747227961907
O157		0.82143533238305211
O158		0.93587599038123748
O159		1.0539947535699472
O16	'Basis Hull'!O17	1.44
O160		1.1728737889788834
O161		1.2942288658832553
O162		1.4156757199649479
O163		1.5392433920905029
O164		1.6624100650579741
O165		1.7870113917598609
O166		1.9106097210323085
O167		2.0353127479394346
O168		2.1589212259863695
O169		2.2836241723832416
O17	'Basis Hull'!O18	1.71
O170		
O171		9
O172		10.32
O173		0
O174		1.6723894009294831E-4
O175		8.6363567379410099E-4
O176		3.9517043973305559E-3
O177		1.5460650665754395E-2
O178		3.7717548832107074E-2
O179		6.9220547862813619E-2
O18	'Basis Hull'!O19	1.89
O180		0.11059690237318973
O181		0.1619146558485598
O182		0.22364781545518486
O183		0.29548816821703894
O184		0.37824220310920914
O185		0.47184698034338013
O186		0.5767703791079124
O187		0.69241906558680588
O188		0.81879713357933137
O189		0.95524359796881742
O19	'Basis Hull'!O20	2.02
O190		1.1021238811560834
O191		1.2590083085149466
O192		1.4259964697860554
O193		1.6022871686135862
O194		1.7879596107448137
O195		1.9824993296342954
O196		2.186292658784255
O197		2.3989382704495843
O198		
O199		
O2	'Basis Hull'!C259	0.72543610555234117
O20	'Basis Hull'!O21	2.13
O200		9
O201		10.32
O202		0
O203		1.5095331693352074E-4
O204		4.1026344763946322E-4
O205		2.7372571365880806E-3
O206		1.6162620190103748E-2
O207		4.8190635309129794E-2
O208		8.9786257507949191E-2
O209		0.14259502517993572
O21	'Basis Hull'!O22	2.1949999999999998
O210		0.20226263991756138
O211		0.27090079898670943
O212		0.34393197078986393
O213		0.42469656900642339
O214		0.5094082275221723
O215		0.60096272375377591
O216		0.69486940475649828
O217		0.79355508155575083
O218		0.89274973216958708
O219		0.99568537256232259
O22	'Basis Hull'!O23	2.2400000000000002
O220		1.0985787869577102
O221		1.2044116969490473
O222		1.3090559278158129
O223		1.415622294283172
O224		1.5204395756182549
O225		1.6270232205437132
O226		1.731840364793312
O227		
O228		
O229		9
O23	'Basis Hull'!O24	2.25
O230		10.32
O231		6.0540540540540526E-2
O232	O231+IF(AND(O116=0,O117=0),0,SQRT((O117-O116)^2+($B117-$B116)^2))	0.13384577580066764
O233		0.21673412957064403
O234		0.52056284695937638
O235		0.92277819376108772
O236		1.1520790551722113
O237		1.2955784730766364
O238		1.4235638454465327
O239		1.5353829198421876
O24	'Basis Hull'!O25	2.25
O240		1.6336267152217729
O241		1.7265857525498736
O242		1.8177271918622084
O243		1.9054982747435441
O244		1.9888687231820268
O245		2.0677866169449035
O246		2.1437909576978482
O247		2.2187068521585438
O248		2.2932397985715993
O249		2.3671520389288361
O25	'Basis Hull'!O26	0
O250		2.440400014079847
O251		2.5133630792671973
O252		2.5862808109854423
O253		2.6591974779115279
O254		2.7321141445874462
O255		2.8050308114132236
O256		
O257		
O258		
O259		2
O26	'Basis Hull'!O27	0
O260		9
O261		10.32
O262		1.609879544337929
O263		0.98335504567123921
O264		0.6223977151816702
O265		0.63877843788549371
O266		2.021423618263368
O267		2.2987562682355165
O268		
O269		
O27	'Basis Hull'!O28	0
O270		
O271		
O272		
O273		
O274		
O275		
O276		
O277		
O278		
O279		
O28	'Basis Hull'!O29	0
O280		
O281		
O282		
O284		
O285		
O286		2
O287		9
O288		10.32
O289		1.4755183380953336
O29	'Basis Hull'!O30	0
O290		0.64513075905263229
O291		0.32803483424990953
O292		0.37649913825444425
O293		1.7642830048075493
O294		2.0185255725281355
O295		
O296		
O297		
O298		
O299		
O3	'Basis Hull'!C261	0.37552928636484967
O30	'Basis Hull'!O31	0
O300		
O301		
O302		
O31	'Basis Hull'!O32	0
O315		2
O316		2
O317		9
O318		10.32
O319		2.8050308114132236
O32	'Basis Hull'!O33	0
O33	'Basis Hull'!O34	0
O34	'Basis Hull'!O35	0
O35	'Basis Hull'!O36	0
O357	Cubic2($G$303:$M$303,$G$304:$M$304,N357)	#VALUE!
O36	'Basis Hull'!O37	0
O37	'Basis Hull'!O38	0
O38	'Basis Hull'!O39	0
O39		27
O4	'Basis Hull'!C253	0.65740707595042913
O40		
O48		
O49	O9	15
O5	'Basis Hull'!C255	0.34856699267766539
O50	($E$44/2)*(1-(($E$4/2-O10)/($E$4/2)+($T$45*($E$4/2-O10)/($E$4/2)*(1-($E$4/2-O10)/($E$4/2)))/($O$2*(1-2*$O$3))))+Input!$B$13*'Basis Hull'!O41	5.1599999999999993
O51		Y
O52	O12*$E$45/$E$5	6.0540540540540533E-2
O53		6.8108108108108106E-2
O54		0.16648648648648648
O55		0.74162162162162149
O56		1.0897297297297297
O57		1.2940540540540537
O58		1.4302702702702701
O59		1.5286486486486486
O60		1.6118918918918916
O61		1.6610810810810808
O62		1.6951351351351351
O63		1.7027027027027026
O64		1.7027027027027026
O65		0
O66		0
O67		0
O68		0
O69		0
O70		0
O71		0
O72		0
O73		0
O74		0
O75		0
O76		0
O77		0
O78		0
O79		27
O8		
O83		9
O84	AA50	10.319999999999999
O85	IF(Transform!AA$50="",0,CUBIC(Transform!$Z$52:$Z$78,Transform!$AA$52:$AA$78,$B85))	6.0540540540540533E-2
O86	IF(Transform!AA$50="",0,CUBIC(Transform!$Z$52:$Z$78,Transform!$AA$52:$AA$78,$B86))	6.8078261599640949E-2
O87	IF(Transform!AA$50="",0,CUBIC(Transform!$Z$52:$Z$78,Transform!$AA$52:$AA$78,$B87))	0.10749448811764981
O88	IF(Transform!AA$50="",0,CUBIC(Transform!$Z$52:$Z$78,Transform!$AA$52:$AA$78,$B88))	0.40244371973608356
O89	IF(Transform!AA$50="",0,CUBIC(Transform!$Z$52:$Z$78,Transform!$AA$52:$AA$78,$B89))	0.79799440539475242
O9		15
O90	IF(Transform!AA$50="",0,CUBIC(Transform!$Z$52:$Z$78,Transform!$AA$52:$AA$78,$B90))	1.0153927604163706
O91	IF(Transform!AA$50="",0,CUBIC(Transform!$Z$52:$Z$78,Transform!$AA$52:$AA$78,$B91))	1.1389858130574113
O92	IF(Transform!AA$50="",0,CUBIC(Transform!$Z$52:$Z$78,Transform!$AA$52:$AA$78,$B92))	1.2441685838085339
O93	IF(Transform!AA$50="",0,CUBIC(Transform!$Z$52:$Z$78,Transform!$AA$52:$AA$78,$B93))	1.328942784606437
O94	IF(Transform!AA$50="",0,CUBIC(Transform!$Z$52:$Z$78,Transform!$AA$52:$AA$78,$B94))	1.3947835246752427
O95	IF(Transform!AA$50="",0,CUBIC(Transform!$Z$52:$Z$78,Transform!$AA$52:$AA$78,$B95))	1.4524423691242037
O96	IF(Transform!AA$50="",0,CUBIC(Transform!$Z$52:$Z$78,Transform!$AA$52:$AA$78,$B96))	1.5071225454420083
O97	IF(Transform!AA$50="",0,CUBIC(Transform!$Z$52:$Z$78,Transform!$AA$52:$AA$78,$B97))	1.5559786884783198
O98	IF(Transform!AA$50="",0,CUBIC(Transform!$Z$52:$Z$78,Transform!$AA$52:$AA$78,$B98))	1.5963988739684425
O99	IF(Transform!AA$50="",0,CUBIC(Transform!$Z$52:$Z$78,Transform!$AA$52:$AA$78,$B99))	1.6265848587658764
P10		X  =
P100	IF(Transform!AC$50="",0,CUBIC(Transform!$AB$52:$AB$78,Transform!$AC$52:$AC$78,$B100))	1.6446390332703233
P101	IF(Transform!AC$50="",0,CUBIC(Transform!$AB$52:$AB$78,Transform!$AC$52:$AC$78,$B101))	1.6625200408342347
P102	IF(Transform!AC$50="",0,CUBIC(Transform!$AB$52:$AB$78,Transform!$AC$52:$AC$78,$B102))	1.678555491314883
P103	IF(Transform!AC$50="",0,CUBIC(Transform!$AB$52:$AB$78,Transform!$AC$52:$AC$78,$B103))	1.691449086702266
P104	IF(Transform!AC$50="",0,CUBIC(Transform!$AB$52:$AB$78,Transform!$AC$52:$AC$78,$B104))	1.6991858568680593
P105	IF(Transform!AC$50="",0,CUBIC(Transform!$AB$52:$AB$78,Transform!$AC$52:$AC$78,$B105))	1.7021894091722025
P106	IF(Transform!AC$50="",0,CUBIC(Transform!$AB$52:$AB$78,Transform!$AC$52:$AC$78,$B106))	1.7027009547042402
P107	IF(Transform!AC$50="",0,CUBIC(Transform!$AB$52:$AB$78,Transform!$AC$52:$AC$78,$B107))	1.7027121122151652
P108	IF(Transform!AC$50="",0,CUBIC(Transform!$AB$52:$AB$78,Transform!$AC$52:$AC$78,$B108))	1.7027105368475506
P109	IF(Transform!AC$50="",0,CUBIC(Transform!$AB$52:$AB$78,Transform!$AC$52:$AC$78,$B109))	1.7027027027027026
P11		Z
P110		
P114		8
P115		11.18
P116		6.0540540540540554E-2
P117	CUBIC($C$84:$W$84,$C$86:$W$86,P115)	6.8078919649115929E-2
P118	CUBIC($C$84:$W$84,$C$87:$W$87,P115)	9.4436556234972102E-2
P119	CUBIC($C$84:$W$84,$C$88:$W$88,P115)	0.34654473172219813
P12	'Basis Hull'!P13	0
P120	CUBIC($C$84:$W$84,$C$89:$W$89,P115)	0.7435107006672651
P121	CUBIC($C$84:$W$84,$C$90:$W$90,P115)	0.98582148937437153
P122	CUBIC($C$84:$W$84,$C$91:$W$91,P115)	1.1164388120973252
P123	CUBIC($C$84:$W$84,$C$92:$W$92,P115)	1.2239600083745941
P124	CUBIC($C$84:$W$84,$C$93:$W$93,P115)	1.3125900187038488
P125	CUBIC($C$84:$W$84,$C$94:$W$94,P115)	1.3813726887437046
P126	CUBIC($C$84:$W$84,$C$95:$W$95,P115)	1.4399999375657619
P127	CUBIC($C$84:$W$84,$C$96:$W$96,P115)	1.4956558683427625
P128	CUBIC($C$84:$W$84,$C$97:$W$97,P115)	1.5462905645276526
P129	CUBIC($C$84:$W$84,$C$98:$W$98,P115)	1.5889894932120483
P13	'Basis Hull'!P14	0.19999999999999998
P130	CUBIC($C$84:$W$84,$C$99:$W$99,P115)	1.6216105830651537
P131	CUBIC($C$84:$W$84,$C$100:$W$100,P115)	1.6446390332703231
P132	CUBIC($C$84:$W$84,$C$101:$W$101,P115)	1.6625200408342344
P133	CUBIC($C$84:$W$84,$C$102:$W$102,P115)	1.6785554913148828
P134	CUBIC($C$84:$W$84,$C$103:$W$103,P115)	1.6914490867022658
P135	CUBIC($C$84:$W$84,$C$104:$W$104,P115)	1.6991858568680591
P136	CUBIC($C$84:$W$84,$C$105:$W$105,P115)	1.7021894091722023
P137	CUBIC($C$84:$W$84,$C$106:$W$106,P115)	1.70270095470424
P138	CUBIC($C$84:$W$84,$C$107:$W$107,P115)	1.7027121122151649
P139	CUBIC($C$84:$W$84,$C$108:$W$108,P115)	1.7027105368475504
P14	'Basis Hull'!P15	0.39999999999999997
P140	CUBIC($C$84:$W$84,$C$109:$W$109,P115)	1.7027027027027024
P141		
P142		
P143		8
P144		11.18
P145		0
P146		4.5748980257158053E-3
P147		1.0385588290291093E-2
P148		2.3833888074946422E-2
P149		6.4444210812989733E-2
P15	'Basis Hull'!P16	0.6
P150		0.12850355184702772
P151		0.2054950729374152
P152		0.29075618109344392
P153		0.38353008005580702
P154		0.48169315818905456
P155		0.58473343067633132
P156		0.69162092954824417
P157		0.80272786757998149
P158		0.91692875363733428
P159		1.0342105545351448
P16	'Basis Hull'!P17	0.79999999999999993
P160		1.1531804758984485
P161		1.2739286354339807
P162		1.3955864578965562
P163		1.5186416133838843
P164		1.6421307768720563
P165		1.7663245073541167
P166		1.8903061627672917
P167		2.0146229010396386
P168		2.1386180363189831
P169		2.2629347022068487
P17	'Basis Hull'!P18	0.99999999999999989
P170		
P171		8
P172		11.18
P173		0
P174		1.7013318699369141E-4
P175		8.1735571333383934E-4
P176		3.4722553177112432E-3
P177		1.3793020574968088E-2
P178		3.5133884722479039E-2
P179		6.5878747125687184E-2
P18	'Basis Hull'!P19	1.2
P180		0.10654145817428971
P181		0.15709841688763979
P182		0.21820034083980239
P183		0.28936392179515669
P184		0.37147521592666638
P185		0.46440200315715319
P186		0.56878497532994554
P187		0.68396178833616261
P188		0.81005723504350691
P189		0.9462259423368673
P19	'Basis Hull'!P20	1.4
P190		1.0929243235047028
P191		1.2496193416260248
P192		1.4165503049462196
P193		1.5927823858403192
P194		1.778478972448023
P195		1.9729902275474718
P196		2.1768126199194366
P197		2.3894297940786888
P198		
P199		
P20	'Basis Hull'!P21	1.5999999999999999
P200		8
P201		11.18
P202		0
P203		1.5095488995058311E-4
P204		3.7822333651697066E-4
P205		2.1002731208422444E-3
P206		1.3042626125553824E-2
P207		4.2242962975296013E-2
P208		8.2150853090297946E-2
P209		0.13284999799177608
P21	'Basis Hull'!P22	1.7999999999999998
P210		0.19105967966550144
P211		0.25799734495840559
P212		0.32995686853273909
P213		0.4091727509259564
P214		0.49295673251396221
P215		0.58327262051076179
P216		0.67670899087935277
P217		0.77465710113942809
P218		0.87374129604978368
P219		0.97612922513798861
P22	'Basis Hull'!P23	1.9999999999999998
P220		1.0790645067119773
P221		1.1845345517987396
P222		1.2893972388582966
P223		1.3957038708835703
P224		1.5007758437275607
P225		1.6071054247593606
P226		1.7121772743530712
P227		
P228		
P229		8
P23	'Basis Hull'!P24	2.1999999999999997
P230		11.18
P231		6.0540540540540554E-2
P232	P231+IF(AND(P116=0,P117=0),0,SQRT((P117-P116)^2+($B117-$B116)^2))	0.13384584346851694
P233		0.21138012804101972
P234		0.47382130702266456
P235		0.87742856758455501
P236		1.1304727506863164
P237		1.280064613008737
P238		1.4099786150511371
P239		1.5247484674024476
P24	'Basis Hull'!P25	2.4
P240		1.6249876612120022
P241		1.7185504453850975
P242		1.8102806089542969
P243		1.8990539874836392
P244		1.9835527377026387
P245		2.0634337478426099
P246		2.1399004059141493
P247		2.2149775043482154
P248		2.2896365691019014
P249		2.3636844257879077
P25	'Basis Hull'!P26	0
P250		2.4370103958829299
P251		2.5099888968556239
P252		2.5829073578693422
P253		2.6558240253896552
P254		2.7287406920733397
P255		2.8016573591608553
P256		
P257		
P258		
P259		4
P26	'Basis Hull'!P27	0
P260		8
P261		11.18
P262		1.6034392702696798
P263		0.96414023571290408
P264		0.61421260116652499
P265		0.62080490070384231
P266		2.0165182968001378
P267		3.1587562682355159
P268		
P269		
P27	'Basis Hull'!P28	0
P270		
P271		
P272		
P273		
P274		
P275		
P276		
P277		
P278		
P279		
P28	'Basis Hull'!P29	0
P280		
P281		
P282		
P284		
P285		
P286		4
P287		8
P288		11.18
P289		1.4633780932278069
P29	'Basis Hull'!P30	0
P290		0.62795567324084922
P291		0.32165187570057607
P292		0.36181532346288375
P293		1.7564385805635401
P294		2.8785255725281349
P295		
P296		
P297		
P298		
P299		
P3		from midships
P30	'Basis Hull'!P31	0
P300		
P301		
P302		
P303		
P304		
P305		
P306		
P307		
P308		
P309		
P31	'Basis Hull'!P32	0
P315		4
P316		4
P317		8
P318		11.18
P319		2.8016573591608553
P32	'Basis Hull'!P33	0
P33	'Basis Hull'!P34	0
P34	'Basis Hull'!P35	0
P35	'Basis Hull'!P36	0
P36	'Basis Hull'!P37	0
P37	'Basis Hull'!P38	0
P38	'Basis Hull'!P39	0
P39		27
P48		
P49		Number:
P5		from midships
P50		X  =
P51		Z
P52	P12	0
P53	IF(P13<$I$4,P13*$I$43/$I$4,$I$43+(P13-$I$4)*($E$46-$I$43)/($E$6-$I$4))-Input!$B$14*P13/$E$6*(1-P13/$E$6)*Q$10/$E$4*(1-Q$10/$E$4)	8.0885298356300275E-2
P54	IF(P14<$I$4,P14*$I$43/$I$4,$I$43+(P14-$I$4)*($E$46-$I$43)/($E$6-$I$4))-Input!$B$14*P14/$E$6*(1-P14/$E$6)*Q$10/$E$4*(1-Q$10/$E$4)	0.17797326973872776
P55	IF(P15<$I$4,P15*$I$43/$I$4,$I$43+(P15-$I$4)*($E$46-$I$43)/($E$6-$I$4))-Input!$B$14*P15/$E$6*(1-P15/$E$6)*Q$10/$E$4*(1-Q$10/$E$4)	0.29126391414728248
P56	IF(P16<$I$4,P16*$I$43/$I$4,$I$43+(P16-$I$4)*($E$46-$I$43)/($E$6-$I$4))-Input!$B$14*P16/$E$6*(1-P16/$E$6)*Q$10/$E$4*(1-Q$10/$E$4)	0.42075723158196432
P57	IF(P17<$I$4,P17*$I$43/$I$4,$I$43+(P17-$I$4)*($E$46-$I$43)/($E$6-$I$4))-Input!$B$14*P17/$E$6*(1-P17/$E$6)*Q$10/$E$4*(1-Q$10/$E$4)	0.5664532220427736
P58	IF(P18<$I$4,P18*$I$43/$I$4,$I$43+(P18-$I$4)*($E$46-$I$43)/($E$6-$I$4))-Input!$B$14*P18/$E$6*(1-P18/$E$6)*Q$10/$E$4*(1-Q$10/$E$4)	0.71675188552970992
P59	IF(P19<$I$4,P19*$I$43/$I$4,$I$43+(P19-$I$4)*($E$46-$I$43)/($E$6-$I$4))-Input!$B$14*P19/$E$6*(1-P19/$E$6)*Q$10/$E$4*(1-Q$10/$E$4)	0.84845322204277385
P6		0
P60	IF(P20<$I$4,P20*$I$43/$I$4,$I$43+(P20-$I$4)*($E$46-$I$43)/($E$6-$I$4))-Input!$B$14*P20/$E$6*(1-P20/$E$6)*Q$10/$E$4*(1-Q$10/$E$4)	0.99635723158196443
P61	IF(P21<$I$4,P21*$I$43/$I$4,$I$43+(P21-$I$4)*($E$46-$I$43)/($E$6-$I$4))-Input!$B$14*P21/$E$6*(1-P21/$E$6)*Q$10/$E$4*(1-Q$10/$E$4)	1.1604639141472826
P62	IF(P22<$I$4,P22*$I$43/$I$4,$I$43+(P22-$I$4)*($E$46-$I$43)/($E$6-$I$4))-Input!$B$14*P22/$E$6*(1-P22/$E$6)*Q$10/$E$4*(1-Q$10/$E$4)	1.3407732697387276
P63	IF(P23<$I$4,P23*$I$43/$I$4,$I$43+(P23-$I$4)*($E$46-$I$43)/($E$6-$I$4))-Input!$B$14*P23/$E$6*(1-P23/$E$6)*Q$10/$E$4*(1-Q$10/$E$4)	1.5372852983563001
P64	IF(P24<$I$4,P24*$I$43/$I$4,$I$43+(P24-$I$4)*($E$46-$I$43)/($E$6-$I$4))-Input!$B$14*P24/$E$6*(1-P24/$E$6)*Q$10/$E$4*(1-Q$10/$E$4)	1.75
P65	IF(P25<$I$4,P25*$I$43/$I$4,$I$43+(P25-$I$4)*($E$46-$I$43)/($E$6-$I$4))-Input!$B$14*P25/$E$6*(1-P25/$E$6)*Q$10/$E$4*(1-Q$10/$E$4)	0
P66	IF(P26<$I$4,P26*$I$43/$I$4,$I$43+(P26-$I$4)*($E$46-$I$43)/($E$6-$I$4))-Input!$B$14*P26/$E$6*(1-P26/$E$6)*Q$10/$E$4*(1-Q$10/$E$4)	0
P67	IF(P27<$I$4,P27*$I$43/$I$4,$I$43+(P27-$I$4)*($E$46-$I$43)/($E$6-$I$4))-Input!$B$14*P27/$E$6*(1-P27/$E$6)*Q$10/$E$4*(1-Q$10/$E$4)	0
P68	IF(P28<$I$4,P28*$I$43/$I$4,$I$43+(P28-$I$4)*($E$46-$I$43)/($E$6-$I$4))-Input!$B$14*P28/$E$6*(1-P28/$E$6)*Q$10/$E$4*(1-Q$10/$E$4)	0
P69	IF(P29<$I$4,P29*$I$43/$I$4,$I$43+(P29-$I$4)*($E$46-$I$43)/($E$6-$I$4))-Input!$B$14*P29/$E$6*(1-P29/$E$6)*Q$10/$E$4*(1-Q$10/$E$4)	0
P70	IF(P30<$I$4,P30*$I$43/$I$4,$I$43+(P30-$I$4)*($E$46-$I$43)/($E$6-$I$4))-Input!$B$14*P30/$E$6*(1-P30/$E$6)*Q$10/$E$4*(1-Q$10/$E$4)	0
P71	IF(P31<$I$4,P31*$I$43/$I$4,$I$43+(P31-$I$4)*($E$46-$I$43)/($E$6-$I$4))-Input!$B$14*P31/$E$6*(1-P31/$E$6)*Q$10/$E$4*(1-Q$10/$E$4)	0
P72	IF(P32<$I$4,P32*$I$43/$I$4,$I$43+(P32-$I$4)*($E$46-$I$43)/($E$6-$I$4))-Input!$B$14*P32/$E$6*(1-P32/$E$6)*Q$10/$E$4*(1-Q$10/$E$4)	0
P73	IF(P33<$I$4,P33*$I$43/$I$4,$I$43+(P33-$I$4)*($E$46-$I$43)/($E$6-$I$4))-Input!$B$14*P33/$E$6*(1-P33/$E$6)*Q$10/$E$4*(1-Q$10/$E$4)	0
P74	IF(P34<$I$4,P34*$I$43/$I$4,$I$43+(P34-$I$4)*($E$46-$I$43)/($E$6-$I$4))-Input!$B$14*P34/$E$6*(1-P34/$E$6)*Q$10/$E$4*(1-Q$10/$E$4)	0
P75	IF(P35<$I$4,P35*$I$43/$I$4,$I$43+(P35-$I$4)*($E$46-$I$43)/($E$6-$I$4))-Input!$B$14*P35/$E$6*(1-P35/$E$6)*Q$10/$E$4*(1-Q$10/$E$4)	0
P76	IF(P36<$I$4,P36*$I$43/$I$4,$I$43+(P36-$I$4)*($E$46-$I$43)/($E$6-$I$4))-Input!$B$14*P36/$E$6*(1-P36/$E$6)*Q$10/$E$4*(1-Q$10/$E$4)	0
P77	IF(P37<$I$4,P37*$I$43/$I$4,$I$43+(P37-$I$4)*($E$46-$I$43)/($E$6-$I$4))-Input!$B$14*P37/$E$6*(1-P37/$E$6)*Q$10/$E$4*(1-Q$10/$E$4)	0
P78	IF(P38<$I$4,P38*$I$43/$I$4,$I$43+(P38-$I$4)*($E$46-$I$43)/($E$6-$I$4))-Input!$B$14*P38/$E$6*(1-P38/$E$6)*Q$10/$E$4*(1-Q$10/$E$4)	0
P79		27
P8		
P83		8
P84	AC50	11.179999999999998
P85	IF(Transform!AC$50="",0,CUBIC(Transform!$AB$52:$AB$78,Transform!$AC$52:$AC$78,$B85))	6.0540540540540533E-2
P86	IF(Transform!AC$50="",0,CUBIC(Transform!$AB$52:$AB$78,Transform!$AC$52:$AC$78,$B86))	6.8078919649115929E-2
P87	IF(Transform!AC$50="",0,CUBIC(Transform!$AB$52:$AB$78,Transform!$AC$52:$AC$78,$B87))	9.4436556234972116E-2
P88	IF(Transform!AC$50="",0,CUBIC(Transform!$AB$52:$AB$78,Transform!$AC$52:$AC$78,$B88))	0.34654473172219824
P89	IF(Transform!AC$50="",0,CUBIC(Transform!$AB$52:$AB$78,Transform!$AC$52:$AC$78,$B89))	0.74351070066726521
P9		Number:
P90	IF(Transform!AC$50="",0,CUBIC(Transform!$AB$52:$AB$78,Transform!$AC$52:$AC$78,$B90))	0.98582148937437175
P91	IF(Transform!AC$50="",0,CUBIC(Transform!$AB$52:$AB$78,Transform!$AC$52:$AC$78,$B91))	1.1164388120973254
P92	IF(Transform!AC$50="",0,CUBIC(Transform!$AB$52:$AB$78,Transform!$AC$52:$AC$78,$B92))	1.2239600083745943
P93	IF(Transform!AC$50="",0,CUBIC(Transform!$AB$52:$AB$78,Transform!$AC$52:$AC$78,$B93))	1.3125900187038488
P94	IF(Transform!AC$50="",0,CUBIC(Transform!$AB$52:$AB$78,Transform!$AC$52:$AC$78,$B94))	1.3813726887437048
P95	IF(Transform!AC$50="",0,CUBIC(Transform!$AB$52:$AB$78,Transform!$AC$52:$AC$78,$B95))	1.4399999375657622
P96	IF(Transform!AC$50="",0,CUBIC(Transform!$AB$52:$AB$78,Transform!$AC$52:$AC$78,$B96))	1.4956558683427628
P97	IF(Transform!AC$50="",0,CUBIC(Transform!$AB$52:$AB$78,Transform!$AC$52:$AC$78,$B97))	1.5462905645276528
P98	IF(Transform!AC$50="",0,CUBIC(Transform!$AB$52:$AB$78,Transform!$AC$52:$AC$78,$B98))	1.5889894932120485
P99	IF(Transform!AC$50="",0,CUBIC(Transform!$AB$52:$AB$78,Transform!$AC$52:$AC$78,$B99))	1.6216105830651537
Q10	'Basis Hull'!Q11	11.3225
Q100	IF(Transform!AE$50="",0,CUBIC(Transform!$AD$52:$AD$78,Transform!$AE$52:$AE$78,$B100))	1.5877428270793923
Q101	IF(Transform!AE$50="",0,CUBIC(Transform!$AD$52:$AD$78,Transform!$AE$52:$AE$78,$B101))	1.6092208371742851
Q102	IF(Transform!AE$50="",0,CUBIC(Transform!$AD$52:$AD$78,Transform!$AE$52:$AE$78,$B102))	1.6253423569478589
Q103	IF(Transform!AE$50="",0,CUBIC(Transform!$AD$52:$AD$78,Transform!$AE$52:$AE$78,$B103))	1.6370609317098936
Q104	IF(Transform!AE$50="",0,CUBIC(Transform!$AD$52:$AD$78,Transform!$AE$52:$AE$78,$B104))	1.6456349222062721
Q105	IF(Transform!AE$50="",0,CUBIC(Transform!$AD$52:$AD$78,Transform!$AE$52:$AE$78,$B105))	1.6519812339900342
Q106	IF(Transform!AE$50="",0,CUBIC(Transform!$AD$52:$AD$78,Transform!$AE$52:$AE$78,$B106))	1.6566180143437159
Q107	IF(Transform!AE$50="",0,CUBIC(Transform!$AD$52:$AD$78,Transform!$AE$52:$AE$78,$B107))	1.660031910617779
Q108	IF(Transform!AE$50="",0,CUBIC(Transform!$AD$52:$AD$78,Transform!$AE$52:$AE$78,$B108))	1.6626478537622422
Q109	IF(Transform!AE$50="",0,CUBIC(Transform!$AD$52:$AD$78,Transform!$AE$52:$AE$78,$B109))	1.6648648648648647
Q11		Y
Q110		
Q114		7
Q115		12.04
Q116		6.0540540540540533E-2
Q117	CUBIC($C$84:$W$84,$C$86:$W$86,Q115)	6.7496534546662976E-2
Q118	CUBIC($C$84:$W$84,$C$87:$W$87,Q115)	8.550495552168047E-2
Q119	CUBIC($C$84:$W$84,$C$88:$W$88,Q115)	0.26963065755325905
Q12	'Basis Hull'!Q13	0.08
Q120	CUBIC($C$84:$W$84,$C$89:$W$89,Q115)	0.62254942062763297
Q121	CUBIC($C$84:$W$84,$C$90:$W$90,Q115)	0.88456565466551218
Q122	CUBIC($C$84:$W$84,$C$91:$W$91,Q115)	1.0314147987778595
Q123	CUBIC($C$84:$W$84,$C$92:$W$92,Q115)	1.146440846738807
Q124	CUBIC($C$84:$W$84,$C$93:$W$93,Q115)	1.2429603101293127
Q125	CUBIC($C$84:$W$84,$C$94:$W$94,Q115)	1.3167922401073031
Q126	CUBIC($C$84:$W$84,$C$95:$W$95,Q115)	1.3769425571828127
Q127	CUBIC($C$84:$W$84,$C$96:$W$96,Q115)	1.4342626135356225
Q128	CUBIC($C$84:$W$84,$C$97:$W$97,Q115)	1.4863194710849614
Q129	CUBIC($C$84:$W$84,$C$98:$W$98,Q115)	1.5278633548225964
Q13	'Basis Hull'!Q14	0.09
Q130	CUBIC($C$84:$W$84,$C$99:$W$99,Q115)	1.5607770213780046
Q131	CUBIC($C$84:$W$84,$C$100:$W$100,Q115)	1.5877428270793923
Q132	CUBIC($C$84:$W$84,$C$101:$W$101,Q115)	1.6092208371742851
Q133	CUBIC($C$84:$W$84,$C$102:$W$102,Q115)	1.6253423569478589
Q134	CUBIC($C$84:$W$84,$C$103:$W$103,Q115)	1.6370609317098936
Q135	CUBIC($C$84:$W$84,$C$104:$W$104,Q115)	1.6456349222062721
Q136	CUBIC($C$84:$W$84,$C$105:$W$105,Q115)	1.6519812339900342
Q137	CUBIC($C$84:$W$84,$C$106:$W$106,Q115)	1.6566180143437159
Q138	CUBIC($C$84:$W$84,$C$107:$W$107,Q115)	1.660031910617779
Q139	CUBIC($C$84:$W$84,$C$108:$W$108,Q115)	1.6626478537622422
Q14	'Basis Hull'!Q15	0.22
Q140	CUBIC($C$84:$W$84,$C$109:$W$109,Q115)	1.6648648648648647
Q141		
Q142		
Q143		7
Q144		12.04
Q145		0
Q146		4.6008595181252446E-3
Q147		1.011187999910455E-2
Q148		2.1107905001828395E-2
Q149		5.3535626681522772E-2
Q15	'Basis Hull'!Q16	0.98
Q150		0.10968692570705452
Q151		0.17973558455121996
Q152		0.25932810583070143
Q153		0.34647506188120886
Q154		0.44004171795411651
Q155		0.53817472436103309
Q156		0.64077704981737771
Q157		0.74721009719739362
Q158		0.85727644901490008
Q159		0.96981374088584316
Q16	'Basis Hull'!Q17	1.44
Q160		1.0847451985701015
Q161		1.2012261859139299
Q162		1.3192930448515972
Q163		1.4381482636109066
Q164		1.5579546665250552
Q165		1.6780825447972785
Q166		1.7988270453707873
Q167		1.9196429490121352
Q168		2.040895637641758
Q169		2.1621027314208896
Q17	'Basis Hull'!Q18	1.71
Q170		
Q171		7
Q172		12.04
Q173		0
Q174		1.7082166235696063E-4
Q175		7.8156851896233476E-4
Q176		2.9363374109685893E-3
Q177		1.1232306320085638E-2
Q178		2.9861722170280068E-2
Q179		5.7967331596992057E-2
Q18	'Basis Hull'!Q19	1.89
Q180		9.5793854664030925E-2
Q181		0.14344885771595273
Q182		0.2015120387859021
Q183		0.2694892152875511
Q184		0.34808974200715981
Q185		0.43734685044381327
Q186		0.53769260303542676
Q187		0.64848851399095031
Q188		0.77000640806966403
Q189		0.90168173175076527
Q19	'Basis Hull'!Q20	2.02
Q190		1.0437121989630189
Q191		1.1954157310079641
Q192		1.3569915415188678
Q193		1.5278511260229568
Q194		1.7082832257844442
Q195		1.8977547630308753
Q196		2.0966122791168225
Q197		2.3043885884608244
Q198		
Q199		
Q20	'Basis Hull'!Q21	2.13
Q200		7
Q201		12.04
Q202		0
Q203		1.4956686002730142E-4
Q204		3.5485361492462855E-4
Q205		1.4438481853819708E-3
Q206		8.6877902669920629E-3
Q207		3.0676482723249059E-2
Q208		6.4362215623623223E-2
Q209		0.10787152218029482
Q21	'Basis Hull'!Q22	2.1949999999999998
Q210		0.15995685617892966
Q211		0.22001820315657125
Q212		0.28606244379933932
Q213		0.35825525159272043
Q214		0.43594937692392421
Q215		0.51901290036478009
Q216		0.60587724746626515
Q217		0.69643608353246655
Q218		0.789497525714842
Q219		0.88505973477187905
Q22	'Basis Hull'!Q23	2.2400000000000002
Q220		0.98195512839292254
Q221		1.0803515444194136
Q222		1.179334075896878
Q223		1.2792762991540965
Q224		1.3793965176757306
Q225		1.4801812199128099
Q226		1.5809512182574685
Q227		
Q228		
Q229		7
Q23	'Basis Hull'!Q24	2.25
Q230		12.04
Q231		6.0540540540540533E-2
Q232	Q231+IF(AND(Q116=0,Q117=0),0,SQRT((Q117-Q116)^2+($B117-$B116)^2))	0.13378824446626772
Q233		0.2088957907169024
Q234		0.40693395478231542
Q235		0.76730666963143368
Q236		1.0392797329615555
Q237		1.2032355544632842
Q238		1.339425979924445
Q239		1.4603922855263314
Q24	'Basis Hull'!Q25	2.25
Q240		1.5641612315653688
Q241		1.65868583641544
Q242		1.7514351174804006
Q243		1.8410272861989327
Q244		1.9249482880624944
Q245		2.0049492238313862
Q246		2.0826923582864798
Q247		2.1587064701040504
Q248		2.233384068335297
Q249		2.307236389031611
Q25	'Basis Hull'!Q26	0
Q250		2.380655416475522
Q251		2.4538477381427195
Q252		2.5269116828064595
Q253		2.599908223584416
Q254		2.6728717996776479
Q255		2.7458221623635657
Q256		
Q257		
Q258		
Q259		2
Q26	'Basis Hull'!Q27	0
Q260		7
Q261		12.04
Q262		1.5422573162523998
Q263		0.90263655157226119
Q264		0.58138426700090684
Q265		0.55379679821885064
Q266		1.9578783945424947
Q267		4.0187562682355153
Q268		
Q269		
Q27	'Basis Hull'!Q28	0
Q270		
Q271		
Q272		
Q273		
Q274		
Q275		
Q276		
Q277		
Q278		
Q279		
Q28	'Basis Hull'!Q29	0
Q280		
Q281		
Q282		
Q284		
Q285		
Q286		2
Q287		7
Q288		12.04
Q289		1.4010308247542571
Q29	'Basis Hull'!Q30	0
Q290		0.57969070405111323
Q291		0.30035997179769247
Q292		0.31493465749713379
Q293		1.6970151502981821
Q294		3.7385255725281343
Q295		
Q296		
Q297		
Q298		
Q299		
Q30	'Basis Hull'!Q31	0
Q300		
Q301		
Q302		
Q303		
Q304		
Q305		
Q306		
Q307		
Q308		
Q309		
Q31	'Basis Hull'!Q32	0
Q315		2
Q316		2
Q317		7
Q318		12.04
Q319		2.7458221623635657
Q32	'Basis Hull'!Q33	0
Q33	'Basis Hull'!Q34	0
Q34	'Basis Hull'!Q35	0
Q35	'Basis Hull'!Q36	0
Q36	'Basis Hull'!Q37	0
Q37	'Basis Hull'!Q38	0
Q38	'Basis Hull'!Q39	0
Q39		27
Q4		
Q44		0
Q45	'Basis Hull'!Q6	1
Q48		
Q49	Q9	14
Q5		
Q50	($E$44/2)*(1-(($E$4/2-Q10)/($E$4/2)+($T$45*($E$4/2-Q10)/($E$4/2)*(1-($E$4/2-Q10)/($E$4/2)))/($O$2*(1-2*$O$3))))+Input!$B$13*'Basis Hull'!Q41	6.02
Q51		Y
Q52	Q12*$E$45/$E$5	6.0540540540540533E-2
Q53		6.8108108108108106E-2
Q54		0.16648648648648648
Q55		0.74162162162162149
Q56		1.0897297297297297
Q57		1.2940540540540537
Q58		1.4302702702702701
Q59		1.5286486486486486
Q6		m
Q60		1.6118918918918916
Q61		1.6610810810810808
Q62		1.6951351351351351
Q63		1.7027027027027026
Q64		1.7027027027027026
Q65		0
Q66		0
Q67		0
Q68		0
Q69		0
Q70		0
Q71		0
Q72		0
Q73		0
Q74		0
Q75		0
Q76		0
Q77		0
Q78		0
Q79		27
Q8		
Q83		7
Q84	AE50	12.04
Q85	IF(Transform!AE$50="",0,CUBIC(Transform!$AD$52:$AD$78,Transform!$AE$52:$AE$78,$B85))	6.0540540540540533E-2
Q86	IF(Transform!AE$50="",0,CUBIC(Transform!$AD$52:$AD$78,Transform!$AE$52:$AE$78,$B86))	6.7496534546662976E-2
Q87	IF(Transform!AE$50="",0,CUBIC(Transform!$AD$52:$AD$78,Transform!$AE$52:$AE$78,$B87))	8.550495552168047E-2
Q88	IF(Transform!AE$50="",0,CUBIC(Transform!$AD$52:$AD$78,Transform!$AE$52:$AE$78,$B88))	0.26963065755325905
Q89	IF(Transform!AE$50="",0,CUBIC(Transform!$AD$52:$AD$78,Transform!$AE$52:$AE$78,$B89))	0.62254942062763297
Q9		14
Q90	IF(Transform!AE$50="",0,CUBIC(Transform!$AD$52:$AD$78,Transform!$AE$52:$AE$78,$B90))	0.88456565466551218
Q91	IF(Transform!AE$50="",0,CUBIC(Transform!$AD$52:$AD$78,Transform!$AE$52:$AE$78,$B91))	1.0314147987778595
Q92	IF(Transform!AE$50="",0,CUBIC(Transform!$AD$52:$AD$78,Transform!$AE$52:$AE$78,$B92))	1.146440846738807
Q93	IF(Transform!AE$50="",0,CUBIC(Transform!$AD$52:$AD$78,Transform!$AE$52:$AE$78,$B93))	1.2429603101293127
Q94	IF(Transform!AE$50="",0,CUBIC(Transform!$AD$52:$AD$78,Transform!$AE$52:$AE$78,$B94))	1.3167922401073031
Q95	IF(Transform!AE$50="",0,CUBIC(Transform!$AD$52:$AD$78,Transform!$AE$52:$AE$78,$B95))	1.3769425571828127
Q96	IF(Transform!AE$50="",0,CUBIC(Transform!$AD$52:$AD$78,Transform!$AE$52:$AE$78,$B96))	1.4342626135356225
Q97	IF(Transform!AE$50="",0,CUBIC(Transform!$AD$52:$AD$78,Transform!$AE$52:$AE$78,$B97))	1.4863194710849614
Q98	IF(Transform!AE$50="",0,CUBIC(Transform!$AD$52:$AD$78,Transform!$AE$52:$AE$78,$B98))	1.5278633548225964
Q99	IF(Transform!AE$50="",0,CUBIC(Transform!$AD$52:$AD$78,Transform!$AE$52:$AE$78,$B99))	1.5607770213780046
R10		X  =
R100	IF(Transform!AG$50="",0,CUBIC(Transform!$AF$52:$AF$78,Transform!$AG$52:$AG$78,$B100))	1.4602669863913738
R101	IF(Transform!AG$50="",0,CUBIC(Transform!$AF$52:$AF$78,Transform!$AG$52:$AG$78,$B101))	1.4882547573796143
R102	IF(Transform!AG$50="",0,CUBIC(Transform!$AF$52:$AF$78,Transform!$AG$52:$AG$78,$B102))	1.5086385307254906
R103	IF(Transform!AG$50="",0,CUBIC(Transform!$AF$52:$AF$78,Transform!$AG$52:$AG$78,$B103))	1.5215411472777487
R104	IF(Transform!AG$50="",0,CUBIC(Transform!$AF$52:$AF$78,Transform!$AG$52:$AG$78,$B104))	1.5304606909038723
R105	IF(Transform!AG$50="",0,CUBIC(Transform!$AF$52:$AF$78,Transform!$AG$52:$AG$78,$B105))	1.5376962730818844
R106	IF(Transform!AG$50="",0,CUBIC(Transform!$AF$52:$AF$78,Transform!$AG$52:$AG$78,$B106))	1.5427963090761905
R107	IF(Transform!AG$50="",0,CUBIC(Transform!$AF$52:$AF$78,Transform!$AG$52:$AG$78,$B107))	1.5450759987926832
R108	IF(Transform!AG$50="",0,CUBIC(Transform!$AF$52:$AF$78,Transform!$AG$52:$AG$78,$B108))	1.5450167846183485
R109	IF(Transform!AG$50="",0,CUBIC(Transform!$AF$52:$AF$78,Transform!$AG$52:$AG$78,$B109))	1.5437837837837836
R11		Z
R110		
R114		6
R115		12.899999999999999
R116		0
R117	CUBIC($C$84:$W$84,$C$86:$W$86,R115)	3.7407966633995086E-2
R118	CUBIC($C$84:$W$84,$C$87:$W$87,R115)	5.9444886128064284E-2
R119	CUBIC($C$84:$W$84,$C$88:$W$88,R115)	0.15688569574851394
R12	'Basis Hull'!R13	0
R120	CUBIC($C$84:$W$84,$C$89:$W$89,R115)	0.40181434545186706
R121	CUBIC($C$84:$W$84,$C$90:$W$90,R115)	0.66169243375527997
R122	CUBIC($C$84:$W$84,$C$91:$W$91,R115)	0.85575239242427181
R123	CUBIC($C$84:$W$84,$C$92:$W$92,R115)	0.99146727819274016
R124	CUBIC($C$84:$W$84,$C$93:$W$93,R115)	1.0855814054253865
R125	CUBIC($C$84:$W$84,$C$94:$W$94,R115)	1.1582937125225612
R126	CUBIC($C$84:$W$84,$C$95:$W$95,R115)	1.2227936426049435
R127	CUBIC($C$84:$W$84,$C$96:$W$96,R115)	1.285701609064744
R128	CUBIC($C$84:$W$84,$C$97:$W$97,R115)	1.3454135380488776
R129	CUBIC($C$84:$W$84,$C$98:$W$98,R115)	1.3925891985877425
R13	'Basis Hull'!R14	0.19999999999999998
R130	CUBIC($C$84:$W$84,$C$99:$W$99,R115)	1.4284358156329116
R131	CUBIC($C$84:$W$84,$C$100:$W$100,R115)	1.4602669863913738
R132	CUBIC($C$84:$W$84,$C$101:$W$101,R115)	1.4882547573796143
R133	CUBIC($C$84:$W$84,$C$102:$W$102,R115)	1.5086385307254906
R134	CUBIC($C$84:$W$84,$C$103:$W$103,R115)	1.5215411472777487
R135	CUBIC($C$84:$W$84,$C$104:$W$104,R115)	1.5304606909038723
R136	CUBIC($C$84:$W$84,$C$105:$W$105,R115)	1.5376962730818844
R137	CUBIC($C$84:$W$84,$C$106:$W$106,R115)	1.5427963090761905
R138	CUBIC($C$84:$W$84,$C$107:$W$107,R115)	1.5450759987926832
R139	CUBIC($C$84:$W$84,$C$108:$W$108,R115)	1.5450167846183485
R14	'Basis Hull'!R15	0.39999999999999997
R140	CUBIC($C$84:$W$84,$C$109:$W$109,R115)	1.5437837837837836
R141		
R142		
R143		6
R144		12.899999999999999
R145		0
R146		1.4572325769160372E-3
R147		5.0817266272510852E-3
R148		1.1959011911163825E-2
R149		3.154566448147994E-2
R15	'Basis Hull'!R16	0.6
R150		7.0920291699979224E-2
R151		0.12644273153106611
R152		0.19429940618440891
R153		0.27002058005309504
R154		0.3520931780139851
R155		0.43873880674352567
R156		0.53037855733360162
R157		0.62615927659904502
R158		0.72627999732990711
R159		0.82896984269706353
R16	'Basis Hull'!R17	0.79999999999999993
R160		0.9344959561235715
R161		1.0418320289125016
R162		1.1513482888542912
R163		1.2616599809712352
R164		1.3731428953653415
R165		1.4848112354428529
R166		1.5973383628867068
R167		1.709733813766656
R168		1.8226050976855155
R169		1.9350202319866179
R17	'Basis Hull'!R18	0.99999999999999989
R170		
R171		6
R172		12.899999999999999
R173		0
R174		6.970261967584657E-5
R175		4.7589555486159352E-4
R176		1.8129601067381482E-3
R177		6.8716565375454208E-3
R178		1.9904658977518638E-2
R179		4.2274050929959929E-2
R18	'Basis Hull'!R19	1.2
R180		7.4467474956290969E-2
R181		0.11596589916418759
R182		0.16680950502535802
R183		0.22693041394619612
R184		0.29703506325792584
R185		0.3774745659424617
R186		0.46863825800174996
R187		0.56986922045267896
R188		0.68131199326631742
R189		0.80279325254543199
R19	'Basis Hull'!R20	1.4
R190		0.93439210937722827
R191		1.0753473109244078
R192		1.2255362054030434
R193		1.3845334094648174
R194		1.5525097910422176
R195		1.728959186464107
R196		1.913879113419906
R197		2.1067809935202324
R198		
R199		
R2		CP change
R20	'Basis Hull'!R21	1.5999999999999999
R200		6
R201		12.899999999999999
R202		0
R203		1.700606210734484E-5
R204		1.1096845226175733E-4
R205		5.0490673592174841E-4
R206		3.312507760834161E-3
R207		1.3973454476966737E-2
R208		3.545799566074221E-2
R209		6.6839166428750693E-2
R21	'Basis Hull'!R22	1.7999999999999998
R210		0.10646459322839905
R211		0.15237770371334014
R212		0.20417643358698118
R213		0.26145581283002184
R214		0.32470132028276011
R215		0.39310544060649755
R216		0.4657681539683286
R217		0.54177523063374533
R218		0.62113959236931593
R219		0.70301802829989868
R22	'Basis Hull'!R23	1.9999999999999998
R220		0.78682996365224001
R221		0.87168217753531663
R222		0.9575623577095651
R223		1.0440154897486937
R224		1.1310147193908864
R225		1.2179987480640178
R226		1.3050283473507833
R227		
R228		
R229		6
R23	'Basis Hull'!R24	2.1999999999999997
R230		12.899999999999999
R231		0
R232	R231+IF(AND(R116=0,R117=0),0,SQRT((R117-R116)^2+($B117-$B116)^2))	8.1952402316636627E-2
R233		0.15812632238489793
R234		0.2798290407492241
R235		0.53538115622331994
R236		0.80529495923830896
R237		1.0126017556449598
R238		1.1666646340320852
R239		1.2857205420019988
R24	'Basis Hull'!R25	2.4
R240		1.3886958782780781
R241		1.4860461800670812
R242		1.5823491006971699
R243		1.676595345931577
R244		1.7634422412419795
R245		1.8446938272656428
R246		1.9242555247691033
R247		2.0023590176658232
R248		2.0780712260182006
R249		2.1521206540488911
R25	'Basis Hull'!R26	0
R250		2.2255808373884127
R251		2.2988556210949
R252		2.3719504269631764
R253		2.4449027213957799
R254		2.5178194121057689
R255		2.5907465028802941
R256		
R257		
R258		
R259		4
R26	'Basis Hull'!R27	0
R260		6
R261		12.899999999999999
R262		1.4084984572119044
R263		0.76763301351046942
R264		0.50849544481536157
R265		0.42207234633789714
R266		1.7970817135107358
R267		4.8787562682355148
R268		
R269		
R27	'Basis Hull'!R28	0
R270		
R271		
R272		
R273		
R274		
R275		
R276		
R277		
R278		
R279		
R28	'Basis Hull'!R29	0
R280		
R281		
R282		
R284		
R285		
R286		4
R287		6
R288		12.899999999999999
R289		1.2489183007465181
R29	'Basis Hull'!R30	0
R290		0.47573202693384958
R291		0.25436403100574839
R292		0.22689074169470025
R293		1.5256964276406555
R294		4.5985255725281338
R295		
R296		
R297		
R298		
R299		
R3		Aft
R30	'Basis Hull'!R31	0
R300		
R301		
R302		
R303		
R304		
R305		
R306		
R307		
R308		
R309		
R31	'Basis Hull'!R32	0
R315		4
R316		4
R317		6
R318		12.899999999999999
R319		2.5907465028802941
R32	'Basis Hull'!R33	0
R33	'Basis Hull'!R34	0
R34	'Basis Hull'!R35	0
R35	'Basis Hull'!R36	0
R36	'Basis Hull'!R37	0
R37	'Basis Hull'!R38	0
R38	'Basis Hull'!R39	0
R39		27
R4		Forward
R42		
R44		m
R48		
R49		Number:
R50		X  =
R51		Z
R52	R12	0
R53	IF(R13<$I$4,R13*$I$43/$I$4,$I$43+(R13-$I$4)*($E$46-$I$43)/($E$6-$I$4))-Input!$B$14*R13/$E$6*(1-R13/$E$6)*S$10/$E$4*(1-S$10/$E$4)	7.5988886178075005E-2
R54	IF(R14<$I$4,R14*$I$43/$I$4,$I$43+(R14-$I$4)*($E$46-$I$43)/($E$6-$I$4))-Input!$B$14*R14/$E$6*(1-R14/$E$6)*S$10/$E$4*(1-S$10/$E$4)	0.16907070214195452
R55	IF(R15<$I$4,R15*$I$43/$I$4,$I$43+(R15-$I$4)*($E$46-$I$43)/($E$6-$I$4))-Input!$B$14*R15/$E$6*(1-R15/$E$6)*S$10/$E$4*(1-S$10/$E$4)	0.27924544789163869
R56	IF(R16<$I$4,R16*$I$43/$I$4,$I$43+(R16-$I$4)*($E$46-$I$43)/($E$6-$I$4))-Input!$B$14*R16/$E$6*(1-R16/$E$6)*S$10/$E$4*(1-S$10/$E$4)	0.4065131234271272
R57	IF(R17<$I$4,R17*$I$43/$I$4,$I$43+(R17-$I$4)*($E$46-$I$43)/($E$6-$I$4))-Input!$B$14*R17/$E$6*(1-R17/$E$6)*S$10/$E$4*(1-S$10/$E$4)	0.55087372874842044
R58	IF(R18<$I$4,R18*$I$43/$I$4,$I$43+(R18-$I$4)*($E$46-$I$43)/($E$6-$I$4))-Input!$B$14*R18/$E$6*(1-R18/$E$6)*S$10/$E$4*(1-S$10/$E$4)	0.7007272638555182
R59	IF(R19<$I$4,R19*$I$43/$I$4,$I$43+(R19-$I$4)*($E$46-$I$43)/($E$6-$I$4))-Input!$B$14*R19/$E$6*(1-R19/$E$6)*S$10/$E$4*(1-S$10/$E$4)	0.83287372874842058
R60	IF(R20<$I$4,R20*$I$43/$I$4,$I$43+(R20-$I$4)*($E$46-$I$43)/($E$6-$I$4))-Input!$B$14*R20/$E$6*(1-R20/$E$6)*S$10/$E$4*(1-S$10/$E$4)	0.98211312342712731
R61	IF(R21<$I$4,R21*$I$43/$I$4,$I$43+(R21-$I$4)*($E$46-$I$43)/($E$6-$I$4))-Input!$B$14*R21/$E$6*(1-R21/$E$6)*S$10/$E$4*(1-S$10/$E$4)	1.1484454478916386
R62	IF(R22<$I$4,R22*$I$43/$I$4,$I$43+(R22-$I$4)*($E$46-$I$43)/($E$6-$I$4))-Input!$B$14*R22/$E$6*(1-R22/$E$6)*S$10/$E$4*(1-S$10/$E$4)	1.3318707021419545
R63	IF(R23<$I$4,R23*$I$43/$I$4,$I$43+(R23-$I$4)*($E$46-$I$43)/($E$6-$I$4))-Input!$B$14*R23/$E$6*(1-R23/$E$6)*S$10/$E$4*(1-S$10/$E$4)	1.5323888861780748
R64	IF(R24<$I$4,R24*$I$43/$I$4,$I$43+(R24-$I$4)*($E$46-$I$43)/($E$6-$I$4))-Input!$B$14*R24/$E$6*(1-R24/$E$6)*S$10/$E$4*(1-S$10/$E$4)	1.75
R65	IF(R25<$I$4,R25*$I$43/$I$4,$I$43+(R25-$I$4)*($E$46-$I$43)/($E$6-$I$4))-Input!$B$14*R25/$E$6*(1-R25/$E$6)*S$10/$E$4*(1-S$10/$E$4)	0
R66	IF(R26<$I$4,R26*$I$43/$I$4,$I$43+(R26-$I$4)*($E$46-$I$43)/($E$6-$I$4))-Input!$B$14*R26/$E$6*(1-R26/$E$6)*S$10/$E$4*(1-S$10/$E$4)	0
R67	IF(R27<$I$4,R27*$I$43/$I$4,$I$43+(R27-$I$4)*($E$46-$I$43)/($E$6-$I$4))-Input!$B$14*R27/$E$6*(1-R27/$E$6)*S$10/$E$4*(1-S$10/$E$4)	0
R68	IF(R28<$I$4,R28*$I$43/$I$4,$I$43+(R28-$I$4)*($E$46-$I$43)/($E$6-$I$4))-Input!$B$14*R28/$E$6*(1-R28/$E$6)*S$10/$E$4*(1-S$10/$E$4)	0
R69	IF(R29<$I$4,R29*$I$43/$I$4,$I$43+(R29-$I$4)*($E$46-$I$43)/($E$6-$I$4))-Input!$B$14*R29/$E$6*(1-R29/$E$6)*S$10/$E$4*(1-S$10/$E$4)	0
R70	IF(R30<$I$4,R30*$I$43/$I$4,$I$43+(R30-$I$4)*($E$46-$I$43)/($E$6-$I$4))-Input!$B$14*R30/$E$6*(1-R30/$E$6)*S$10/$E$4*(1-S$10/$E$4)	0
R71	IF(R31<$I$4,R31*$I$43/$I$4,$I$43+(R31-$I$4)*($E$46-$I$43)/($E$6-$I$4))-Input!$B$14*R31/$E$6*(1-R31/$E$6)*S$10/$E$4*(1-S$10/$E$4)	0
R72	IF(R32<$I$4,R32*$I$43/$I$4,$I$43+(R32-$I$4)*($E$46-$I$43)/($E$6-$I$4))-Input!$B$14*R32/$E$6*(1-R32/$E$6)*S$10/$E$4*(1-S$10/$E$4)	0
R73	IF(R33<$I$4,R33*$I$43/$I$4,$I$43+(R33-$I$4)*($E$46-$I$43)/($E$6-$I$4))-Input!$B$14*R33/$E$6*(1-R33/$E$6)*S$10/$E$4*(1-S$10/$E$4)	0
R74	IF(R34<$I$4,R34*$I$43/$I$4,$I$43+(R34-$I$4)*($E$46-$I$43)/($E$6-$I$4))-Input!$B$14*R34/$E$6*(1-R34/$E$6)*S$10/$E$4*(1-S$10/$E$4)	0
R75	IF(R35<$I$4,R35*$I$43/$I$4,$I$43+(R35-$I$4)*($E$46-$I$43)/($E$6-$I$4))-Input!$B$14*R35/$E$6*(1-R35/$E$6)*S$10/$E$4*(1-S$10/$E$4)	0
R76	IF(R36<$I$4,R36*$I$43/$I$4,$I$43+(R36-$I$4)*($E$46-$I$43)/($E$6-$I$4))-Input!$B$14*R36/$E$6*(1-R36/$E$6)*S$10/$E$4*(1-S$10/$E$4)	0
R77	IF(R37<$I$4,R37*$I$43/$I$4,$I$43+(R37-$I$4)*($E$46-$I$43)/($E$6-$I$4))-Input!$B$14*R37/$E$6*(1-R37/$E$6)*S$10/$E$4*(1-S$10/$E$4)	0
R78	IF(R38<$I$4,R38*$I$43/$I$4,$I$43+(R38-$I$4)*($E$46-$I$43)/($E$6-$I$4))-Input!$B$14*R38/$E$6*(1-R38/$E$6)*S$10/$E$4*(1-S$10/$E$4)	0
R79		27
R8		
R83		6
R84	AG50	12.899999999999999
R85	IF(Transform!AG$50="",0,CUBIC(Transform!$AF$52:$AF$78,Transform!$AG$52:$AG$78,$B85))	0
R86	IF(Transform!AG$50="",0,CUBIC(Transform!$AF$52:$AF$78,Transform!$AG$52:$AG$78,$B86))	3.7407966633995086E-2
R87	IF(Transform!AG$50="",0,CUBIC(Transform!$AF$52:$AF$78,Transform!$AG$52:$AG$78,$B87))	5.9444886128064284E-2
R88	IF(Transform!AG$50="",0,CUBIC(Transform!$AF$52:$AF$78,Transform!$AG$52:$AG$78,$B88))	0.15688569574851394
R89	IF(Transform!AG$50="",0,CUBIC(Transform!$AF$52:$AF$78,Transform!$AG$52:$AG$78,$B89))	0.40181434545186706
R9		Number:
R90	IF(Transform!AG$50="",0,CUBIC(Transform!$AF$52:$AF$78,Transform!$AG$52:$AG$78,$B90))	0.66169243375527997
R91	IF(Transform!AG$50="",0,CUBIC(Transform!$AF$52:$AF$78,Transform!$AG$52:$AG$78,$B91))	0.85575239242427181
R92	IF(Transform!AG$50="",0,CUBIC(Transform!$AF$52:$AF$78,Transform!$AG$52:$AG$78,$B92))	0.99146727819274016
R93	IF(Transform!AG$50="",0,CUBIC(Transform!$AF$52:$AF$78,Transform!$AG$52:$AG$78,$B93))	1.0855814054253865
R94	IF(Transform!AG$50="",0,CUBIC(Transform!$AF$52:$AF$78,Transform!$AG$52:$AG$78,$B94))	1.1582937125225612
R95	IF(Transform!AG$50="",0,CUBIC(Transform!$AF$52:$AF$78,Transform!$AG$52:$AG$78,$B95))	1.2227936426049435
R96	IF(Transform!AG$50="",0,CUBIC(Transform!$AF$52:$AF$78,Transform!$AG$52:$AG$78,$B96))	1.285701609064744
R97	IF(Transform!AG$50="",0,CUBIC(Transform!$AF$52:$AF$78,Transform!$AG$52:$AG$78,$B97))	1.3454135380488776
R98	IF(Transform!AG$50="",0,CUBIC(Transform!$AF$52:$AF$78,Transform!$AG$52:$AG$78,$B98))	1.3925891985877425
R99	IF(Transform!AG$50="",0,CUBIC(Transform!$AF$52:$AF$78,Transform!$AG$52:$AG$78,$B99))	1.4284358156329116
S10	'Basis Hull'!S11	12.94
S100	IF(Transform!AI$50="",0,CUBIC(Transform!$AH$52:$AH$78,Transform!$AI$52:$AI$78,$B100))	1.2186210702116074
S101	IF(Transform!AI$50="",0,CUBIC(Transform!$AH$52:$AH$78,Transform!$AI$52:$AI$78,$B101))	1.2411203188281075
S102	IF(Transform!AI$50="",0,CUBIC(Transform!$AH$52:$AH$78,Transform!$AI$52:$AI$78,$B102))	1.2598449650667485
S103	IF(Transform!AI$50="",0,CUBIC(Transform!$AH$52:$AH$78,Transform!$AI$52:$AI$78,$B103))	1.278143519731946
S104	IF(Transform!AI$50="",0,CUBIC(Transform!$AH$52:$AH$78,Transform!$AI$52:$AI$78,$B104))	1.2934632234046057
S105	IF(Transform!AI$50="",0,CUBIC(Transform!$AH$52:$AH$78,Transform!$AI$52:$AI$78,$B105))	1.3031809461506123
S106	IF(Transform!AI$50="",0,CUBIC(Transform!$AH$52:$AH$78,Transform!$AI$52:$AI$78,$B106))	1.3080873666271446
S107	IF(Transform!AI$50="",0,CUBIC(Transform!$AH$52:$AH$78,Transform!$AI$52:$AI$78,$B107))	1.3099302617422013
S108	IF(Transform!AI$50="",0,CUBIC(Transform!$AH$52:$AH$78,Transform!$AI$52:$AI$78,$B108))	1.3099997814342215
S109	IF(Transform!AI$50="",0,CUBIC(Transform!$AH$52:$AH$78,Transform!$AI$52:$AI$78,$B109))	1.3091891891891889
S11		Y
S110		
S114		5
S115		13.759999999999998
S116	CUBIC($C$84:$W$84,$C85:$W85,S115)	0
S117	CUBIC($C$84:$W$84,$C$86:$W$86,S115)	-6.2632566089643122E-3
S118	CUBIC($C$84:$W$84,$C$87:$W$87,S115)	1.8818400496165788E-2
S119	CUBIC($C$84:$W$84,$C$88:$W$88,S115)	8.8969103013508008E-2
S12	'Basis Hull'!S13	0.08
S120	CUBIC($C$84:$W$84,$C$89:$W$89,S115)	0.20239743887817427
S121	CUBIC($C$84:$W$84,$C$90:$W$90,S115)	0.3613220076300015
S122	CUBIC($C$84:$W$84,$C$91:$W$91,S115)	0.55344145064147243
S123	CUBIC($C$84:$W$84,$C$92:$W$92,S115)	0.72086428964892568
S124	CUBIC($C$84:$W$84,$C$93:$W$93,S115)	0.82586875965369322
S125	CUBIC($C$84:$W$84,$C$94:$W$94,S115)	0.89835245870470404
S126	CUBIC($C$84:$W$84,$C$95:$W$95,S115)	0.96846682196308465
S127	CUBIC($C$84:$W$84,$C$96:$W$96,S115)	1.0357097503674466
S128	CUBIC($C$84:$W$84,$C$97:$W$97,S115)	1.0947016104747096
S129	CUBIC($C$84:$W$84,$C$98:$W$98,S115)	1.1450473218091088
S13	'Basis Hull'!S14	0.09
S130	CUBIC($C$84:$W$84,$C$99:$W$99,S115)	1.1868727375278496
S131	CUBIC($C$84:$W$84,$C$100:$W$100,S115)	1.2186210702116074
S132	CUBIC($C$84:$W$84,$C$101:$W$101,S115)	1.2411203188281075
S133	CUBIC($C$84:$W$84,$C$102:$W$102,S115)	1.2598449650667485
S134	CUBIC($C$84:$W$84,$C$103:$W$103,S115)	1.278143519731946
S135	CUBIC($C$84:$W$84,$C$104:$W$104,S115)	1.2934632234046057
S136	CUBIC($C$84:$W$84,$C$105:$W$105,S115)	1.3031809461506123
S137	CUBIC($C$84:$W$84,$C$106:$W$106,S115)	1.3080873666271446
S138	CUBIC($C$84:$W$84,$C$107:$W$107,S115)	1.3099302617422013
S139	CUBIC($C$84:$W$84,$C$108:$W$108,S115)	1.3099997814342215
S14	'Basis Hull'!S15	0.22
S140	CUBIC($C$84:$W$84,$C$109:$W$109,S115)	1.3091891891891889
S141		
S142		
S143		5
S144		13.759999999999998
S145		0
S146		-4.1881178261732809E-4
S147		-1.5153604714527856E-4
S148		3.4209664768425608E-3
S149		1.3875011730627653E-2
S15	'Basis Hull'!S16	0.98
S150		3.4043070862583694E-2
S151		6.7374624370480321E-2
S152		0.11415301773381188
S153		0.1709835534754667
S154		0.23380177644484942
S155		0.30193569901383188
S156		0.37496672949509741
S157		0.45277615747686339
S158		0.53440056490665211
S159		0.61955513472225565
S16	'Basis Hull'!S17	1.44
S160		0.70724124336125216
S161		0.79704590333481362
S162		0.88814621271588934
S163		0.9807629376813044
S164		1.0744697400485073
S165		1.1692568318358421
S166		1.2644000199875329
S167		1.3599451121164314
S168		1.4553884136167385
S169		1.550965355299341
S17	'Basis Hull'!S18	1.71
S170		
S171		5
S172		13.759999999999998
S173		0
S174		-1.8044240825306703E-5
S175		2.2301973136112635E-5
S176		7.1070183714212016E-4
S177		3.4159627746656669E-3
S178		1.0124834580661532E-2
S179		2.354317819661722E-2
S18	'Basis Hull'!S19	1.89
S180		4.5810145965691315E-2
S181		7.6909719923728276E-2
S182		0.11591981396248484
S183	S181+h/3*($B124*S124+4*$B125*S125+$B126*S126)	0.16309978914035361
S184		0.21909602782187698
S185		0.28431013026858193
S186		0.35879441060822581
S187		0.44256605550269812
S188		0.53536632982026111
S189		0.63679272558109323
S19	'Basis Hull'!S20	2.02
S190		0.74649518768886203
S191		0.8645909148883566
S192		0.99110439828292285
S193		1.1257778707473673
S194		1.2681119746052398
S195		1.4177812616046814
S196		1.5744925787201152
S197		1.7381368143878864
S198		
S199		
S20	'Basis Hull'!S21	2.13
S200		5
S201		13.759999999999998
S202		0
S203		4.7673382543080902E-7
S204		6.2106251986653364E-6
S205		1.1436355542820884E-4
S206		8.9313080641487759E-4
S207		3.7884884040845653E-3
S208		1.1459685923438781E-2
S209		2.6579670211531823E-2
S21	'Basis Hull'!S22	2.1949999999999998
S210		4.8731501212969812E-2
S211		7.5858203332845861E-2
S212	S210+h/6*(S124^2+4*S125^2+S126^2)	0.10764981766367898
S213		0.14429588801388868
S214		0.18575667260240808
S215		0.23152019641778576
S216		0.28117508217626463
S217		0.33397830029982245
S218		0.38920350325898506
S219		0.4461941972164849
S22	'Basis Hull'!S23	2.2400000000000002
S220		0.50493280000898211
S221		0.56522895263496997
S222		0.62675370128763819
S223		0.68891095589658202
S224		0.75142379977321638
S225		0.81397350457747519
S226		0.87652803472467589
S227		
S228		
S229		5
S23	'Basis Hull'!S24	2.25
S230		13.759999999999998
S231		0
S232	S231+IF(AND(S116=0,S117=0),0,SQRT((S117-S116)^2+($B117-$B116)^2))	7.3185166947459468E-2
S233		0.15029502235464526
S234		0.25147783384678762
S235		0.38632154951350051
S236		0.56117537083500335
S237		0.76666678345561778
S238		0.94927907027962477
S239		1.0771179493374448
S24	'Basis Hull'!S25	2.25
S240		1.1799319897497118
S241		1.2810896103865472
S242		1.3802785800261796
S243		1.4740702632219336
S244		1.5626791280580459
S245		1.6467398541899516
S246		1.726268445941449
S247		1.8025773999775572
S248		1.8778598856866515
S249		1.9530375245203699
S25	'Basis Hull'!S26	0
S250		2.0275461387766818
S251		2.1011075037255869
S252		2.1741890557046624
S253		2.2471290073099581
S254		2.3200457071171035
S255		2.3929668791974086
S256		
S257		
S258		
S259		2
S26	'Basis Hull'!S27	0
S260		5
S261		13.759999999999998
S262		1.1630436555795045
S263		0.5685234112880545
S264		0.3916621244980999
S265		0.25119676938938318
S266		1.5973320668428577
S267		5.7387562682355142
S268		
S269		
S27	'Basis Hull'!S28	0
S270		
S271		
S272		
S273		
S274		
S275		
S276		
S277		
S278		
S279		
S28	'Basis Hull'!S29	0
S280		
S281		
S282		
S284		
S285		
S286		2
S287		5
S288		13.759999999999998
S289		0.99697611298164435
S29	'Basis Hull'!S30	0
S290		0.33123824668190383
S291		0.18489606407986839
S292		0.12206132909218156
S293		1.3223244522725757
S294		5.4585255725281332
S295		
S296		
S297		
S298		
S299		
S3	Input!B11	0
S30	'Basis Hull'!S31	0
S300		
S301		
S302		
S303		
S304		
S305		
S306		
S307		
S308		
S309		
S31	'Basis Hull'!S32	0
S315		2
S316		2
S317		5
S318		13.759999999999998
S319		2.3929668791974086
S32	'Basis Hull'!S33	0
S33	'Basis Hull'!S34	0
S34	'Basis Hull'!S35	0
S35	'Basis Hull'!S36	0
S36	'Basis Hull'!S37	0
S37	'Basis Hull'!S38	0
S38	'Basis Hull'!S39	0
S39		27
S4	Input!B12	0
S44		CP change
S45		Aft
S46		Forward
S48		
S49	S9	13
S50	($E$44/2)*(1-(($E$4/2-S10)/($E$4/2)+($T$45*($E$4/2-S10)/($E$4/2)*(1-($E$4/2-S10)/($E$4/2)))/($O$2*(1-2*$O$3))))+Input!$B$13*'Basis Hull'!S41	6.879999999999999
S51		Y
S52	S12*$E$45/$E$5	6.0540540540540533E-2
S53		6.8108108108108106E-2
S54		0.16648648648648648
S55		0.74162162162162149
S56		1.0897297297297297
S57		1.2940540540540537
S58		1.4302702702702701
S59		1.5286486486486486
S60		1.6118918918918916
S61		1.6610810810810808
S62		1.6951351351351351
S63		1.7027027027027026
S64		1.7027027027027026
S65		0
S66		0
S67		0
S68		0
S69		0
S70		0
S71		0
S72		0
S73		0
S74		0
S75		0
S76		0
S77		0
S78		0
S79		27
S8		
S83		5
S84	AI50	13.759999999999998
S85	IF(Transform!AI$50="",0,CUBIC(Transform!$AH$52:$AH$78,Transform!$AI$52:$AI$78,$B85))	0
S86	IF(Transform!AI$50="",0,CUBIC(Transform!$AH$52:$AH$78,Transform!$AI$52:$AI$78,$B86))	-6.2632566089643122E-3
S87	IF(Transform!AI$50="",0,CUBIC(Transform!$AH$52:$AH$78,Transform!$AI$52:$AI$78,$B87))	1.8818400496165788E-2
S88	IF(Transform!AI$50="",0,CUBIC(Transform!$AH$52:$AH$78,Transform!$AI$52:$AI$78,$B88))	8.8969103013508008E-2
S89	IF(Transform!AI$50="",0,CUBIC(Transform!$AH$52:$AH$78,Transform!$AI$52:$AI$78,$B89))	0.20239743887817427
S9		13
S90	IF(Transform!AI$50="",0,CUBIC(Transform!$AH$52:$AH$78,Transform!$AI$52:$AI$78,$B90))	0.3613220076300015
S91	IF(Transform!AI$50="",0,CUBIC(Transform!$AH$52:$AH$78,Transform!$AI$52:$AI$78,$B91))	0.55344145064147243
S92	IF(Transform!AI$50="",0,CUBIC(Transform!$AH$52:$AH$78,Transform!$AI$52:$AI$78,$B92))	0.72086428964892568
S93	IF(Transform!AI$50="",0,CUBIC(Transform!$AH$52:$AH$78,Transform!$AI$52:$AI$78,$B93))	0.82586875965369322
S94	IF(Transform!AI$50="",0,CUBIC(Transform!$AH$52:$AH$78,Transform!$AI$52:$AI$78,$B94))	0.89835245870470404
S95	IF(Transform!AI$50="",0,CUBIC(Transform!$AH$52:$AH$78,Transform!$AI$52:$AI$78,$B95))	0.96846682196308465
S96	IF(Transform!AI$50="",0,CUBIC(Transform!$AH$52:$AH$78,Transform!$AI$52:$AI$78,$B96))	1.0357097503674466
S97	IF(Transform!AI$50="",0,CUBIC(Transform!$AH$52:$AH$78,Transform!$AI$52:$AI$78,$B97))	1.0947016104747096
S98	IF(Transform!AI$50="",0,CUBIC(Transform!$AH$52:$AH$78,Transform!$AI$52:$AI$78,$B98))	1.1450473218091088
S99	IF(Transform!AI$50="",0,CUBIC(Transform!$AH$52:$AH$78,Transform!$AI$52:$AI$78,$B99))	1.1868727375278496
T10		X  =
T100	IF(Transform!AK$50="",0,CUBIC(Transform!$AJ$52:$AJ$78,Transform!$AK$52:$AK$78,$B100))	0.87254196991991706
T101	IF(Transform!AK$50="",0,CUBIC(Transform!$AJ$52:$AJ$78,Transform!$AK$52:$AK$78,$B101))	0.893923668559513
T102	IF(Transform!AK$50="",0,CUBIC(Transform!$AJ$52:$AJ$78,Transform!$AK$52:$AK$78,$B102))	0.91176508394080613
T103	IF(Transform!AK$50="",0,CUBIC(Transform!$AJ$52:$AJ$78,Transform!$AK$52:$AK$78,$B103))	0.9280780199530384
T104	IF(Transform!AK$50="",0,CUBIC(Transform!$AJ$52:$AJ$78,Transform!$AK$52:$AK$78,$B104))	0.94195321028032897
T105	IF(Transform!AK$50="",0,CUBIC(Transform!$AJ$52:$AJ$78,Transform!$AK$52:$AK$78,$B105))	0.95122084673197027
T106	IF(Transform!AK$50="",0,CUBIC(Transform!$AJ$52:$AJ$78,Transform!$AK$52:$AK$78,$B106))	0.95594125938347996
T107	IF(Transform!AK$50="",0,CUBIC(Transform!$AJ$52:$AJ$78,Transform!$AK$52:$AK$78,$B107))	0.95773693268641735
T108	IF(Transform!AK$50="",0,CUBIC(Transform!$AJ$52:$AJ$78,Transform!$AK$52:$AK$78,$B108))	0.95791329868891972
T109	IF(Transform!AK$50="",0,CUBIC(Transform!$AJ$52:$AJ$78,Transform!$AK$52:$AK$78,$B109))	0.95729729729729707
T11		Z
T110		
T114		4
T115		14.619999999999997
T116		0
T117	CUBIC($C$84:$W$84,$C$86:$W$86,T115)	1.5743618238699288E-4
T118	CUBIC($C$84:$W$84,$C$87:$W$87,T115)	-3.4250651196698553E-5
T119	CUBIC($C$84:$W$84,$C$88:$W$88,T115)	9.6569974918407769E-3
T12	'Basis Hull'!T13	0
T120	CUBIC($C$84:$W$84,$C$89:$W$89,T115)	5.3846454700269955E-2
T121	CUBIC($C$84:$W$84,$C$90:$W$90,T115)	0.13977957330905683
T122	CUBIC($C$84:$W$84,$C$91:$W$91,T115)	0.25834313569862294
T123	CUBIC($C$84:$W$84,$C$92:$W$92,T115)	0.38532891132255276
T124	CUBIC($C$84:$W$84,$C$93:$W$93,T115)	0.4898251558308529
T125	CUBIC($C$84:$W$84,$C$94:$W$94,T115)	0.56704665416599842
T126	CUBIC($C$84:$W$84,$C$95:$W$95,T115)	0.62901401899140408
T127	CUBIC($C$84:$W$84,$C$96:$W$96,T115)	0.68542640711077496
T128	CUBIC($C$84:$W$84,$C$97:$W$97,T115)	0.74327317612250976
T129	CUBIC($C$84:$W$84,$C$98:$W$98,T115)	0.80028091007645796
T13	'Basis Hull'!T14	0.19999999999999998
T130	CUBIC($C$84:$W$84,$C$99:$W$99,T115)	0.84367827445672849
T131	CUBIC($C$84:$W$84,$C$100:$W$100,T115)	0.87254196991991706
T132	CUBIC($C$84:$W$84,$C$101:$W$101,T115)	0.893923668559513
T133	CUBIC($C$84:$W$84,$C$102:$W$102,T115)	0.91176508394080613
T134	CUBIC($C$84:$W$84,$C$103:$W$103,T115)	0.9280780199530384
T135	CUBIC($C$84:$W$84,$C$104:$W$104,T115)	0.94195321028032897
T136	CUBIC($C$84:$W$84,$C$105:$W$105,T115)	0.95122084673197027
T137	CUBIC($C$84:$W$84,$C$106:$W$106,T115)	0.95594125938347996
T138	CUBIC($C$84:$W$84,$C$107:$W$107,T115)	0.95773693268641735
T139	CUBIC($C$84:$W$84,$C$108:$W$108,T115)	0.95791329868891972
T14	'Basis Hull'!T15	0.39999999999999997
T140	CUBIC($C$84:$W$84,$C$109:$W$109,T115)	0.95729729729729707
T141		
T142		
T143		4
T144		14.619999999999997
T145		0
T146		7.8612680312920936E-6
T147		1.4473814404371219E-5
T148		2.4307660652464916E-4
T149		2.2612840856371993E-3
T15	'Basis Hull'!T16	0.6
T150		9.1102874649060459E-3
T151		2.3438906257324151E-2
T152		4.6990034659290456E-2
T153		7.9086085277247087E-2
T154		0.11775994202624787
T155		0.16140962882031568
T156		0.20935613633422262
T157		0.26140250994843756
T158		0.31772974797221187
T159		0.37777933507411632
T16	'Basis Hull'!T17	0.79999999999999993
T160		0.44041291409986127
T161		0.50484318493130853
T162		0.57069073388003988
T163		0.63777177579912259
T164		0.70597619436001557
T165		0.77502796314163747
T166		0.84458537837439696
T167		0.91436497605367273
T168		0.98421598956094725
T169		1.0540414065160886
T17	'Basis Hull'!T18	0.99999999999999989
T170		
T171		4
T172		14.619999999999997
T173		0
T174		3.5636398328208526E-7
T175		9.9468055304449322E-7
T176		5.1494484244004418E-5
T177		5.8797612885447726E-4
T178		2.8683779686563002E-3
T179		8.6714096090166511E-3
T18	'Basis Hull'!T19	1.2
T180		1.9875949569710085E-2
T181		3.7484908209842453E-2
T182		6.1480450271880885E-2
T183	T181+h/3*($B124*T124+4*$B125*T125+$B126*T126)	9.1756415311271253E-2
T184		0.1284791440342892
T185		0.17216153794569888
T186		0.22350960856668051
T187		0.28265501605305443
T188		0.34887674082648612
T189		0.42172015074607128
T19	'Basis Hull'!T20	1.4
T190		0.50093704491417657
T191		0.58655674758634913
T192		0.67855271360948899
T193		0.77675477270497817
T194		0.88071589770475489
T195		0.99012612205595085
T196		1.1047101648225155
T197		1.2243743564869125
T198		
T199		
T20	'Basis Hull'!T21	1.5999999999999999
T200		4
T201		14.619999999999997
T202		0
T203		3.0122059144467612E-10
T204		1.2191388757644427E-9
T205		1.1339983628859112E-6
T206		3.9770847287964406E-5
T207		3.806573423753966E-4
T208		1.8358776707769109E-3
T209		5.666889659148174E-3
T21	'Basis Hull'!T22	1.7999999999999998
T210		1.27804668557767E-2
T211		2.3042141529435123E-2
T212	T210+h/6*(T124^2+4*T125^2+T126^2)	3.6135127723191565E-2
T213		5.1892663549253856E-2
T214		7.0495297203800489E-2
T215		9.2240845257229448E-2
T216		0.11699238626083727
T217		0.14387740434101357
T218		0.17236300013517181
T219		0.20207758161334402
T22	'Basis Hull'!T23	1.9999999999999998
T220		0.23295299018124183
T221		0.26483339175555876
T222		0.29754808251223097
T223		0.33070611323377619
T224		0.36411341459450597
T225		0.3975520020477723
T226		0.43100315051820826
T227		
T228		
T229		4
T23	'Basis Hull'!T24	2.1999999999999997
T230		14.619999999999997
T231		0
T232	T231+IF(AND(T116=0,T117=0),0,SQRT((T117-T116)^2+($B117-$B116)^2))	7.2916836628650478E-2
T233		0.14583375525265674
T234		0.21939162749178354
T235		0.30465327423962307
T236		0.4173535011764381
T237		0.55654458783173477
T238		0.70297623566986034
T239		0.8303979975244048
T24	'Basis Hull'!T25	2.4
T240		0.93660534229350567
T241		1.032296483895969
T242		1.1244875778861605
T243		1.2175632941760435
T244		1.3101198823172553
T245		1.3949737067032648
T246		1.4733953439825864
T247		1.5493822988794126
T248		1.6244499775473027
T249		1.6991691327828711
T25	'Basis Hull'!T26	0
T250		1.7733942039138328
T251		1.8468974648154932
T252		1.9199667646162872
T253		1.9929055383953183
T254		2.0658224183528739
T255		2.1387416869688733
T256		
T257		
T258		
T259		4
T26	'Basis Hull'!T27	0
T260		4
T261		14.619999999999997
T262		0.81952864026064998
T263		0.34164397513775335
T264		0.24656573657684117
T265		0.10192051124899329
T266		1.3454748985386553
T267		6.5987562682355136
T268		
T269		
T27	'Basis Hull'!T28	0
T270		
T271		
T272		
T273		
T274		
T275		
T276		
T277		
T278		
T279		
T28	'Basis Hull'!T29	0
T280		
T281		
T282		
T284		
T285		
T286		4
T287		4
T288		14.619999999999997
T289		0.65192136745503948
T29	'Basis Hull'!T30	0
T290		0.18053103887120292
T291		0.10594002540362202
T292		4.2238316894355754E-2
T293		1.0699088849943488
T294		6.3185255725281326
T295		
T296		
T297		
T298		
T299		
T30	'Basis Hull'!T31	0
T300		
T301		
T302		
T303		
T304		
T305		
T306		
T307		
T308		
T309		
T31	'Basis Hull'!T32	0
T315		4
T316		4
T317		4
T318		14.619999999999997
T319		2.1387416869688733
T32	'Basis Hull'!T33	0
T33	'Basis Hull'!T34	0
T34	'Basis Hull'!T35	0
T35	'Basis Hull'!T36	0
T36	'Basis Hull'!T37	0
T37	'Basis Hull'!T38	0
T38	'Basis Hull'!T39	0
T39		27
T45	Input!B11	0
T46	Input!B12	0
T48		
T49		Number:
T50		X  =
T51		Z
T52	T12	0
T53	IF(T13<$I$4,T13*$I$43/$I$4,$I$43+(T13-$I$4)*($E$46-$I$43)/($E$6-$I$4))-Input!$B$14*T13/$E$6*(1-T13/$E$6)*U$10/$E$4*(1-U$10/$E$4)	7.3051038871139853E-2
T54	IF(T14<$I$4,T14*$I$43/$I$4,$I$43+(T14-$I$4)*($E$46-$I$43)/($E$6-$I$4))-Input!$B$14*T14/$E$6*(1-T14/$E$6)*U$10/$E$4*(1-U$10/$E$4)	0.16372916158389061
T55	IF(T15<$I$4,T15*$I$43/$I$4,$I$43+(T15-$I$4)*($E$46-$I$43)/($E$6-$I$4))-Input!$B$14*T15/$E$6*(1-T15/$E$6)*U$10/$E$4*(1-U$10/$E$4)	0.27203436813825244
T56	IF(T16<$I$4,T16*$I$43/$I$4,$I$43+(T16-$I$4)*($E$46-$I$43)/($E$6-$I$4))-Input!$B$14*T16/$E$6*(1-T16/$E$6)*U$10/$E$4*(1-U$10/$E$4)	0.39796665853422492
T57	IF(T17<$I$4,T17*$I$43/$I$4,$I$43+(T17-$I$4)*($E$46-$I$43)/($E$6-$I$4))-Input!$B$14*T17/$E$6*(1-T17/$E$6)*U$10/$E$4*(1-U$10/$E$4)	0.54152603277180866
T58	IF(T18<$I$4,T18*$I$43/$I$4,$I$43+(T18-$I$4)*($E$46-$I$43)/($E$6-$I$4))-Input!$B$14*T18/$E$6*(1-T18/$E$6)*U$10/$E$4*(1-U$10/$E$4)	0.69111249085100313
T59	IF(T19<$I$4,T19*$I$43/$I$4,$I$43+(T19-$I$4)*($E$46-$I$43)/($E$6-$I$4))-Input!$B$14*T19/$E$6*(1-T19/$E$6)*U$10/$E$4*(1-U$10/$E$4)	0.8235260327718088
T60	IF(T20<$I$4,T20*$I$43/$I$4,$I$43+(T20-$I$4)*($E$46-$I$43)/($E$6-$I$4))-Input!$B$14*T20/$E$6*(1-T20/$E$6)*U$10/$E$4*(1-U$10/$E$4)	0.97356665853422508
T61	IF(T21<$I$4,T21*$I$43/$I$4,$I$43+(T21-$I$4)*($E$46-$I$43)/($E$6-$I$4))-Input!$B$14*T21/$E$6*(1-T21/$E$6)*U$10/$E$4*(1-U$10/$E$4)	1.1412343681382524
T62	IF(T22<$I$4,T22*$I$43/$I$4,$I$43+(T22-$I$4)*($E$46-$I$43)/($E$6-$I$4))-Input!$B$14*T22/$E$6*(1-T22/$E$6)*U$10/$E$4*(1-U$10/$E$4)	1.3265291615838906
T63	IF(T23<$I$4,T23*$I$43/$I$4,$I$43+(T23-$I$4)*($E$46-$I$43)/($E$6-$I$4))-Input!$B$14*T23/$E$6*(1-T23/$E$6)*U$10/$E$4*(1-U$10/$E$4)	1.5294510388711398
T64	IF(T24<$I$4,T24*$I$43/$I$4,$I$43+(T24-$I$4)*($E$46-$I$43)/($E$6-$I$4))-Input!$B$14*T24/$E$6*(1-T24/$E$6)*U$10/$E$4*(1-U$10/$E$4)	1.75
T65	IF(T25<$I$4,T25*$I$43/$I$4,$I$43+(T25-$I$4)*($E$46-$I$43)/($E$6-$I$4))-Input!$B$14*T25/$E$6*(1-T25/$E$6)*U$10/$E$4*(1-U$10/$E$4)	0
T66	IF(T26<$I$4,T26*$I$43/$I$4,$I$43+(T26-$I$4)*($E$46-$I$43)/($E$6-$I$4))-Input!$B$14*T26/$E$6*(1-T26/$E$6)*U$10/$E$4*(1-U$10/$E$4)	0
T67	IF(T27<$I$4,T27*$I$43/$I$4,$I$43+(T27-$I$4)*($E$46-$I$43)/($E$6-$I$4))-Input!$B$14*T27/$E$6*(1-T27/$E$6)*U$10/$E$4*(1-U$10/$E$4)	0
T68	IF(T28<$I$4,T28*$I$43/$I$4,$I$43+(T28-$I$4)*($E$46-$I$43)/($E$6-$I$4))-Input!$B$14*T28/$E$6*(1-T28/$E$6)*U$10/$E$4*(1-U$10/$E$4)	0
T69	IF(T29<$I$4,T29*$I$43/$I$4,$I$43+(T29-$I$4)*($E$46-$I$43)/($E$6-$I$4))-Input!$B$14*T29/$E$6*(1-T29/$E$6)*U$10/$E$4*(1-U$10/$E$4)	0
T70	IF(T30<$I$4,T30*$I$43/$I$4,$I$43+(T30-$I$4)*($E$46-$I$43)/($E$6-$I$4))-Input!$B$14*T30/$E$6*(1-T30/$E$6)*U$10/$E$4*(1-U$10/$E$4)	0
T71	IF(T31<$I$4,T31*$I$43/$I$4,$I$43+(T31-$I$4)*($E$46-$I$43)/($E$6-$I$4))-Input!$B$14*T31/$E$6*(1-T31/$E$6)*U$10/$E$4*(1-U$10/$E$4)	0
T72	IF(T32<$I$4,T32*$I$43/$I$4,$I$43+(T32-$I$4)*($E$46-$I$43)/($E$6-$I$4))-Input!$B$14*T32/$E$6*(1-T32/$E$6)*U$10/$E$4*(1-U$10/$E$4)	0
T73	IF(T33<$I$4,T33*$I$43/$I$4,$I$43+(T33-$I$4)*($E$46-$I$43)/($E$6-$I$4))-Input!$B$14*T33/$E$6*(1-T33/$E$6)*U$10/$E$4*(1-U$10/$E$4)	0
T74	IF(T34<$I$4,T34*$I$43/$I$4,$I$43+(T34-$I$4)*($E$46-$I$43)/($E$6-$I$4))-Input!$B$14*T34/$E$6*(1-T34/$E$6)*U$10/$E$4*(1-U$10/$E$4)	0
T75	IF(T35<$I$4,T35*$I$43/$I$4,$I$43+(T35-$I$4)*($E$46-$I$43)/($E$6-$I$4))-Input!$B$14*T35/$E$6*(1-T35/$E$6)*U$10/$E$4*(1-U$10/$E$4)	0
T76	IF(T36<$I$4,T36*$I$43/$I$4,$I$43+(T36-$I$4)*($E$46-$I$43)/($E$6-$I$4))-Input!$B$14*T36/$E$6*(1-T36/$E$6)*U$10/$E$4*(1-U$10/$E$4)	0
T77	IF(T37<$I$4,T37*$I$43/$I$4,$I$43+(T37-$I$4)*($E$46-$I$43)/($E$6-$I$4))-Input!$B$14*T37/$E$6*(1-T37/$E$6)*U$10/$E$4*(1-U$10/$E$4)	0
T78	IF(T38<$I$4,T38*$I$43/$I$4,$I$43+(T38-$I$4)*($E$46-$I$43)/($E$6-$I$4))-Input!$B$14*T38/$E$6*(1-T38/$E$6)*U$10/$E$4*(1-U$10/$E$4)	0
T79		27
T8		
T83		4
T84	AK50	14.619999999999997
T85	IF(Transform!AK$50="",0,CUBIC(Transform!$AJ$52:$AJ$78,Transform!$AK$52:$AK$78,$B85))	0
T86	IF(Transform!AK$50="",0,CUBIC(Transform!$AJ$52:$AJ$78,Transform!$AK$52:$AK$78,$B86))	1.5743618238699288E-4
T87	IF(Transform!AK$50="",0,CUBIC(Transform!$AJ$52:$AJ$78,Transform!$AK$52:$AK$78,$B87))	-3.4250651196698553E-5
T88	IF(Transform!AK$50="",0,CUBIC(Transform!$AJ$52:$AJ$78,Transform!$AK$52:$AK$78,$B88))	9.6569974918407769E-3
T89	IF(Transform!AK$50="",0,CUBIC(Transform!$AJ$52:$AJ$78,Transform!$AK$52:$AK$78,$B89))	5.3846454700269955E-2
T9		Number:
T90	IF(Transform!AK$50="",0,CUBIC(Transform!$AJ$52:$AJ$78,Transform!$AK$52:$AK$78,$B90))	0.13977957330905683
T91	IF(Transform!AK$50="",0,CUBIC(Transform!$AJ$52:$AJ$78,Transform!$AK$52:$AK$78,$B91))	0.25834313569862294
T92	IF(Transform!AK$50="",0,CUBIC(Transform!$AJ$52:$AJ$78,Transform!$AK$52:$AK$78,$B92))	0.38532891132255276
T93	IF(Transform!AK$50="",0,CUBIC(Transform!$AJ$52:$AJ$78,Transform!$AK$52:$AK$78,$B93))	0.4898251558308529
T94	IF(Transform!AK$50="",0,CUBIC(Transform!$AJ$52:$AJ$78,Transform!$AK$52:$AK$78,$B94))	0.56704665416599842
T95	IF(Transform!AK$50="",0,CUBIC(Transform!$AJ$52:$AJ$78,Transform!$AK$52:$AK$78,$B95))	0.62901401899140408
T96	IF(Transform!AK$50="",0,CUBIC(Transform!$AJ$52:$AJ$78,Transform!$AK$52:$AK$78,$B96))	0.68542640711077496
T97	IF(Transform!AK$50="",0,CUBIC(Transform!$AJ$52:$AJ$78,Transform!$AK$52:$AK$78,$B97))	0.74327317612250976
T98	IF(Transform!AK$50="",0,CUBIC(Transform!$AJ$52:$AJ$78,Transform!$AK$52:$AK$78,$B98))	0.80028091007645796
T99	IF(Transform!AK$50="",0,CUBIC(Transform!$AJ$52:$AJ$78,Transform!$AK$52:$AK$78,$B99))	0.84367827445672849
U10	'Basis Hull'!U11	14.557499999999999
U100	IF(Transform!AM$50="",0,CUBIC(Transform!$AL$52:$AL$78,Transform!$AM$52:$AM$78,$B100))	0.4760331651973273
U101	IF(Transform!AM$50="",0,CUBIC(Transform!$AL$52:$AL$78,Transform!$AM$52:$AM$78,$B101))	0.47770040522834878
U102	IF(Transform!AM$50="",0,CUBIC(Transform!$AL$52:$AL$78,Transform!$AM$52:$AM$78,$B102))	0.48565286924828849
U103	IF(Transform!AM$50="",0,CUBIC(Transform!$AL$52:$AL$78,Transform!$AM$52:$AM$78,$B103))	0.49375376719522068
U104	IF(Transform!AM$50="",0,CUBIC(Transform!$AL$52:$AL$78,Transform!$AM$52:$AM$78,$B104))	0.49812104363372967
U105	IF(Transform!AM$50="",0,CUBIC(Transform!$AL$52:$AL$78,Transform!$AM$52:$AM$78,$B105))	0.49968664764200554
U106	IF(Transform!AM$50="",0,CUBIC(Transform!$AL$52:$AL$78,Transform!$AM$52:$AM$78,$B106))	0.49976213432055117
U107	IF(Transform!AM$50="",0,CUBIC(Transform!$AL$52:$AL$78,Transform!$AM$52:$AM$78,$B107))	0.49941073732810032
U108	IF(Transform!AM$50="",0,CUBIC(Transform!$AL$52:$AL$78,Transform!$AM$52:$AM$78,$B108))	0.49933715442486742
U109	IF(Transform!AM$50="",0,CUBIC(Transform!$AL$52:$AL$78,Transform!$AM$52:$AM$78,$B109))	0.49945945945945941
U11		Y
U110		
U114		3
U115		15.479999999999997
U116		-1.4957604455816942E-18
U117	CUBIC($C$84:$W$84,$C$86:$W$86,U115)	8.4468162950232701E-4
U118	CUBIC($C$84:$W$84,$C$87:$W$87,U115)	-4.0232518494579542E-4
U119	CUBIC($C$84:$W$84,$C$88:$W$88,U115)	-2.8194887749709648E-3
U12	'Basis Hull'!U13	0.08
U120	CUBIC($C$84:$W$84,$C$89:$W$89,U115)	2.2138808852601019E-3
U121	CUBIC($C$84:$W$84,$C$90:$W$90,U115)	2.4243016775146575E-2
U122	CUBIC($C$84:$W$84,$C$91:$W$91,U115)	7.2166917456874591E-2
U123	CUBIC($C$84:$W$84,$C$92:$W$92,U115)	0.14732858808380428
U124	CUBIC($C$84:$W$84,$C$93:$W$93,U115)	0.23403261041327852
U125	CUBIC($C$84:$W$84,$C$94:$W$94,U115)	0.31743494660748744
U126	CUBIC($C$84:$W$84,$C$95:$W$95,U115)	0.39279400321419516
U127	CUBIC($C$84:$W$84,$C$96:$W$96,U115)	0.45599489747118199
U128	CUBIC($C$84:$W$84,$C$97:$W$97,U115)	0.49516865912715263
U129	CUBIC($C$84:$W$84,$C$98:$W$98,U115)	0.49895429376194966
U13	'Basis Hull'!U14	0.09
U130	CUBIC($C$84:$W$84,$C$99:$W$99,U115)	0.48413339964266766
U131	CUBIC($C$84:$W$84,$C$100:$W$100,U115)	0.47603316519732797
U132	CUBIC($C$84:$W$84,$C$101:$W$101,U115)	0.47770040522834956
U133	CUBIC($C$84:$W$84,$C$102:$W$102,U115)	0.48565286924828932
U134	CUBIC($C$84:$W$84,$C$103:$W$103,U115)	0.49375376719522152
U135	CUBIC($C$84:$W$84,$C$104:$W$104,U115)	0.4981210436337305
U136	CUBIC($C$84:$W$84,$C$105:$W$105,U115)	0.49968664764200643
U137	CUBIC($C$84:$W$84,$C$106:$W$106,U115)	0.49976213432055211
U138	CUBIC($C$84:$W$84,$C$107:$W$107,U115)	0.49941073732810126
U139	CUBIC($C$84:$W$84,$C$108:$W$108,U115)	0.49933715442486837
U14	'Basis Hull'!U15	0.22
U140	CUBIC($C$84:$W$84,$C$109:$W$109,U115)	0.49945945945946041
U141		
U142		
U143		3
U144		15.479999999999997
U145		0
U146		4.3505596828776759E-5
U147		7.2343087956404796E-5
U148		-4.3608136493316073E-5
U149		-1.577430085609107E-4
U15	'Basis Hull'!U16	0.98
U150		6.9234103291123989E-4
U151		4.0070835820607805E-3
U152		1.1878712292651326E-2
U153		2.5773045948163528E-2
U154		4.5928218662133417E-2
U155		7.1870145949559233E-2
U156		0.10291516657375895
U157		0.13778540902449857
U158		0.1742671346091485
U159		0.2100973348464546
U16	'Basis Hull'!U17	1.44
U160		0.24503327142411252
U161		0.27975624199792093
U162		0.31485067971408859
U163		0.35058422653235533
U164		0.38676568968506198
U165		0.42315878252403955
U166		0.45960044100331254
U167		0.49603038480100559
U168		0.53243792595610695
U169		0.56885514765312106
U17	'Basis Hull'!U18	1.71
U170		
U171		3
U172		15.479999999999997
U173		0
U174		1.960394660185565E-6
U175		4.5619839141264523E-6
U176		-1.7237627713001269E-5
U177		-4.1132699762690513E-5
U178		2.4537655320547736E-4
U179		1.6012700355337412E-3
U18	'Basis Hull'!U19	1.89
U180		5.3575560870574839E-3
U181		1.299785133853236E-2
U182		2.5521244248756979E-2
U183	U181+h/3*($B124*U124+4*$B125*U125+$B126*U126)	4.353044287038163E-2
U184		6.7319794143530259E-2
U185		9.6581413359733109E-2
U186		0.12982890225733207
U187		0.16510753547442797
U188		0.20202871092941965
U189		0.24128556410340801
U19	'Basis Hull'!U20	2.02
U190		0.2834994027443779
U191		0.32911120431971702
U192		0.37790995042853481
U193		0.42966771849243707
U194		0.48413020457333794
U195		0.54125187048868462
U196		0.60097291683503673
U197		0.66338515287118338
U198		
U199		
U20	'Basis Hull'!U21	2.13
U200		3
U201		15.479999999999997
U202		0
U203		8.6708496293939875E-9
U204		3.6650514630582398E-8
U205		1.2181887667142276E-7
U206		4.8461651039651227E-7
U207		7.599161194832777E-6
U208		9.2406534657430141E-5
U209		5.31696120240418E-4
U21	'Basis Hull'!U22	2.1949999999999998
U210		1.8764607833623764E-3
U211		4.6825467521729794E-3
U212	U210+h/6*(U124^2+4*U125^2+U126^2)	9.315396913676199E-3
U213		1.5934132956758211E-2
U214		2.4277951795885946E-2
U215		3.340563150532172E-2
U216		4.2208144314630824E-2
U217		5.0578765001166828E-2
U218		5.8845456576666066E-2
U219		6.7291957617117176E-2
U22	'Basis Hull'!U23	2.2400000000000002
U220		7.6046805677149235E-2
U221		8.5024736953895327E-2
U222		9.4105563965794115E-2
U223		0.10321299431217228
U224		0.11231220660112376
U225		0.12140259302826437
U226		0.13049545048916272
U227		
U228		
U229		3
U23	'Basis Hull'!U24	2.25
U230		15.479999999999997
U231		-1.4957604455816942E-18
U232	U231+IF(AND(U116=0,U117=0),0,SQRT((U117-U116)^2+($B117-$B116)^2))	7.2921558985206816E-2
U233		0.14584888790772432
U234		0.21880560766402038
U235		0.29189579228490031
U236		0.36806746094085702
U237		0.45532306554210833
U238		0.56004229495680957
U239		0.67333142844227567
U24	'Basis Hull'!U25	2.25
U240		0.78411405325514794
U241		0.88897504548023965
U242		0.98546957026097848
U243		1.0682428985742496
U244		1.1412577690279178
U245		1.2156654244154701
U246		1.2890306346710623
U247		1.3619663595738754
U248		1.4353154015701155
U249		1.5086806850857157
U25	'Basis Hull'!U26	0
U250		1.5817280216645955
U251		1.6546614940465443
U252		1.7275781997868369
U253		1.8004957131675337
U254		1.8734124169618043
U255		1.9463291862011176
U256		
U257		
U258		
U259		2
U26	'Basis Hull'!U27	0
U260		3
U261		15.479999999999997
U262		0.49518435726327148
U263		0.18888250341015822
U264		0.14389708292328585
U265		3.701613723106649E-2
U266		1.171278110455328
U267		7.4587562682355131
U268		
U269		
U27	'Basis Hull'!U28	0
U270		
U271		
U272		
U273		
U274		
U275		
U276		
U277		
U278		
U279		
U28	'Basis Hull'!U29	0
U280		
U281		
U282		
U284		
U285		
U286		2
U287		3
U288		15.479999999999997
U289		0.42155641700462387
U29	'Basis Hull'!U30	0
U290		8.410963030160766E-2
U291		5.2602239368745377E-2
U292		1.181489043635503E-2
U293		0.93011360622767525
U294		7.1785255725281321
U295		
U296		
U297		
U298		
U299		
U30	'Basis Hull'!U31	0
U300		
U301		
U302		
U303		
U304		
U305		
U306		
U307		
U308		
U309		
U31	'Basis Hull'!U32	0
U315		2
U316		2
U317		3
U318		15.479999999999997
U319		1.9463291862011178
U32	'Basis Hull'!U33	0
U33	'Basis Hull'!U34	0
U34	'Basis Hull'!U35	0
U35	'Basis Hull'!U36	0
U36	'Basis Hull'!U37	0
U37	'Basis Hull'!U38	0
U38	'Basis Hull'!U39	0
U39		27
U48		
U49	U9	12
U50	($E$44/2)*(1-(($E$4/2-U10)/($E$4/2)+($T$45*($E$4/2-U10)/($E$4/2)*(1-($E$4/2-U10)/($E$4/2)))/($O$2*(1-2*$O$3))))+Input!$B$13*'Basis Hull'!U41	7.7399999999999993
U51		Y
U52	U12*$E$45/$E$5	6.0540540540540533E-2
U53		6.8108108108108106E-2
U54		0.16648648648648648
U55		0.74162162162162149
U56		1.0897297297297297
U57		1.2940540540540537
U58		1.4302702702702701
U59		1.5286486486486486
U60		1.6118918918918916
U61		1.6610810810810808
U62		1.6951351351351351
U63		1.7027027027027026
U64		1.7027027027027026
U65		0
U66		0
U67		0
U68		0
U69		0
U70		0
U71		0
U72		0
U73		0
U74		0
U75		0
U76		0
U77		0
U78		0
U79		27
U8		
U83		3
U84	AM50	15.479999999999999
U85	IF(Transform!AM$50="",0,CUBIC(Transform!$AL$52:$AL$78,Transform!$AM$52:$AM$78,$B85))	0
U86	IF(Transform!AM$50="",0,CUBIC(Transform!$AL$52:$AL$78,Transform!$AM$52:$AM$78,$B86))	8.4468162950232073E-4
U87	IF(Transform!AM$50="",0,CUBIC(Transform!$AL$52:$AL$78,Transform!$AM$52:$AM$78,$B87))	-4.0232518494579217E-4
U88	IF(Transform!AM$50="",0,CUBIC(Transform!$AL$52:$AL$78,Transform!$AM$52:$AM$78,$B88))	-2.8194887749709522E-3
U89	IF(Transform!AM$50="",0,CUBIC(Transform!$AL$52:$AL$78,Transform!$AM$52:$AM$78,$B89))	2.2138808852600715E-3
U9		12
U90	IF(Transform!AM$50="",0,CUBIC(Transform!$AL$52:$AL$78,Transform!$AM$52:$AM$78,$B90))	2.4243016775146446E-2
U91	IF(Transform!AM$50="",0,CUBIC(Transform!$AL$52:$AL$78,Transform!$AM$52:$AM$78,$B91))	7.2166917456874341E-2
U92	IF(Transform!AM$50="",0,CUBIC(Transform!$AL$52:$AL$78,Transform!$AM$52:$AM$78,$B92))	0.14732858808380389
U93	IF(Transform!AM$50="",0,CUBIC(Transform!$AL$52:$AL$78,Transform!$AM$52:$AM$78,$B93))	0.23403261041327808
U94	IF(Transform!AM$50="",0,CUBIC(Transform!$AL$52:$AL$78,Transform!$AM$52:$AM$78,$B94))	0.317434946607487
U95	IF(Transform!AM$50="",0,CUBIC(Transform!$AL$52:$AL$78,Transform!$AM$52:$AM$78,$B95))	0.39279400321419478
U96	IF(Transform!AM$50="",0,CUBIC(Transform!$AL$52:$AL$78,Transform!$AM$52:$AM$78,$B96))	0.45599489747118155
U97	IF(Transform!AM$50="",0,CUBIC(Transform!$AL$52:$AL$78,Transform!$AM$52:$AM$78,$B97))	0.49516865912715213
U98	IF(Transform!AM$50="",0,CUBIC(Transform!$AL$52:$AL$78,Transform!$AM$52:$AM$78,$B98))	0.49895429376194905
U99	IF(Transform!AM$50="",0,CUBIC(Transform!$AL$52:$AL$78,Transform!$AM$52:$AM$78,$B99))	0.48413339964266699
V10		X  =
V100	IF(Transform!AO$50="",0,CUBIC(Transform!$AN$52:$AN$78,Transform!$AO$52:$AO$78,$B100))	0.19367904989152102
V101	IF(Transform!AO$50="",0,CUBIC(Transform!$AN$52:$AN$78,Transform!$AO$52:$AO$78,$B101))	0.18006828659851043
V102	IF(Transform!AO$50="",0,CUBIC(Transform!$AN$52:$AN$78,Transform!$AO$52:$AO$78,$B102))	0.16913752326596418
V103	IF(Transform!AO$50="",0,CUBIC(Transform!$AN$52:$AN$78,Transform!$AO$52:$AO$78,$B103))	0.16155904483670588
V104	IF(Transform!AO$50="",0,CUBIC(Transform!$AN$52:$AN$78,Transform!$AO$52:$AO$78,$B104))	0.15052729304486337
V105	IF(Transform!AO$50="",0,CUBIC(Transform!$AN$52:$AN$78,Transform!$AO$52:$AO$78,$B105))	0.13780531057318232
V106	IF(Transform!AO$50="",0,CUBIC(Transform!$AN$52:$AN$78,Transform!$AO$52:$AO$78,$B106))	0.12894831813421009
V107	IF(Transform!AO$50="",0,CUBIC(Transform!$AN$52:$AN$78,Transform!$AO$52:$AO$78,$B107))	0.12151263148851667
V108	IF(Transform!AO$50="",0,CUBIC(Transform!$AN$52:$AN$78,Transform!$AO$52:$AO$78,$B108))	0.11107250828649644
V109	IF(Transform!AO$50="",0,CUBIC(Transform!$AN$52:$AN$78,Transform!$AO$52:$AO$78,$B109))	9.8378378378378373E-2
V11		Z
V110		
V114		2
V115		16.339999999999996
V116		8.8092187296520665E-19
V117	CUBIC($C$84:$W$84,$C$86:$W$86,V115)	-3.6445738734696716E-4
V118	CUBIC($C$84:$W$84,$C$87:$W$87,V115)	-6.8433978721530131E-5
V119	CUBIC($C$84:$W$84,$C$88:$W$88,V115)	1.0411299177094659E-3
V12	'Basis Hull'!V13	0
V120	CUBIC($C$84:$W$84,$C$89:$W$89,V115)	5.6392268275695884E-4
V121	CUBIC($C$84:$W$84,$C$90:$W$90,V115)	-3.4179844442138348E-3
V122	CUBIC($C$84:$W$84,$C$91:$W$91,V115)	-3.3682148803330348E-3
V123	CUBIC($C$84:$W$84,$C$92:$W$92,V115)	1.2116709005667638E-2
V124	CUBIC($C$84:$W$84,$C$93:$W$93,V115)	4.9734991751472474E-2
V125	CUBIC($C$84:$W$84,$C$94:$W$94,V115)	0.11234124389979845
V126	CUBIC($C$84:$W$84,$C$95:$W$95,V115)	0.18501458429826467
V127	CUBIC($C$84:$W$84,$C$96:$W$96,V115)	0.23086252549010502
V128	CUBIC($C$84:$W$84,$C$97:$W$97,V115)	0.23040398526475508
V129	CUBIC($C$84:$W$84,$C$98:$W$98,V115)	0.21180269589305531
V13	'Basis Hull'!V14	0.19999999999999998
V130	CUBIC($C$84:$W$84,$C$99:$W$99,V115)	0.20196297181093617
V131	CUBIC($C$84:$W$84,$C$100:$W$100,V115)	0.19367904989152193
V132	CUBIC($C$84:$W$84,$C$101:$W$101,V115)	0.18006828659851135
V133	CUBIC($C$84:$W$84,$C$102:$W$102,V115)	0.16913752326596512
V134	CUBIC($C$84:$W$84,$C$103:$W$103,V115)	0.16155904483670686
V135	CUBIC($C$84:$W$84,$C$104:$W$104,V115)	0.15052729304486437
V136	CUBIC($C$84:$W$84,$C$105:$W$105,V115)	0.13780531057318332
V137	CUBIC($C$84:$W$84,$C$106:$W$106,V115)	0.12894831813421109
V138	CUBIC($C$84:$W$84,$C$107:$W$107,V115)	0.12151263148851768
V139	CUBIC($C$84:$W$84,$C$108:$W$108,V115)	0.11107250828649746
V14	'Basis Hull'!V15	0.39999999999999997
V140	CUBIC($C$84:$W$84,$C$109:$W$109,V115)	9.8378378378379414E-2
V141		
V142		
V143		2
V144		16.339999999999996
V145		0
V146		-1.7300847083662692E-5
V147		-3.7096682974881198E-5
V148		-7.5072487908340539E-6
V149		7.616740946995579E-5
V15	'Basis Hull'!V16	0.6
V150		-1.0452202153110904E-5
V151		-3.2429651351969667E-4
V152		-1.2649020465015375E-4
V153		1.9806871332048513E-3
V154		7.7338759043064148E-3
V155		1.8608471374671923E-2
V156		3.4063163217086745E-2
V157		5.1150418251977747E-2
V158		6.722277480422309E-2
V159		8.2251266114947846E-2
V16	'Basis Hull'!V17	0.79999999999999993
V160		9.6713522829217025E-2
V161		0.11036665571851989
V162		0.12303862017942789
V163		0.13511402367509473
V164		0.14651538049055149
V165		0.15702483858178026
V166		0.16670592901243572
V167		0.17586434726993935
V168		0.18435349660487826
V169		0.19200763650983591
V17	'Basis Hull'!V18	0.99999999999999989
V170		
V171		2
V172		16.339999999999996
V173		0
V174		-7.9224019297353712E-7
V175		-2.8262506450634957E-6
V176		3.1270872905496943E-6
V177		2.3070982699801234E-5
V178		-5.6346570543447711E-6
V179		-1.2990033834790949E-4
V18	'Basis Hull'!V19	1.2
V180		-2.8869455201047572E-5
V181		1.140715487300792E-3
V182		4.7339700563391708E-3
V183	V181+h/3*($B124*V124+4*$B125*V125+$B126*V126)	1.2292452224568276E-2
V184		2.4142461629819222E-2
V185		3.847424818082161E-2
V186		5.3123342412000459E-2
V187		6.7904854775637985E-2
V188		8.3196360843834721E-2
V189		9.861725863980933E-2
V19	'Basis Hull'!V20	1.4
V190		0.11386547996000042
V191		0.12926087994194346
V192		0.14464574532781072
V193		0.15957438982355407
V194		0.17405205126790585
V195		0.18839351231150092
V196		0.20233001000551704
V197		0.21542615326466669
V198		
V199		
V20	'Basis Hull'!V21	1.5999999999999999
V200		2
V201		16.339999999999996
V202		0
V203		1.6142435943445115E-9
V204		6.5138883810336366E-9
V205		1.6629164972144725E-8
V206		6.3127579642131537E-8
V207		1.8723720376492405E-7
V208		7.7276899702135022E-7
V209		2.6649059276626979E-6
V21	'Basis Hull'!V22	1.7999999999999998
V210		3.8108202628234357E-5
V211		2.780668700823627E-4
V212	V210+h/6*(V124^2+4*V125^2+V126^2)	1.0976625479750452E-3
V213		2.7431320169261737E-3
V214		4.7496502367273558E-3
V215		6.5165922835361215E-3
V216		8.0712057306717225E-3
V217		9.5004410161695953E-3
V218		1.0784434013694838E-2
V219		1.1880166697563092E-2
V22	'Basis Hull'!V23	1.9999999999999998
V220		1.2886328873751723E-2
V221		1.3772005019117066E-2
V222		1.4535770621624377E-2
V223		1.5172580443297961E-2
V224		1.5754284662638299E-2
V225		1.6242341458996348E-2
V226		1.6651062845490523E-2
V227		
V228		
V229		2
V23	'Basis Hull'!V24	2.1999999999999997
V230		16.339999999999996
V231		8.8092187296520665E-19
V232	V231+IF(AND(V116=0,V117=0),0,SQRT((V117-V116)^2+($B117-$B116)^2))	7.2917577489690175E-2
V233		0.14583484504433894
V234		0.21875995327064218
V235		0.29167818147541191
V236		0.36470349121214357
V237		0.43762017486401622
V238		0.51216293538127244
V239		0.59421155191148034
V24	'Basis Hull'!V25	2.4
V240		0.69031765518196753
V241		0.79326548023159704
V242		0.87939836587528275
V243		0.95231647430464372
V244		1.0275683729123697
V245		1.1011459540617252
V246		1.1745316722918056
V247		1.2487077678698026
V248		1.3224391849510571
V249		1.3957486223590778
V25	'Basis Hull'!V26	0
V250		1.4694950787171606
V251		1.5435132461883128
V252		1.6169658607969284
V253		1.6902606744856932
V254		1.7639209517744132
V255		1.8379343371307253
V256		
V257		
V258		
V259		4
V26	'Basis Hull'!V27	0
V260		2
V261		16.339999999999996
V262		0.20675432786792999
V263		7.344589170242552E-2
V264		5.9104449460919944E-2
V265		7.1729184638023493E-3
V266		1.057621696205008
V267		8.3187562682355125
V268		
V269		
V27	'Basis Hull'!V28	0
V270		
V271		
V272		
V273		
V274		
V275		
V276		
V277		
V278		
V279		
V28	'Basis Hull'!V29	0
V280		
V281		
V282		
V284		
V285		
V286		4
V287		2
V288		16.339999999999996
V289		0.20937012165419613
V29	'Basis Hull'!V30	0
V290		2.4734316173516159E-2
V291		1.6840820347076797E-2
V292		1.7272537663900974E-3
V293		0.83010343818180732
V294		8.0385255725281315
V295		
V296		
V297		
V298		
V299		
V30	'Basis Hull'!V31	0
V300		
V301		
V302		
V303		
V304		
V305		
V306		
V307		
V308		
V309		
V31	'Basis Hull'!V32	0
V315		4
V316		4
V317		2
V318		16.339999999999996
V319		1.8379343371307253
V32	'Basis Hull'!V33	0
V33	'Basis Hull'!V34	0
V34	'Basis Hull'!V35	0
V35	'Basis Hull'!V36	0
V36	'Basis Hull'!V37	0
V37	'Basis Hull'!V38	0
V38	'Basis Hull'!V39	0
V39		27
V48		
V49		Number:
V50		X  =
V51		Z
V52	V12	0
V53	IF(V13<$I$4,V13*$I$43/$I$4,$I$43+(V13-$I$4)*($E$46-$I$43)/($E$6-$I$4))-Input!$B$14*V13/$E$6*(1-V13/$E$6)*W$10/$E$4*(1-W$10/$E$4)	7.2071756435494794E-2
V54	IF(V14<$I$4,V14*$I$43/$I$4,$I$43+(V14-$I$4)*($E$46-$I$43)/($E$6-$I$4))-Input!$B$14*V14/$E$6*(1-V14/$E$6)*W$10/$E$4*(1-W$10/$E$4)	0.16194864806453599
V55	IF(V15<$I$4,V15*$I$43/$I$4,$I$43+(V15-$I$4)*($E$46-$I$43)/($E$6-$I$4))-Input!$B$14*V15/$E$6*(1-V15/$E$6)*W$10/$E$4*(1-W$10/$E$4)	0.26963067488712367
V56	IF(V16<$I$4,V16*$I$43/$I$4,$I$43+(V16-$I$4)*($E$46-$I$43)/($E$6-$I$4))-Input!$B$14*V16/$E$6*(1-V16/$E$6)*W$10/$E$4*(1-W$10/$E$4)	0.39511783690325752
V57	IF(V17<$I$4,V17*$I$43/$I$4,$I$43+(V17-$I$4)*($E$46-$I$43)/($E$6-$I$4))-Input!$B$14*V17/$E$6*(1-V17/$E$6)*W$10/$E$4*(1-W$10/$E$4)	0.53841013411293803
V58	IF(V18<$I$4,V18*$I$43/$I$4,$I$43+(V18-$I$4)*($E$46-$I$43)/($E$6-$I$4))-Input!$B$14*V18/$E$6*(1-V18/$E$6)*W$10/$E$4*(1-W$10/$E$4)	0.6879075665161648
V59	IF(V19<$I$4,V19*$I$43/$I$4,$I$43+(V19-$I$4)*($E$46-$I$43)/($E$6-$I$4))-Input!$B$14*V19/$E$6*(1-V19/$E$6)*W$10/$E$4*(1-W$10/$E$4)	0.82041013411293817
V60	IF(V20<$I$4,V20*$I$43/$I$4,$I$43+(V20-$I$4)*($E$46-$I$43)/($E$6-$I$4))-Input!$B$14*V20/$E$6*(1-V20/$E$6)*W$10/$E$4*(1-W$10/$E$4)	0.97071783690325764
V61	IF(V21<$I$4,V21*$I$43/$I$4,$I$43+(V21-$I$4)*($E$46-$I$43)/($E$6-$I$4))-Input!$B$14*V21/$E$6*(1-V21/$E$6)*W$10/$E$4*(1-W$10/$E$4)	1.1388306748871235
V62	IF(V22<$I$4,V22*$I$43/$I$4,$I$43+(V22-$I$4)*($E$46-$I$43)/($E$6-$I$4))-Input!$B$14*V22/$E$6*(1-V22/$E$6)*W$10/$E$4*(1-W$10/$E$4)	1.3247486480645358
V63	IF(V23<$I$4,V23*$I$43/$I$4,$I$43+(V23-$I$4)*($E$46-$I$43)/($E$6-$I$4))-Input!$B$14*V23/$E$6*(1-V23/$E$6)*W$10/$E$4*(1-W$10/$E$4)	1.5284717564354946
V64	IF(V24<$I$4,V24*$I$43/$I$4,$I$43+(V24-$I$4)*($E$46-$I$43)/($E$6-$I$4))-Input!$B$14*V24/$E$6*(1-V24/$E$6)*W$10/$E$4*(1-W$10/$E$4)	1.75
V65	IF(V25<$I$4,V25*$I$43/$I$4,$I$43+(V25-$I$4)*($E$46-$I$43)/($E$6-$I$4))-Input!$B$14*V25/$E$6*(1-V25/$E$6)*W$10/$E$4*(1-W$10/$E$4)	0
V66	IF(V26<$I$4,V26*$I$43/$I$4,$I$43+(V26-$I$4)*($E$46-$I$43)/($E$6-$I$4))-Input!$B$14*V26/$E$6*(1-V26/$E$6)*W$10/$E$4*(1-W$10/$E$4)	0
V67	IF(V27<$I$4,V27*$I$43/$I$4,$I$43+(V27-$I$4)*($E$46-$I$43)/($E$6-$I$4))-Input!$B$14*V27/$E$6*(1-V27/$E$6)*W$10/$E$4*(1-W$10/$E$4)	0
V68	IF(V28<$I$4,V28*$I$43/$I$4,$I$43+(V28-$I$4)*($E$46-$I$43)/($E$6-$I$4))-Input!$B$14*V28/$E$6*(1-V28/$E$6)*W$10/$E$4*(1-W$10/$E$4)	0
V69	IF(V29<$I$4,V29*$I$43/$I$4,$I$43+(V29-$I$4)*($E$46-$I$43)/($E$6-$I$4))-Input!$B$14*V29/$E$6*(1-V29/$E$6)*W$10/$E$4*(1-W$10/$E$4)	0
V70	IF(V30<$I$4,V30*$I$43/$I$4,$I$43+(V30-$I$4)*($E$46-$I$43)/($E$6-$I$4))-Input!$B$14*V30/$E$6*(1-V30/$E$6)*W$10/$E$4*(1-W$10/$E$4)	0
V71	IF(V31<$I$4,V31*$I$43/$I$4,$I$43+(V31-$I$4)*($E$46-$I$43)/($E$6-$I$4))-Input!$B$14*V31/$E$6*(1-V31/$E$6)*W$10/$E$4*(1-W$10/$E$4)	0
V72	IF(V32<$I$4,V32*$I$43/$I$4,$I$43+(V32-$I$4)*($E$46-$I$43)/($E$6-$I$4))-Input!$B$14*V32/$E$6*(1-V32/$E$6)*W$10/$E$4*(1-W$10/$E$4)	0
V73	IF(V33<$I$4,V33*$I$43/$I$4,$I$43+(V33-$I$4)*($E$46-$I$43)/($E$6-$I$4))-Input!$B$14*V33/$E$6*(1-V33/$E$6)*W$10/$E$4*(1-W$10/$E$4)	0
V74	IF(V34<$I$4,V34*$I$43/$I$4,$I$43+(V34-$I$4)*($E$46-$I$43)/($E$6-$I$4))-Input!$B$14*V34/$E$6*(1-V34/$E$6)*W$10/$E$4*(1-W$10/$E$4)	0
V75	IF(V35<$I$4,V35*$I$43/$I$4,$I$43+(V35-$I$4)*($E$46-$I$43)/($E$6-$I$4))-Input!$B$14*V35/$E$6*(1-V35/$E$6)*W$10/$E$4*(1-W$10/$E$4)	0
V76	IF(V36<$I$4,V36*$I$43/$I$4,$I$43+(V36-$I$4)*($E$46-$I$43)/($E$6-$I$4))-Input!$B$14*V36/$E$6*(1-V36/$E$6)*W$10/$E$4*(1-W$10/$E$4)	0
V77	IF(V37<$I$4,V37*$I$43/$I$4,$I$43+(V37-$I$4)*($E$46-$I$43)/($E$6-$I$4))-Input!$B$14*V37/$E$6*(1-V37/$E$6)*W$10/$E$4*(1-W$10/$E$4)	0
V78	IF(V38<$I$4,V38*$I$43/$I$4,$I$43+(V38-$I$4)*($E$46-$I$43)/($E$6-$I$4))-Input!$B$14*V38/$E$6*(1-V38/$E$6)*W$10/$E$4*(1-W$10/$E$4)	0
V79		27
V8		MIDSHIP
V83		2
V84	AO50	16.34
V85	IF(Transform!AO$50="",0,CUBIC(Transform!$AN$52:$AN$78,Transform!$AO$52:$AO$78,$B85))	0
V86	IF(Transform!AO$50="",0,CUBIC(Transform!$AN$52:$AN$78,Transform!$AO$52:$AO$78,$B86))	-3.6445738734696716E-4
V87	IF(Transform!AO$50="",0,CUBIC(Transform!$AN$52:$AN$78,Transform!$AO$52:$AO$78,$B87))	-6.8433978721530741E-5
V88	IF(Transform!AO$50="",0,CUBIC(Transform!$AN$52:$AN$78,Transform!$AO$52:$AO$78,$B88))	1.0411299177094707E-3
V89	IF(Transform!AO$50="",0,CUBIC(Transform!$AN$52:$AN$78,Transform!$AO$52:$AO$78,$B89))	5.6392268275697011E-4
V9		Number:
V90	IF(Transform!AO$50="",0,CUBIC(Transform!$AN$52:$AN$78,Transform!$AO$52:$AO$78,$B90))	-3.4179844442138504E-3
V91	IF(Transform!AO$50="",0,CUBIC(Transform!$AN$52:$AN$78,Transform!$AO$52:$AO$78,$B91))	-3.3682148803331462E-3
V92	IF(Transform!AO$50="",0,CUBIC(Transform!$AN$52:$AN$78,Transform!$AO$52:$AO$78,$B92))	1.2116709005667359E-2
V93	IF(Transform!AO$50="",0,CUBIC(Transform!$AN$52:$AN$78,Transform!$AO$52:$AO$78,$B93))	4.9734991751471995E-2
V94	IF(Transform!AO$50="",0,CUBIC(Transform!$AN$52:$AN$78,Transform!$AO$52:$AO$78,$B94))	0.1123412438997978
V95	IF(Transform!AO$50="",0,CUBIC(Transform!$AN$52:$AN$78,Transform!$AO$52:$AO$78,$B95))	0.18501458429826384
V96	IF(Transform!AO$50="",0,CUBIC(Transform!$AN$52:$AN$78,Transform!$AO$52:$AO$78,$B96))	0.23086252549010405
V97	IF(Transform!AO$50="",0,CUBIC(Transform!$AN$52:$AN$78,Transform!$AO$52:$AO$78,$B97))	0.230403985264754
V98	IF(Transform!AO$50="",0,CUBIC(Transform!$AN$52:$AN$78,Transform!$AO$52:$AO$78,$B98))	0.21180269589305425
V99	IF(Transform!AO$50="",0,CUBIC(Transform!$AN$52:$AN$78,Transform!$AO$52:$AO$78,$B99))	0.2019629718109352
W10	'Basis Hull'!W11	16.175000000000001
W100	IF(Transform!AQ$50="",0,CUBIC(Transform!$AP$52:$AP$78,Transform!$AQ$52:$AQ$78,$B100))	0
W101	IF(Transform!AQ$50="",0,CUBIC(Transform!$AP$52:$AP$78,Transform!$AQ$52:$AQ$78,$B101))	0
W102	IF(Transform!AQ$50="",0,CUBIC(Transform!$AP$52:$AP$78,Transform!$AQ$52:$AQ$78,$B102))	0
W103	IF(Transform!AQ$50="",0,CUBIC(Transform!$AP$52:$AP$78,Transform!$AQ$52:$AQ$78,$B103))	0
W104	IF(Transform!AQ$50="",0,CUBIC(Transform!$AP$52:$AP$78,Transform!$AQ$52:$AQ$78,$B104))	0
W105	IF(Transform!AQ$50="",0,CUBIC(Transform!$AP$52:$AP$78,Transform!$AQ$52:$AQ$78,$B105))	0
W106	IF(Transform!AQ$50="",0,CUBIC(Transform!$AP$52:$AP$78,Transform!$AQ$52:$AQ$78,$B106))	0
W107	IF(Transform!AQ$50="",0,CUBIC(Transform!$AP$52:$AP$78,Transform!$AQ$52:$AQ$78,$B107))	0
W108	IF(Transform!AQ$50="",0,CUBIC(Transform!$AP$52:$AP$78,Transform!$AQ$52:$AQ$78,$B108))	0
W109	IF(Transform!AQ$50="",0,CUBIC(Transform!$AP$52:$AP$78,Transform!$AQ$52:$AQ$78,$B109))	0
W11		Y
W114		1
W115	LWL	17.2
W116		0
W117	CUBIC($C$84:$W$84,$C$86:$W$86,W115)	0
W118	CUBIC($C$84:$W$84,$C$87:$W$87,W115)	0
W119	CUBIC($C$84:$W$84,$C$88:$W$88,W115)	0
W12	'Basis Hull'!W13	0.08
W120	CUBIC($C$84:$W$84,$C$89:$W$89,W115)	0
W121	CUBIC($C$84:$W$84,$C$90:$W$90,W115)	0
W122	CUBIC($C$84:$W$84,$C$91:$W$91,W115)	0
W123	CUBIC($C$84:$W$84,$C$92:$W$92,W115)	0
W124	CUBIC($C$84:$W$84,$C$93:$W$93,W115)	0
W125	CUBIC($C$84:$W$84,$C$94:$W$94,W115)	0
W126	CUBIC($C$84:$W$84,$C$95:$W$95,W115)	0
W127	CUBIC($C$84:$W$84,$C$96:$W$96,W115)	0
W128	CUBIC($C$84:$W$84,$C$97:$W$97,W115)	0
W129	CUBIC($C$84:$W$84,$C$98:$W$98,W115)	0
W13	'Basis Hull'!W14	0.09
W130	CUBIC($C$84:$W$84,$C$99:$W$99,W115)	0
W131	CUBIC($C$84:$W$84,$C$100:$W$100,W115)	0
W132	CUBIC($C$84:$W$84,$C$101:$W$101,W115)	0
W133	CUBIC($C$84:$W$84,$C$102:$W$102,W115)	0
W134	CUBIC($C$84:$W$84,$C$103:$W$103,W115)	0
W135	CUBIC($C$84:$W$84,$C$104:$W$104,W115)	0
W136	CUBIC($C$84:$W$84,$C$105:$W$105,W115)	0
W137	CUBIC($C$84:$W$84,$C$106:$W$106,W115)	0
W138	CUBIC($C$84:$W$84,$C$107:$W$107,W115)	0
W139	CUBIC($C$84:$W$84,$C$108:$W$108,W115)	0
W14	'Basis Hull'!W15	0.22
W140	CUBIC($C$84:$W$84,$C$109:$W$109,W115)	0
W143		1
W144	LWL	17.2
W145		0
W146	h/12*(5*W116+8*W117-W118)	0
W147	h/3*(W116+4*W117+W118)	0
W148		0
W149		0
W15	'Basis Hull'!W16	0.98
W150		0
W151		0
W152		0
W153		0
W154		0
W155		0
W156		0
W157		0
W158		0
W159		0
W16	'Basis Hull'!W17	1.44
W160		0
W161		0
W162		0
W163		0
W164		0
W165		0
W166		0
W167		0
W168		0
W169		0
W17	'Basis Hull'!W18	1.71
W171		1
W172	LWL	17.2
W173		0
W174		0
W175		0
W176		0
W177		0
W178		0
W179		0
W18	'Basis Hull'!W19	1.89
W180		0
W181		0
W182		0
W183	W181+h/3*($B124*W124+4*$B125*W125+$B126*W126)	0
W184		0
W185		0
W186		0
W187		0
W188		0
W189		0
W19	'Basis Hull'!W20	2.02
W190		0
W191		0
W192		0
W193		0
W194		0
W195		0
W196		0
W197		0
W20	'Basis Hull'!W21	2.13
W200		1
W201	LWL	17.2
W202		0
W203		0
W204		0
W205		0
W206		0
W207		0
W208		0
W209		0
W21	'Basis Hull'!W22	2.1949999999999998
W210		0
W211		0
W212	W210+h/6*(W124^2+4*W125^2+W126^2)	0
W213		0
W214		0
W215		0
W216		0
W217		0
W218		0
W219		0
W22	'Basis Hull'!W23	2.2400000000000002
W220		0
W221		0
W222		0
W223		0
W224		0
W225		0
W226		0
W229		1
W23	'Basis Hull'!W24	2.25
W230	LWL	17.2
W231		0
W232	W231+IF(AND(W116=0,W117=0),0,SQRT((W117-W116)^2+($B117-$B116)^2))	0
W233		0
W234		0
W235		0
W236		0
W237		0
W238		0
W239		0
W24	'Basis Hull'!W25	2.25
W240		0
W241		0
W242		0
W243		0
W244		0
W245		0
W246		0
W247		0
W248		0
W249		0
W25	'Basis Hull'!W26	0
W250		0
W251		0
W252		0
W253		0
W254		0
W255		0
W259		1
W26	'Basis Hull'!W27	0
W260		1
W261	LWL	17.2
W262		0
W263		0
W264		0
W265		0
W266		0
W267		9.1787562682355155
W27	'Basis Hull'!W28	0
W28	'Basis Hull'!W29	0
W286		1
W287		1
W288	LWL	17.2
W289		0
W29	'Basis Hull'!W30	0
W290		0
W291		0
W292		0
W293		0
W294		8.8985255725281345
W30	'Basis Hull'!W31	0
W31	'Basis Hull'!W32	0
W315		1
W316		1
W317		1
W318		17.2
W319		0
W32	'Basis Hull'!W33	0
W33	'Basis Hull'!W34	0
W34	'Basis Hull'!W35	0
W35	'Basis Hull'!W36	0
W36	'Basis Hull'!W37	0
W37	'Basis Hull'!W38	0
W38	'Basis Hull'!W39	0
W39		27
W48		
W49	W9	11
W50	($E$44/2)*(1+((W10-$E$4/2)/($E$4/2)+($T$46*(W10-$E$4/2)/($E$4/2)*(1-(W10-$E$4/2)/($E$4/2)))/($O$4*(1-2*$O$5))))+Input!$B$13*'Basis Hull'!W41	8.6
W51		Y
W52	W12*$E$45/$E$5	6.0540540540540533E-2
W53		6.8108108108108106E-2
W54		0.16648648648648648
W55		0.74162162162162149
W56		1.0897297297297297
W57		1.2940540540540537
W58		1.4302702702702701
W59		1.5286486486486486
W60		1.6118918918918916
W61		1.6610810810810808
W62		1.6951351351351351
W63		1.7027027027027026
W64		1.7027027027027026
W65		0
W66		0
W67		0
W68		0
W69		0
W70		0
W71		0
W72		0
W73		0
W74		0
W75		0
W76		0
W77		0
W78		0
W79		27
W8		
W83		1
W84	AQ50	17.2
W85	IF(Transform!AQ$50="",0,CUBIC(Transform!$AP$52:$AP$78,Transform!$AQ$52:$AQ$78,$B85))	0
W86	IF(Transform!AQ$50="",0,CUBIC(Transform!$AP$52:$AP$78,Transform!$AQ$52:$AQ$78,$B86))	0
W87	IF(Transform!AQ$50="",0,CUBIC(Transform!$AP$52:$AP$78,Transform!$AQ$52:$AQ$78,$B87))	0
W88	IF(Transform!AQ$50="",0,CUBIC(Transform!$AP$52:$AP$78,Transform!$AQ$52:$AQ$78,$B88))	0
W89	IF(Transform!AQ$50="",0,CUBIC(Transform!$AP$52:$AP$78,Transform!$AQ$52:$AQ$78,$B89))	0
W9		11
W90	IF(Transform!AQ$50="",0,CUBIC(Transform!$AP$52:$AP$78,Transform!$AQ$52:$AQ$78,$B90))	0
W91	IF(Transform!AQ$50="",0,CUBIC(Transform!$AP$52:$AP$78,Transform!$AQ$52:$AQ$78,$B91))	0
W92	IF(Transform!AQ$50="",0,CUBIC(Transform!$AP$52:$AP$78,Transform!$AQ$52:$AQ$78,$B92))	0
W93	IF(Transform!AQ$50="",0,CUBIC(Transform!$AP$52:$AP$78,Transform!$AQ$52:$AQ$78,$B93))	0
W94	IF(Transform!AQ$50="",0,CUBIC(Transform!$AP$52:$AP$78,Transform!$AQ$52:$AQ$78,$B94))	0
W95	IF(Transform!AQ$50="",0,CUBIC(Transform!$AP$52:$AP$78,Transform!$AQ$52:$AQ$78,$B95))	0
W96	IF(Transform!AQ$50="",0,CUBIC(Transform!$AP$52:$AP$78,Transform!$AQ$52:$AQ$78,$B96))	0
W97	IF(Transform!AQ$50="",0,CUBIC(Transform!$AP$52:$AP$78,Transform!$AQ$52:$AQ$78,$B97))	0
W98	IF(Transform!AQ$50="",0,CUBIC(Transform!$AP$52:$AP$78,Transform!$AQ$52:$AQ$78,$B98))	0
W99	IF(Transform!AQ$50="",0,CUBIC(Transform!$AP$52:$AP$78,Transform!$AQ$52:$AQ$78,$B99))	0
X10		X  =
X11		Z
X116	B116	0
X117	B117	7.2916666666666671E-2
X118		0.14583333333333334
X119		0.21875
X12	'Basis Hull'!X13	0
X120		0.29166666666666669
X121		0.36458333333333331
X122		0.4375
X123		0.51041666666666663
X124		0.58333333333333337
X125		0.65625
X126		0.72916666666666663
X127		0.80208333333333337
X128		0.875
X129		0.94791666666666663
X13	'Basis Hull'!X14	0.19999999999999998
X130		1.0208333333333333
X131		1.09375
X132		1.1666666666666667
X133		1.2395833333333333
X134		1.3125
X135		1.3854166666666667
X136		1.4583333333333333
X137		1.53125
X138		1.6041666666666667
X139		1.6770833333333333
X14	'Basis Hull'!X15	0.39999999999999997
X140		1.75
X15	'Basis Hull'!X16	0.6
X16	'Basis Hull'!X17	0.79999999999999993
X17	'Basis Hull'!X18	0.99999999999999989
X18	'Basis Hull'!X19	1.2
X19	'Basis Hull'!X20	1.4
X20	'Basis Hull'!X21	1.5999999999999999
X21	'Basis Hull'!X22	1.7999999999999998
X22	'Basis Hull'!X23	1.9999999999999998
X23	'Basis Hull'!X24	2.1999999999999997
X24	'Basis Hull'!X25	2.4
X25	'Basis Hull'!X26	0
X26	'Basis Hull'!X27	0
X27	'Basis Hull'!X28	0
X28	'Basis Hull'!X29	0
X29	'Basis Hull'!X30	0
X30	'Basis Hull'!X31	0
X31	'Basis Hull'!X32	0
X32	'Basis Hull'!X33	0
X33	'Basis Hull'!X34	0
X34	'Basis Hull'!X35	0
X35	'Basis Hull'!X36	0
X36	'Basis Hull'!X37	0
X37	'Basis Hull'!X38	0
X38	'Basis Hull'!X39	0
X39		27
X48		
X49		Number:
X50		X  =
X51		Z
X52	X12	0
X53	IF(X13<$I$4,X13*$I$43/$I$4,$I$43+(X13-$I$4)*($E$46-$I$43)/($E$6-$I$4))-Input!$B$14*X13/$E$6*(1-X13/$E$6)*Y$10/$E$4*(1-Y$10/$E$4)	7.3051038871139853E-2
X54	IF(X14<$I$4,X14*$I$43/$I$4,$I$43+(X14-$I$4)*($E$46-$I$43)/($E$6-$I$4))-Input!$B$14*X14/$E$6*(1-X14/$E$6)*Y$10/$E$4*(1-Y$10/$E$4)	0.16372916158389064
X55	IF(X15<$I$4,X15*$I$43/$I$4,$I$43+(X15-$I$4)*($E$46-$I$43)/($E$6-$I$4))-Input!$B$14*X15/$E$6*(1-X15/$E$6)*Y$10/$E$4*(1-Y$10/$E$4)	0.27203436813825244
X56	IF(X16<$I$4,X16*$I$43/$I$4,$I$43+(X16-$I$4)*($E$46-$I$43)/($E$6-$I$4))-Input!$B$14*X16/$E$6*(1-X16/$E$6)*Y$10/$E$4*(1-Y$10/$E$4)	0.39796665853422497
X57	IF(X17<$I$4,X17*$I$43/$I$4,$I$43+(X17-$I$4)*($E$46-$I$43)/($E$6-$I$4))-Input!$B$14*X17/$E$6*(1-X17/$E$6)*Y$10/$E$4*(1-Y$10/$E$4)	0.54152603277180866
X58	IF(X18<$I$4,X18*$I$43/$I$4,$I$43+(X18-$I$4)*($E$46-$I$43)/($E$6-$I$4))-Input!$B$14*X18/$E$6*(1-X18/$E$6)*Y$10/$E$4*(1-Y$10/$E$4)	0.69111249085100313
X59	IF(X19<$I$4,X19*$I$43/$I$4,$I$43+(X19-$I$4)*($E$46-$I$43)/($E$6-$I$4))-Input!$B$14*X19/$E$6*(1-X19/$E$6)*Y$10/$E$4*(1-Y$10/$E$4)	0.8235260327718088
X60	IF(X20<$I$4,X20*$I$43/$I$4,$I$43+(X20-$I$4)*($E$46-$I$43)/($E$6-$I$4))-Input!$B$14*X20/$E$6*(1-X20/$E$6)*Y$10/$E$4*(1-Y$10/$E$4)	0.97356665853422508
X61	IF(X21<$I$4,X21*$I$43/$I$4,$I$43+(X21-$I$4)*($E$46-$I$43)/($E$6-$I$4))-Input!$B$14*X21/$E$6*(1-X21/$E$6)*Y$10/$E$4*(1-Y$10/$E$4)	1.1412343681382524
X62	IF(X22<$I$4,X22*$I$43/$I$4,$I$43+(X22-$I$4)*($E$46-$I$43)/($E$6-$I$4))-Input!$B$14*X22/$E$6*(1-X22/$E$6)*Y$10/$E$4*(1-Y$10/$E$4)	1.3265291615838906
X63	IF(X23<$I$4,X23*$I$43/$I$4,$I$43+(X23-$I$4)*($E$46-$I$43)/($E$6-$I$4))-Input!$B$14*X23/$E$6*(1-X23/$E$6)*Y$10/$E$4*(1-Y$10/$E$4)	1.5294510388711398
X64	IF(X24<$I$4,X24*$I$43/$I$4,$I$43+(X24-$I$4)*($E$46-$I$43)/($E$6-$I$4))-Input!$B$14*X24/$E$6*(1-X24/$E$6)*Y$10/$E$4*(1-Y$10/$E$4)	1.75
X65	IF(X25<$I$4,X25*$I$43/$I$4,$I$43+(X25-$I$4)*($E$46-$I$43)/($E$6-$I$4))-Input!$B$14*X25/$E$6*(1-X25/$E$6)*Y$10/$E$4*(1-Y$10/$E$4)	0
X66	IF(X26<$I$4,X26*$I$43/$I$4,$I$43+(X26-$I$4)*($E$46-$I$43)/($E$6-$I$4))-Input!$B$14*X26/$E$6*(1-X26/$E$6)*Y$10/$E$4*(1-Y$10/$E$4)	0
X67	IF(X27<$I$4,X27*$I$43/$I$4,$I$43+(X27-$I$4)*($E$46-$I$43)/($E$6-$I$4))-Input!$B$14*X27/$E$6*(1-X27/$E$6)*Y$10/$E$4*(1-Y$10/$E$4)	0
X68	IF(X28<$I$4,X28*$I$43/$I$4,$I$43+(X28-$I$4)*($E$46-$I$43)/($E$6-$I$4))-Input!$B$14*X28/$E$6*(1-X28/$E$6)*Y$10/$E$4*(1-Y$10/$E$4)	0
X69	IF(X29<$I$4,X29*$I$43/$I$4,$I$43+(X29-$I$4)*($E$46-$I$43)/($E$6-$I$4))-Input!$B$14*X29/$E$6*(1-X29/$E$6)*Y$10/$E$4*(1-Y$10/$E$4)	0
X70	IF(X30<$I$4,X30*$I$43/$I$4,$I$43+(X30-$I$4)*($E$46-$I$43)/($E$6-$I$4))-Input!$B$14*X30/$E$6*(1-X30/$E$6)*Y$10/$E$4*(1-Y$10/$E$4)	0
X71	IF(X31<$I$4,X31*$I$43/$I$4,$I$43+(X31-$I$4)*($E$46-$I$43)/($E$6-$I$4))-Input!$B$14*X31/$E$6*(1-X31/$E$6)*Y$10/$E$4*(1-Y$10/$E$4)	0
X72	IF(X32<$I$4,X32*$I$43/$I$4,$I$43+(X32-$I$4)*($E$46-$I$43)/($E$6-$I$4))-Input!$B$14*X32/$E$6*(1-X32/$E$6)*Y$10/$E$4*(1-Y$10/$E$4)	0
X73	IF(X33<$I$4,X33*$I$43/$I$4,$I$43+(X33-$I$4)*($E$46-$I$43)/($E$6-$I$4))-Input!$B$14*X33/$E$6*(1-X33/$E$6)*Y$10/$E$4*(1-Y$10/$E$4)	0
X74	IF(X34<$I$4,X34*$I$43/$I$4,$I$43+(X34-$I$4)*($E$46-$I$43)/($E$6-$I$4))-Input!$B$14*X34/$E$6*(1-X34/$E$6)*Y$10/$E$4*(1-Y$10/$E$4)	0
X75	IF(X35<$I$4,X35*$I$43/$I$4,$I$43+(X35-$I$4)*($E$46-$I$43)/($E$6-$I$4))-Input!$B$14*X35/$E$6*(1-X35/$E$6)*Y$10/$E$4*(1-Y$10/$E$4)	0
X76	IF(X36<$I$4,X36*$I$43/$I$4,$I$43+(X36-$I$4)*($E$46-$I$43)/($E$6-$I$4))-Input!$B$14*X36/$E$6*(1-X36/$E$6)*Y$10/$E$4*(1-Y$10/$E$4)	0
X77	IF(X37<$I$4,X37*$I$43/$I$4,$I$43+(X37-$I$4)*($E$46-$I$43)/($E$6-$I$4))-Input!$B$14*X37/$E$6*(1-X37/$E$6)*Y$10/$E$4*(1-Y$10/$E$4)	0
X78	IF(X38<$I$4,X38*$I$43/$I$4,$I$43+(X38-$I$4)*($E$46-$I$43)/($E$6-$I$4))-Input!$B$14*X38/$E$6*(1-X38/$E$6)*Y$10/$E$4*(1-Y$10/$E$4)	0
X79		27
X8		
X9		Number:
Y10	'Basis Hull'!Y11	17.7925
Y11		Y
Y12	'Basis Hull'!Y13	0.08
Y13	'Basis Hull'!Y14	0.09
Y14	'Basis Hull'!Y15	0.22
Y15	'Basis Hull'!Y16	0.98
Y16	'Basis Hull'!Y17	1.44
Y17	'Basis Hull'!Y18	1.71
Y18	'Basis Hull'!Y19	1.89
Y19	'Basis Hull'!Y20	2.02
Y20	'Basis Hull'!Y21	2.13
Y21	'Basis Hull'!Y22	2.1949999999999998
Y22	'Basis Hull'!Y23	2.2400000000000002
Y23	'Basis Hull'!Y24	2.25
Y24	'Basis Hull'!Y25	2.25
Y25	'Basis Hull'!Y26	0
Y26	'Basis Hull'!Y27	0
Y27	'Basis Hull'!Y28	0
Y28	'Basis Hull'!Y29	0
Y29	'Basis Hull'!Y30	0
Y30	'Basis Hull'!Y31	0
Y31	'Basis Hull'!Y32	0
Y32	'Basis Hull'!Y33	0
Y33	'Basis Hull'!Y34	0
Y34	'Basis Hull'!Y35	0
Y35	'Basis Hull'!Y36	0
Y36	'Basis Hull'!Y37	0
Y37	'Basis Hull'!Y38	0
Y38	'Basis Hull'!Y39	0
Y39		27
Y48		
Y49	Y9	10
Y50	($E$44/2)*(1+((Y10-$E$4/2)/($E$4/2)+($T$46*(Y10-$E$4/2)/($E$4/2)*(1-(Y10-$E$4/2)/($E$4/2)))/($O$4*(1-2*$O$5))))+Input!$B$13*'Basis Hull'!Y41	9.4600000000000009
Y51		Y
Y52	Y12*$E$45/$E$5	6.0540540540540533E-2
Y53		6.8108108108108106E-2
Y54		0.16648648648648648
Y55		0.74162162162162149
Y56		1.0897297297297297
Y57		1.2940540540540537
Y58		1.4302702702702701
Y59		1.5286486486486486
Y60		1.6118918918918916
Y61		1.6610810810810808
Y62		1.6951351351351351
Y63		1.7027027027027026
Y64		1.7027027027027026
Y65		0
Y66		0
Y67		0
Y68		0
Y69		0
Y70		0
Y71		0
Y72		0
Y73		0
Y74		0
Y75		0
Y76		0
Y77		0
Y78		0
Y79		27
Y8		
Y9		10
Z10		X  =
Z11		Z
Z12	'Basis Hull'!Z13	0
Z13	'Basis Hull'!Z14	0.19999999999999998
Z14	'Basis Hull'!Z15	0.39999999999999997
Z15	'Basis Hull'!Z16	0.6
Z16	'Basis Hull'!Z17	0.79999999999999993
Z17	'Basis Hull'!Z18	0.99999999999999989
Z18	'Basis Hull'!Z19	1.2
Z19	'Basis Hull'!Z20	1.4
Z20	'Basis Hull'!Z21	1.5999999999999999
Z21	'Basis Hull'!Z22	1.7999999999999998
Z22	'Basis Hull'!Z23	1.9999999999999998
Z23	'Basis Hull'!Z24	2.1999999999999997
Z24	'Basis Hull'!Z25	2.4
Z25	'Basis Hull'!Z26	0
Z26	'Basis Hull'!Z27	0
Z27	'Basis Hull'!Z28	0
Z28	'Basis Hull'!Z29	0
Z29	'Basis Hull'!Z30	0
Z30	'Basis Hull'!Z31	0
Z31	'Basis Hull'!Z32	0
Z32	'Basis Hull'!Z33	0
Z33	'Basis Hull'!Z34	0
Z34	'Basis Hull'!Z35	0
Z35	'Basis Hull'!Z36	0
Z36	'Basis Hull'!Z37	0
Z37	'Basis Hull'!Z38	0
Z38	'Basis Hull'!Z39	0
Z39		27
Z48		
Z49		Number:
Z50		X  =
Z51		Z
Z52	Z12	0
Z53	IF(Z13<$I$4,Z13*$I$43/$I$4,$I$43+(Z13-$I$4)*($E$46-$I$43)/($E$6-$I$4))-Input!$B$14*Z13/$E$6*(1-Z13/$E$6)*AA$10/$E$4*(1-AA$10/$E$4)	7.5988886178074991E-2
Z54	IF(Z14<$I$4,Z14*$I$43/$I$4,$I$43+(Z14-$I$4)*($E$46-$I$43)/($E$6-$I$4))-Input!$B$14*Z14/$E$6*(1-Z14/$E$6)*AA$10/$E$4*(1-AA$10/$E$4)	0.16907070214195452
Z55	IF(Z15<$I$4,Z15*$I$43/$I$4,$I$43+(Z15-$I$4)*($E$46-$I$43)/($E$6-$I$4))-Input!$B$14*Z15/$E$6*(1-Z15/$E$6)*AA$10/$E$4*(1-AA$10/$E$4)	0.27924544789163874
Z56	IF(Z16<$I$4,Z16*$I$43/$I$4,$I$43+(Z16-$I$4)*($E$46-$I$43)/($E$6-$I$4))-Input!$B$14*Z16/$E$6*(1-Z16/$E$6)*AA$10/$E$4*(1-AA$10/$E$4)	0.4065131234271272
Z57	IF(Z17<$I$4,Z17*$I$43/$I$4,$I$43+(Z17-$I$4)*($E$46-$I$43)/($E$6-$I$4))-Input!$B$14*Z17/$E$6*(1-Z17/$E$6)*AA$10/$E$4*(1-AA$10/$E$4)	0.55087372874842055
Z58	IF(Z18<$I$4,Z18*$I$43/$I$4,$I$43+(Z18-$I$4)*($E$46-$I$43)/($E$6-$I$4))-Input!$B$14*Z18/$E$6*(1-Z18/$E$6)*AA$10/$E$4*(1-AA$10/$E$4)	0.7007272638555182
Z59	IF(Z19<$I$4,Z19*$I$43/$I$4,$I$43+(Z19-$I$4)*($E$46-$I$43)/($E$6-$I$4))-Input!$B$14*Z19/$E$6*(1-Z19/$E$6)*AA$10/$E$4*(1-AA$10/$E$4)	0.83287372874842069
Z60	IF(Z20<$I$4,Z20*$I$43/$I$4,$I$43+(Z20-$I$4)*($E$46-$I$43)/($E$6-$I$4))-Input!$B$14*Z20/$E$6*(1-Z20/$E$6)*AA$10/$E$4*(1-AA$10/$E$4)	0.98211312342712731
Z61	IF(Z21<$I$4,Z21*$I$43/$I$4,$I$43+(Z21-$I$4)*($E$46-$I$43)/($E$6-$I$4))-Input!$B$14*Z21/$E$6*(1-Z21/$E$6)*AA$10/$E$4*(1-AA$10/$E$4)	1.1484454478916386
Z62	IF(Z22<$I$4,Z22*$I$43/$I$4,$I$43+(Z22-$I$4)*($E$46-$I$43)/($E$6-$I$4))-Input!$B$14*Z22/$E$6*(1-Z22/$E$6)*AA$10/$E$4*(1-AA$10/$E$4)	1.3318707021419545
Z63	IF(Z23<$I$4,Z23*$I$43/$I$4,$I$43+(Z23-$I$4)*($E$46-$I$43)/($E$6-$I$4))-Input!$B$14*Z23/$E$6*(1-Z23/$E$6)*AA$10/$E$4*(1-AA$10/$E$4)	1.5323888861780748
Z64	IF(Z24<$I$4,Z24*$I$43/$I$4,$I$43+(Z24-$I$4)*($E$46-$I$43)/($E$6-$I$4))-Input!$B$14*Z24/$E$6*(1-Z24/$E$6)*AA$10/$E$4*(1-AA$10/$E$4)	1.75
Z65	IF(Z25<$I$4,Z25*$I$43/$I$4,$I$43+(Z25-$I$4)*($E$46-$I$43)/($E$6-$I$4))-Input!$B$14*Z25/$E$6*(1-Z25/$E$6)*AA$10/$E$4*(1-AA$10/$E$4)	0
Z66	IF(Z26<$I$4,Z26*$I$43/$I$4,$I$43+(Z26-$I$4)*($E$46-$I$43)/($E$6-$I$4))-Input!$B$14*Z26/$E$6*(1-Z26/$E$6)*AA$10/$E$4*(1-AA$10/$E$4)	0
Z67	IF(Z27<$I$4,Z27*$I$43/$I$4,$I$43+(Z27-$I$4)*($E$46-$I$43)/($E$6-$I$4))-Input!$B$14*Z27/$E$6*(1-Z27/$E$6)*AA$10/$E$4*(1-AA$10/$E$4)	0
Z68	IF(Z28<$I$4,Z28*$I$43/$I$4,$I$43+(Z28-$I$4)*($E$46-$I$43)/($E$6-$I$4))-Input!$B$14*Z28/$E$6*(1-Z28/$E$6)*AA$10/$E$4*(1-AA$10/$E$4)	0
Z69	IF(Z29<$I$4,Z29*$I$43/$I$4,$I$43+(Z29-$I$4)*($E$46-$I$43)/($E$6-$I$4))-Input!$B$14*Z29/$E$6*(1-Z29/$E$6)*AA$10/$E$4*(1-AA$10/$E$4)	0
Z70	IF(Z30<$I$4,Z30*$I$43/$I$4,$I$43+(Z30-$I$4)*($E$46-$I$43)/($E$6-$I$4))-Input!$B$14*Z30/$E$6*(1-Z30/$E$6)*AA$10/$E$4*(1-AA$10/$E$4)	0
Z71	IF(Z31<$I$4,Z31*$I$43/$I$4,$I$43+(Z31-$I$4)*($E$46-$I$43)/($E$6-$I$4))-Input!$B$14*Z31/$E$6*(1-Z31/$E$6)*AA$10/$E$4*(1-AA$10/$E$4)	0
Z72	IF(Z32<$I$4,Z32*$I$43/$I$4,$I$43+(Z32-$I$4)*($E$46-$I$43)/($E$6-$I$4))-Input!$B$14*Z32/$E$6*(1-Z32/$E$6)*AA$10/$E$4*(1-AA$10/$E$4)	0
Z73	IF(Z33<$I$4,Z33*$I$43/$I$4,$I$43+(Z33-$I$4)*($E$46-$I$43)/($E$6-$I$4))-Input!$B$14*Z33/$E$6*(1-Z33/$E$6)*AA$10/$E$4*(1-AA$10/$E$4)	0
Z74	IF(Z34<$I$4,Z34*$I$43/$I$4,$I$43+(Z34-$I$4)*($E$46-$I$43)/($E$6-$I$4))-Input!$B$14*Z34/$E$6*(1-Z34/$E$6)*AA$10/$E$4*(1-AA$10/$E$4)	0
Z75	IF(Z35<$I$4,Z35*$I$43/$I$4,$I$43+(Z35-$I$4)*($E$46-$I$43)/($E$6-$I$4))-Input!$B$14*Z35/$E$6*(1-Z35/$E$6)*AA$10/$E$4*(1-AA$10/$E$4)	0
Z76	IF(Z36<$I$4,Z36*$I$43/$I$4,$I$43+(Z36-$I$4)*($E$46-$I$43)/($E$6-$I$4))-Input!$B$14*Z36/$E$6*(1-Z36/$E$6)*AA$10/$E$4*(1-AA$10/$E$4)	0
Z77	IF(Z37<$I$4,Z37*$I$43/$I$4,$I$43+(Z37-$I$4)*($E$46-$I$43)/($E$6-$I$4))-Input!$B$14*Z37/$E$6*(1-Z37/$E$6)*AA$10/$E$4*(1-AA$10/$E$4)	0
Z78	IF(Z38<$I$4,Z38*$I$43/$I$4,$I$43+(Z38-$I$4)*($E$46-$I$43)/($E$6-$I$4))-Input!$B$14*Z38/$E$6*(1-Z38/$E$6)*AA$10/$E$4*(1-AA$10/$E$4)	0
Z79		27
Z8		
Z9		Number:
