A10		Oar Blade Lever (m)
A100		59
A101		60
A102		61
A103		62
A104		63
A105		64
A106		65
A107		66
A108		67
A109		68
A11		Number of rudders
A110		69
A111		70
A112		71
A113		72
A114		73
A115		74
A116		75
A117		76
A118		77
A119		78
A12		Rudder Area (m2)
A120		79
A121		80
A122		81
A123		82
A124		83
A125		84
A126		85
A127		86
A128		87
A129		88
A13		Rudder Length (m)
A130		89
A131		90
A134		DESIGN
A136		time
A137		0
A138	A137+1	1
A139	A138+1	2
A14		Rudder Chord (m)
A140		3
A141		4
A142		5
A143		6
A144		7
A145		8
A146		9
A147		10
A148		11
A149		12
A15		Rudder forward from CG (m)
A150		13
A151		14
A152		15
A153		16
A154		17
A155		18
A156		19
A157		20
A158		21
A159		22
A16		Rudder latteral position (m)
A160		23
A161		24
A162		25
A163		26
A164		27
A165		28
A166		29
A167		30
A168		31
A169		32
A170		33
A171		34
A172		35
A173		36
A174		37
A175		38
A176		39
A177		40
A178		41
A179		42
A180		43
A181		44
A182		45
A183		46
A184		47
A185		48
A186		49
A187		50
A188		51
A189		52
A190		53
A191		54
A192		55
A193		56
A194		57
A195		58
A196		59
A197		60
A198		61
A199		62
A2		Particulars
A200		63
A201		64
A202		65
A203	A202+1	66
A204		67
A205		68
A206		69
A207		70
A208		71
A209		72
A21		Scenario
A210	A209+1	73
A211		74
A212		75
A213		76
A214		77
A215		78
A216		79
A217	A216+1	80
A218		81
A219		82
A22		
A220		83
A221		84
A222		85
A223		86
A224		87
A225		88
A226		89
A227		90
A23		Rudder angle (radians)
A24		Rudders Down (Y/N)
A25		Starting position
A26		X
A27		Y
A28		Rotattion (Z)
A29		Starting Speed (boat coords)
A3		Length (m)
A30		U (m/s)
A31		V (m/s)
A32		Rotattion (Z)
A33		Max Oar Thrust (single oar zero speed) (N)
A34		Port Pressure (-1 to 1)
A35		Starboard Pressure (-1 to 1)
A37		Timestep
A38		
A39		OLYMPIAS
A4		Beam (m)
A40		time
A41		0
A42		1
A43	A42+1	2
A44	A43+1	3
A45		4
A46		5
A47		6
A48		7
A49		8
A5		Draught (m)
A50		9
A51		10
A52		11
A53		12
A54		13
A55		14
A56		15
A57		16
A58		17
A59		18
A6		Displacement (kg)
A60		19
A61		20
A62		21
A63		22
A64		23
A65		24
A66		25
A67		26
A68		27
A69		28
A7		massMomentofInertia (kgm3)
A70		29
A71		30
A72		31
A73		32
A74		33
A75		34
A76		35
A77		36
A78		37
A79		38
A8		Block Coefficient
A80		39
A81		40
A82		41
A83		42
A84		43
A85		44
A86		45
A87		46
A88		47
A89		48
A9		Rowers (number of)
A90		49
A91		50
A92		51
A93		52
A94		53
A95		54
A96		55
A97		56
A98		57
A99		58
B1		Olympias
B10		5.2
B100		57.555214720661851
B101		56.585227200599654
B102		55.5579822945598
B103		54.475368168969894
B104		53.339376887885926
B105		52.152100761953726
B106		50.915728495817604
B107		49.63254114335956
B108		48.304907880199835
B109		46.935281602962803
B11		2
B110		45.526194364905223
B111		44.080252657611332
B112		42.60013254857661
B113		41.088574684625158
B114		39.548379171230984
B115		37.982400337937612
B116		36.393541400191225
B117		34.784749028016783
B118		33.159007832072895
B119		31.519334777717265
B12	B13*B14	0.75
B120		29.868773537799207
B121		28.210388794967042
B122		26.547260504335817
B123	B122+H123	24.882478127402958
B124		23.21913484812578
B125		21.560321782084525
B126		19.90912218964705
B127		18.268605704026083
B128		16.641822585076802
B129		15.031798009621097
B13		1.5
B130		13.441526409004894
B131		11.873965864496682
B135		CG Position (global coords)
B136		X0 (m)
B137	C26	0
B138	B137+H138	3.4653211207688699
B139	B138+H139	6.5517555656152959
B14		0.5
B140		9.3553363533431053
B141		11.932976424846451
B142		14.323402846200512
B143		16.551586427849429
B144		18.635143023482765
B145		20.586418045486166
B146		22.413334257753622
B147		24.121041970521521
B148		25.712691052009625
B149		27.189902431726527
B15		-15
B150		28.553136204623232
B151		29.801989327176592
B152		30.935432114355621
B153		31.951981617156598
B154		32.849999946075101
B155		33.627842160362547
B156		34.28398802848595
B157		34.817159622224104
B158		35.226425900187571
B159		35.511294925564833
B16		0
B160		35.671794052090853
B161		35.708538237984747
B162		35.622786566747358
B163		35.416487036457887
B164		35.092309704667649
B165		34.653668329286411
B166		34.104730716273359
B167		33.450418064681031
B168		32.696393682950713
B169		31.849041533150757
B170		30.915435139056925
B171		29.903297467437774
B172		28.820952458136823
B173		27.67726893656296
B174		26.481597691439266
B175		25.243702540856983
B176		23.973686240812544
B177		22.681912112627071
B178		21.378922279246119
B179		20.075353405770848
B180		18.781850837119677
B181		17.508982015936869
B182		16.267150047244602
B183		15.066508253374252
B184		13.916876533901997
B185		12.827660311131959
B186		11.807772802580963
B187		10.865561318369711
B188		10.00873823384782
B189		9.2443172365925168
B190		8.5785553925295694
B191		8.0169015187286696
B192		7.5639512908167426
B193		7.2234094513222509
B194		6.9980594220017558
B195		6.8897405586995069
B196		6.8993332219475239
B197		7.0267517707279774
B198		7.2709455209964675
B199		7.6299076451130796
B200		8.1006919236598609
B201		8.6794371976520992
B202		9.361399307289398
B203	B202+H203	10.140990243550661
B204		11.011824181518529
B205		11.966770009717944
B206		12.998009918352482
B207		14.097103561486797
B208		15.255057264300635
B209		16.462397706852784
B210	B209+H210	17.709249480639446
B211		18.985415883878272
B212		20.280462296131663
B213		21.583801452800742
B214		22.884779925335948
B215		24.172765103843808
B216		25.43723197520152
B217	B216+H217	26.667848991859145
B218		27.854562334205898
B219	B218+H219	28.987677882650878
B22		
B220		30.057940234323439
B221		31.056608123393513
B222		31.975525633263874
B223		32.80718862306788
B224		33.544805829750892
B225		34.18235415021536
B226		34.714627655226202
B227		35.137279937628982
B23	-RADIANS(67)	-1.1693705988362009
B24		Y
B25		
B26		0
B27		0
B28		0
B29		
B3	Input!B55	32.35
B30		4
B31		0
B32		0
B33	5000/62	80.645161290322577
B34		0
B35		1
B37	A42-A41	1
B39		CG Position (global coords)
B4	Input!B56	3.7042357797642769
B40		X0 (m)
B41	B26	0
B42	B41+H42	3.5390825612042978
B43		6.7416548186197183
B44		9.685488088786208
B45		12.424369913081144
B46	B45+H46	14.996953281447949
B47		17.432365332084725
B48		19.752508945189884
B49		21.974400649525492
B5	Input!B59	1.1499999999999999
B50		24.111340678578276
B51		26.173744967672999
B52		28.169751148769969
B53		30.105500565901547
B54		31.985720898041169
B55		33.813982709294066
B56		35.592903140421562
B57		37.324310018646692
B58		39.009375819893279
B59		40.648728307803857
B6	Input!B60*1000	45376.946465736604
B60		42.242542867277379
B61		43.790620277937798
B62		45.292452762745832
B63		46.747280486405593
B64	B63+H64	48.154140192398195
B65		49.511907305675834
B66		50.819332555398404
B67		52.075073964276427
B68		53.277724890935104
B69		54.42583868697821
B7	B6*(B3/3)^2	5276443.9397432031
B70		55.517950432265238
B71		56.552596133878971
B72		57.528329711619044
B73		58.443738042101238
B74		59.297454292049991
B75		60.088169737167874
B76		60.814644234551807
B77		61.475715492854704
B78		62.070307264378201
B79		62.597436566339518
B8		0.32118549392675172
B80		63.05622002414372
B81		63.445879417184429
B82		63.765746497150701
B83		64.015267139760255
B84		64.194004883045764
B85		64.301643898608091
B86		64.337991436465657
B87		64.302979779145318
B88		64.196667736370102
B89		64.019241708011165
B9		170
B90		63.771016339808426
B91		63.452434793657744
B92		63.064068651956049
B93		62.606617473537064
B94		62.080908017076318
B95		61.487893146455846
B96		60.828650431422091
B97		60.104380455915717
B98		59.316404845672174
B99		58.466164026064298
C1		Design
C10	Input!B24	4.5
C100		63.555474661669898
C101		64.910034741733213
C102		66.221554595015249
C103		67.487613124964469
C104		68.705871134498821
C105		69.874075943319752
C106		70.990065822009228
C107		72.05177423655185
C108		73.057233897114699
C109		74.00458060513111
C11	Input!B25	2
C110		74.892056892969478
C111		75.718015450725687
C112		76.480922334954741
C113		77.179359954454455
C114		77.812029828529987
C115		78.377755113500712
C116		78.875482893560431
C117		79.30428623246614
C118		79.663365982908431
C119		79.952052350806795
C12	Input!B26	0.25
C120		80.169806212174677
C121		80.316220180610102
C122		80.391019423887599
C123	C122+I123	80.394062228554191
C124		80.32534031186529
C125		80.184978880834507
C126		79.973236438612815
C127		79.690504338857011
C128		79.337306089192779
C129		78.91429640532364
C13	Input!B27	0.96
C130		78.422260017782122
C131		77.862110233762635
C136		Y0(m)
C137	C27	0
C138	C137+I138	-0.11609265523927083
C139	C138+I139	-0.20227814228188656
C14	Input!B28	0.26
C140		-0.20510830727012014
C141		-0.10531903704762541
C142		0.10332106880690967
C143		0.42107187137829122
C144		0.8458178180860062
C145		1.3743692703319463
C146		2.0026399548680951
C147		2.7261317638125475
C148		3.5400766797669228
C149		4.4394364060519038
C15	Input!B29	-7.9752704791344664
C150		5.4188714845707793
C151		6.4727011759169581
C152		7.59483978408963
C153		8.7786262555850403
C154		10.017005814617107
C155		11.302526946523139
C156		12.627350172122219
C157		13.983268458674042
C158		15.361738728827467
C159		16.7539236571541
C16	Input!B30	0
C160		18.150742752034986
C161		19.542931587776739
C162		20.921107963932393
C163		22.275843716368517
C164		23.59774088091261
C165		24.877510910453609
C166		26.1060556662975
C167		27.274548941269721
C168		28.374517322855269
C169		29.397919267255734
C170		30.337221327541204
C171		31.185470559198414
C172		31.936362212605822
C173		32.584301912737438
C174		33.124461620293872
C175		33.552828764210766
C176		33.866248031971736
C177		34.062455400362794
C178		34.140104084384546
C179		34.098782175245901
C180		33.939021829066853
C181		33.662299955586533
C182		33.271030440360931
C183		32.768548014272682
C184		32.159083960356085
C185		31.447733919709705
C186		30.640418125414449
C187		29.743834455719025
C188		28.765404755146317
C189		27.71321492448412
C190		26.595949327740172
C191		25.422820105967073
C192		24.203492024313615
C193		22.94800350966381
C194		21.666684561725262
C195		20.370072240380225
C196		19.068824446487884
C197		17.773632722114506
C198		16.495134799379507
C199		15.243827624772699
C200		14.029981577978647
C201		12.863556591022906
C202		11.75412085504554
C203	C202+I203	10.710772778354144
C204		9.7420668307874205
C205		8.8559438760398983
C206		8.0596665556999714
C207		7.3597602466109855
C208		6.7619600670848534
C209		6.2711643578163363
C210	C209+I210	5.891395010430009
C211		5.6257649608344389
C212		5.4764531063774857
C213		5.4446868456331918
C214		5.5307323779634983
C215		5.7338928372616094
C216		6.0525142709843607
C217	C216+I217	6.4839994122125191
C218		7.0248291295383476
C219	C218+I219	7.6705913775664332
C22		
C220		8.416017410219542
C221		9.2550249603501804
C222		10.180768032841687
C223		11.185692904894044
C224		12.261599876962208
C225		13.399710271256744
C226		14.590738132207662
C227		15.82496604518068
C23	B23	-1.1693705988362009
C24		Y
C25		
C26		0
C27		0
C28		0
C29		
C3	LWL	17.2
C30		4
C31		0
C32		0
C33	5000/62	80.645161290322577
C34		0
C35		1
C37		second
C4	BWL	2.8
C40		Y0(m)
C41	B27	0
C42	C41+I42	-8.5166644826865354E-2
C43		-0.18280202542863491
C44		-0.25747040168281737
C45		-0.29148999772132078
C46	C45+I46	-0.27606196471641342
C47		-0.20683897340734986
C48		-8.1789083085153647E-2
C49		0.10000287003186198
C5	T	0.75900000000000001
C50		0.33891528223801748
C51		0.6350809275629884
C52		0.9885248783477254
C53		1.3991510761530406
C54		1.8668353994468667
C55		2.3914232001527789
C56		2.9727172720074631
C57		3.6104622792108065
C58		4.3043288500525465
C59		5.0538989625788773
C6	Input!D60*1000	14411.900721671185
C60		5.8586533688313427
C61		6.7179613174445025
C62		7.6310725716038235
C63		8.5971115843125432
C64	C63+I64	9.6150736305185323
C65		10.683822674137035
C66		11.802090748949462
C67		12.968478645061513
C68		14.181457710869598
C69		15.439372600760869
C7	C6*(C3/3)^2	473735.18994435598
C70		16.740444819066212
C71		18.082776930024366
C72		19.464357321168414
C73		20.883065423398943
C74		22.336677305029603
C75		23.822871569349758
C76		25.339235495868138
C77		26.883271374527808
C78		28.452402989970629
C79		30.043982219530811
C8	Input!D67	0.36255423342613663
C80		31.655295714196299
C81		33.283571636427325
C82		34.925986432585297
C83		36.57967162091208
C84		38.241720578608081
C85		39.909195313673699
C86		41.579133208880187
C87		43.248553726589158
C88		44.914465064204038
C89		46.573870750862099
C9	SUM(Input!B37:B39)	50
C90		48.223776176606684
C91		49.86119504575295
C92		51.483155746509837
C93		53.086707629172942
C94		54.668927185380994
C95		56.22692412105215
C96		57.757847315701675
C97		59.258890660903297
C98		60.72729877070357
C99		62.160372556841345
D100		2.4512304784431196
D101		2.4943327260593557
D102		2.5374384131573988
D103		2.5805473717827869
D104		2.6236594414557901
D105		2.6667744689333643
D106		2.7098923079652866
D107		2.7530128190469632
D108		2.7961358691710103
D109		2.8392613315793733
D110		2.8823890855174512
D111		2.9255190159914384
D112		2.9686510135298807
D113		3.0117849739502431
D114		3.0549207981311262
D115		3.0980583917906266
D116		3.1411976652712177
D117		3.1843385333314176
D118		3.2274809149444277
D119		3.2706247331038512
D120		3.3137699146365356
D121		3.3569163900225298
D122		3.4000640932221073
D123	D122+J123	3.4432129615097642
D124		3.4863629353150793
D125		3.5295139580702903
D126		3.5726659760644277
D127		3.6158189383038328
D128		3.6589727963788721
D129		3.7021275043366524
D130		3.7452830185595389
D131		3.7884392976492731
D136		Z0 (radians)
D137	C28	0
D138	D137+J138	4.1006334338756022E-2
D139	D138+J139	0.10218522073302924
D140		0.17420828224859847
D141		0.25262490775780605
D142		0.33509852999681988
D143		0.42029958881734569
D144		0.50740830979561846
D145		0.59588965375195657
D146		0.68537814091411997
D147		0.77561316630451971
D148		0.86640365672605324
D149		0.95760669102232565
D150		1.0491136976427633
D151		1.1408412111139044
D152		1.2327244874536512
D153		1.3247129250202372
D154		1.4167664962235684
D155		1.5088535326041432
D156		1.6009490161232973
D157		1.6930332501416718
D158		1.7850908176710347
D159		1.8771097588102257
D160		1.9690809167629877
D161		2.060997414511216
D162		2.1528542334834255
D163		2.2446478723896801
D164		2.3363760694729656
D165		2.4280375752338244
D166		2.5196319655612784
D167		2.611159487392742
D168		2.702620930704636
D169		2.794017521931448
D170		2.885350834917467
D171		2.976622716291307
D172		3.0678352227698977
D173		3.1589905683843149
D174		3.2500910800038083
D175		3.3411391598388098
D176		3.4321372538457311
D177		3.5230878251491733
D178		3.613993331751157
D179		3.7048562079202223
D180		3.7956788487521531
D181		3.8864635974737212
D182		3.977212735125212
D183		4.0679284723098021
D184		4.1586129427406116
D185		4.2492681983514577
D186		4.3398962057666086
D187		4.4304988439493593
D188		4.5210779028700756
D189		4.6116350830521942
D190		4.7021719958701498
D191		4.7926901644867685
D192		4.8831910253296842
D193		4.9736759300170714
D194		5.0641461476526555
D195		5.1546028674187134
D196		5.2450472014037359
D197		5.3354801876086784
D198		5.425902793082372
D199		5.5163159171427214
D200		5.6067203946458619
D201		5.6971169992704969
D202		5.7875064467892479
D203	D202+J203	5.8778893983030223
D204		5.9682664634181819
D205		6.0586382033497213
D206		6.1490051339366989
D207		6.2393677285589293
D208		6.329726420946356
D209		6.4200816078746854
D210	D209+J210	6.5104336517427566
D211		6.6007828830287618
D212		6.6911296026238842
D213		6.78147408404313
D214		6.8718165755142024
D215		6.9621573019461316
D216		7.0524964667801342
D217	D216+J217	7.1428342537257512
D218		7.2331708283858323
D219	D218+J219	7.3235063397742843
D220		7.4138409217308192
D221		7.5041746942371192
D222		7.5945077646389949
D223		7.6848402287791764
D224		7.7751721720454121
D225		7.8655036703385166
D226		7.9558347909649756
D227		8.0461655934585981
D40		Z0 (radians)
D41	B28	0
D42		1.5445515455679461E-2
D43		4.0549163828539847E-2
D44		7.1777136699820082E-2
D45		0.10693156409247576
D46	D45+J46	0.14463095968522746
D47		0.18399663665351509
D48		0.2244638733909764
D49	D48+J49	0.26566519541805456
D50		0.30735926117986467
D51		0.34938630959842354
D52		0.39163992166087058
D53		0.43404889685611375
D54		0.47656523819820112
D55		0.51915656668287702
D56		0.56180106968732169
D57		0.60448410737653402
D58		0.64719591604357962
D59		0.68993004451602702
D6		
D60		0.73268228486171239
D61		0.77544993899467318
D62		0.81823131504313118
D63		0.86102538171769694
D64	D63+J64	0.90383153177296305
D65		0.94664942100074856
D66		0.98947885958844428
D67		1.0323197397744743
D68		1.0751719886147288
D69		1.118035538051918
D7		
D70		1.1609103068296571
D71		1.2037961904348116
D72		1.2466930564025629
D73		1.2896007431275618
D74		1.3325190608939497
D75		1.3754477942380903
D76		1.4183867050401879
D77		1.461335535939376
D78		1.5042940138058511
D79		1.5472618531005027
D80		1.5902387590195417
D81		1.6332244303675636
D82		1.6762185621335028
D83		1.7192208477644639
D84		1.7622309811455883
D85		1.8052486583021874
D86		1.8482735788449136
D87		1.8913054471809052
D88		1.9343439735143972
D89		1.9773888746598274
D90		2.0204398746893522
D91		2.0634967054352069
D92		2.1065591068656797
D93		2.1496268273517321
D94		2.1926996238396015
D95		2.23577726194307
D96		2.2788595159675511
D97		2.3219461688767269
D98		2.3650370122111668
D99		2.4081318459671817
E100		1.6106531454292994
E101		1.6104815054462742
E102		1.6103235443717989
E103		1.6101779480302285
E104		1.6100435468416898
E105		1.6099192986589028
E106		1.6098042737180485
E107		1.6096976414384736
E108		1.6095986588396829
E109		1.6095066603734103
E110		1.6094210489941343
E111		1.6093412883137193
E112		1.6092668957053229
E113		1.6091974362387005
E114		1.6091325173438615
E115		1.6090717841129798
E116		1.6090149151617656
E117		1.6089616189813787
E118		1.6089116307205895
E119		1.6088647093454336
E120		1.6088206351301868
E121		1.6087792074392482
E122		1.6087402427645496
E123	E122+R122/$B$37	1.6087035729875068
E124		1.6086690438383759
E125		1.6086365135292429
E126		1.6086058515398118
E127		1.6085769375377363
E128		1.608549660417484
E129		1.6085239174436978
E130		1.6084996134867386
E131		1.6084766603396043
E135		Speed m/s (Ship coods)
E136		U
E137	C30	4
E138	E137+R137/$B$37	3.4653211207688699
E139	E138+R138/$B$37	3.0803066981405642
E140		2.7886675798759937
E141		2.555921424411963
E142		2.3667023478636402
E143		2.2087435917704137
E144		2.0755286520269052
E145		1.962258003461093
E146		1.8646602799505461
E147		1.7800183097056892
E148		1.7063112749905762
E149		1.6419160792511083
E150		1.5855105781157757
E151		1.5360042839287753
E152		1.4924595176566053
E153		1.4539369812283198
E154		1.4198358571890237
E155		1.3896393524584916
E156		1.3628999471216139
E157		1.3392278217467699
E158		1.3182816685282184
E159		1.2997613141046005
E160		1.2834017358289125
E161		1.2689681615860107
E162		1.256252020686714
E163		1.2450675695101487
E164		1.235249056797181
E165		1.2266483241319635
E166		1.2191327601508484
E167		1.2125835444562885
E168		1.2068941305500394
E169		1.2019689273818788
E170		1.1977221470954291
E171		1.1940767927965907
E172		1.190963765083018
E173		1.1883210699612166
E174		1.1860931138716759
E175		1.1842300740167997
E176		1.1826873341747908
E177		1.1814249777879138
E178		1.1804073314152153
E179		1.1796025526998675
E180		1.1789822578683387
E181		1.1785211844908217
E182		1.178196885820012
E183		1.1779894535124313
E184		1.1778812659421978
E185		1.1778567596567837
E186		1.1779022218101656
E187		1.1780056016507605
E188		1.1781563393476402
E189		1.178345210615152
E190		1.1785641857484854
E191		1.1788063018151038
E192		1.1790655468627542
E193		1.1793367551067344
E194		1.1796155121494927
E195		1.1798980693662933
E196		1.1801812666630798
E197		1.1804624628780243
E198		1.1807394731575453
E199		1.1810105126916146
E200		1.1812741462426182
E201		1.1815292429474247
E202		1.1817749359140965
E203	E202+R202/$B$37	1.1820105861732226
E204		1.1822357505794796
E205		1.1824501532919887
E206		1.1826536604925626
E207		1.1828462580292272
E208		1.1830280316986097
E209		1.1831991499050813
E210	E209+R209/$B$37	1.1833598484570396
E211		1.1835104172815474
E212		1.1836511888578181
E213		1.1837825281878533
E214		1.1839048241389885
E215		1.1840184820082802
E216		1.1841239171726552
E217	E216+R216/$B$37	1.1842215497016058
E218		1.1843117998210539
E219	E218+R218/$B$37	1.1843950841278537
E220		1.1844718124643661
E221		1.1845423853716421
E222		1.1846071920480814
E223		1.1846666087480329
E224		1.1847209975617337
E225		1.1847707055242764
E226		1.1848160640070313
E227		1.1848573883501352
E34		 
E39		Speed m/s (Ship coods)
E40		U
E41	$B$30	4
E42	E41+R41/$B$37	3.5390825612042978
E43		3.2006822870489748
E44		2.9383865148012482
E45		2.7293898186137118
E46	E45+R45/$B$37	2.5595360577919872
E47		2.419961227540731
E48		2.3038594865547193
E49		2.2066163250025812
E50		2.1246987781229172
E51		2.0553541783466422
E52		1.9964047920338481
E53		1.9459208091360607
E54		1.9025518810377244
E55		1.8651932598931653
E56		1.83293413845362
E57		1.805018478190765
E58		1.7808149195871128
E59		1.7597933981162284
E60		1.7415067780827223
E61		1.7255762870786708
E62		1.7116798612285034
E63		1.6995427427482062
E64	E63+R63/$B$37	1.6889298370614585
E65		1.679639456876441
E66		1.6714981687330517
E67		1.6643565228020685
E68		1.6580854955415647
E69		1.6525735116695692
E70		1.64772393997097
E71		1.6434529789960075
E72		1.6396878653728686
E73		1.6363653504486886
E74		1.633430401175288
E75		1.630835089223589
E76		1.6285376387335866
E77		1.6265016082536075
E78		1.6246951865726911
E79		1.6230905855164004
E80		1.62166351552284
E81		1.6203927320685634
E82		1.6192596428716808
E83		1.6182479673387073
E84		1.6173434410029883
E85		1.6165335587737624
E86		1.6158073517141334
E87		1.6151551928238956
E88		1.6145686279438036
E89		1.6140402284413071
E90		1.6135634628001181
E91		1.6131325846303961
E92		1.6127425349536504
E93		1.6123888569055786
E94		1.6120676212483898
E95		1.6117753612978432
E96		1.6115090160544134
E97		1.6112658804869882
E98		1.6110435620549395
E99		1.6108399426733579
F100		-0.42653835118188543
F101		-0.42668269263359648
F102		-0.42681905414309929
F103		-0.42694791469349436
F104		-0.42706972003038235
F105		-0.42718488546127215
F106		-0.4272937983718415
F107		-0.42739682049154765
F108		-0.42749428993707012
F109		-0.42758652305857425
F110		-0.42767381611073713
F111		-0.42775644676782204
F112		-0.42783467549976795
F113		-0.42790874682423474
F114		-0.4279788904477746
F115		-0.42804532230775011
F116		-0.42810824552526316
F117		-0.42816785127817025
F118		-0.42822431960221852
F119		-0.42827782012742133
F120		-0.42832851275599115
F121		-0.42837654828744015
F122		-0.42842206899584051
F123	F122+S122/$B$37	-0.42846520916368941
F124		-0.42850609557634312
F125		-0.42854484798056064
F126		-0.42858157951032366
F127		-0.42861639708276889
F128		-0.42864940176677668
F129		-0.4286806891265027
F130		-0.42871034954190812
F131		-0.4287384685081439
F136		V
F137	C31	0
F138	F137+S137/$B$37	-0.11609265523927083
F139	F138+S138/$B$37	-0.21264093185841171
F140		-0.28880161374014152
F141		-0.34849951062123441
F142		-0.39546070132859817
F143		-0.43268856222194174
F144		-0.46238298094457136
F145		-0.48619376489065719
F146		-0.50536020823560701
F147		-0.52080787913508397
F148		-0.53324943286414428
F149		-0.54324300853778129
F150		-0.55123098541577031
F151		-0.5575679149901912
F152		-0.56254083933176102
F153		-0.56638375361334958
F154		-0.56928638657739428
F155		-0.57140665117174239
F156		-0.5728767000656102
F157		-0.57380762423857468
F158		-0.57429314326168224
F159		-0.57441253697696237
F160		-0.57423299967069352
F161		-0.57381154958923375
F162		-0.57319659230850539
F163		-0.57242921176370543
F164		-0.57154424479477406
F165		-0.57057118189754241
F166		-0.56953492712823361
F167		-0.56845644283701946
F168		-0.56735329943130464
F169		-0.56624014621158314
F170		-0.56512911613766204
F171		-0.56403017492177543
F172		-0.56295142292640699
F173		-0.56189935683578496
F174		-0.56087909687319326
F175		-0.55989458437889161
F176		-0.55894875379136622
F177		-0.55804368244709224
F178		-0.55718072110011285
F179		-0.55636060763896922
F180		-0.55558356612673632
F181		-0.5548493929960796
F182		-0.55415753198437856
F183		-0.55350713918541905
F184		-0.55289713941708118
F185		-0.55232627495336128
F186		-0.5517931475395621
F187		-0.55129625449799013
F188		-0.5508340196351087
F189		-0.55040481957743415
F190		-0.5500070060905724
F191		-0.5496389248720579
F192		-0.54929893125274287
F193		-0.5489854031922714
F194		-0.54869675191073208
F195		-0.54843143046013687
F196		-0.54818794050526165
F197		-0.54796483755305603
F198		-0.54776073484281307
F199		-0.54757430608518709
F200		-0.54740428721661716
F201		-0.5472494773164599
F202		-0.54710873881690936
F203	F202+S202/$B$37	-0.54698099712035908
F204		-0.5468652397250563
F205		-0.54676051494753786
F206		-0.54666593031928101
F207		-0.54658065072511108
F208		-0.54650389634207341
F209		-0.54643494042959284
F210	F209+S209/$B$37	-0.54637310701471575
F211		-0.54631776850997793
F212		-0.54626834329588614
F213		-0.54622429329507971
F214		-0.54618512156088372
F215		-0.5461503698991258
F216		-0.54611961653870866
F217	F216+S216/$B$37	-0.54609247386347126
F218		-0.54606858621527898
F219	F218+S218/$B$37	-0.54604762777603233
F220		-0.54602930053433107
F221		-0.54601333234084282
F222		-0.54599947505498292
F223		-0.54598750278427943
F224		-0.54597721021675227
F225		-0.5459684110457621
F226		-0.54596093648605659
F227		-0.54595463387914389
F40		V
F41	B31	0
F42		-8.5166644826865354E-2
F43		-0.14708714723965494
F44		-0.19394426669983467
F45		-0.23035233538123412
F46	F45+S45/$B$37	-0.25922650378106293
F47		-0.2825090018250106
F48		-0.30155484859985154
F49		-0.31732547052763899
F50		-0.3305252346149492
F51		-0.34167929802677155
F52		-0.35118543202690516
F53		-0.35934925187142847
F54		-0.36640614569880797
F55		-0.37254223167888662
F56		-0.37790626132351041
F57		-0.38261830270907854
F58		-0.386776155984842
F59		-0.39046015053765343
F60		-0.39373677281206965
F61		-0.39666143928875014
F62		-0.39928063759948579
F63		-0.40163359567667956
F64	F63+S63/$B$37	-0.40375359483851275
F65		-0.40566901168017794
F66		-0.40740415152384341
F67		-0.40897992025754704
F68		-0.41041436982191365
F69		-0.41172314411844929
F70		-0.41291984583741997
F71		-0.41401634002331267
F72		-0.41502300667811354
F73		-0.41594895203820359
F74		-0.41680218612758413
F75		-0.41758977262762154
F76		-0.41831795589421084
F77		-0.41899226901095077
F78		-0.41961762602776542
F79		-0.42019840095083283
F80		-0.42073849558602439
F81		-0.42124139796740806
F82		-0.4217102328042906
F83		-0.42214780513917327
F84		-0.42255663821288814
F85		-0.42293900637281162
F86		-0.42329696372823478
F87		-0.42363236914808444
F88		-0.4239469081058333
F89		-0.42424211180112037
F90		-0.42451937392456901
F91		-0.424779965379324
F92		-0.42502504722816858
F93		-0.42525568209729137
F94		-0.4254728442357017
F95		-0.4256774284019913
F96		-0.42587025772684034
F97		-0.42605209067973415
F98		-0.42622362725126384
F99		-0.42638551444769984
G100		4.3098632475937954E-2
G101		4.3102247616236197E-2
G102		4.310568709804323E-2
G103		4.3108958625387973E-2
G104		4.3112069673003121E-2
G105		4.3115027477574196E-2
G106		4.3117839031922324E-2
G107		4.3120511081676458E-2
G108		4.3123050124047109E-2
G109		4.3125462408363187E-2
G110		4.3127753938077731E-2
G111		4.3129930473987103E-2
G112		4.313199753844249E-2
G113		4.3133960420362605E-2
G114		4.3135824180882985E-2
G115		4.3137593659500421E-2
G116		4.3139273480591191E-2
G117		4.3140868060199802E-2
G118		4.3142381613010011E-2
G119		4.3143818159423683E-2
G120		4.3145181532684575E-2
G121		4.3146475385994414E-2
G122		4.3147703199577413E-2
G123	G122+T122/$B$37	4.3148868287656995E-2
G124		4.3149973805315205E-2
G125		4.3151022755210822E-2
G126		4.3152017994137232E-2
G127		4.3152962239405186E-2
G128		4.3153858075039339E-2
G129		4.3154707957780279E-2
G130		4.315551422288666E-2
G131		4.3156279089733983E-2
G136		Vz
G137	C32	0
G138	G137+T137/$B$37	4.1006334338756022E-2
G139	G138+T138/$B$37	6.1178886394273213E-2
G140		7.2023061515569226E-2
G141		7.8416625509207569E-2
G142		8.2473622239013847E-2
G143		8.5201058820525796E-2
G144		8.7108720978272797E-2
G145		8.8481343956338068E-2
G146		8.9488487162163455E-2
G147		9.0235025390399765E-2
G148		9.079049042153356E-2
G149		9.120303429627237E-2
G150		9.1507006620437537E-2
G151		9.1727513471141137E-2
G152		9.1883276339746842E-2
G153		9.1988437566585965E-2
G154		9.2053571203331241E-2
G155		9.2087036380574694E-2
G156		9.2095483519154059E-2
G157		9.208423401837447E-2
G158		9.2057567529362963E-2
G159		9.2018941139190985E-2
G160		9.1971157952761964E-2
G161		9.1916497748228118E-2
G162		9.1856818972209736E-2
G163		9.179363890625479E-2
G164		9.1728197083285432E-2
G165		9.1661505760858825E-2
G166		9.1594390327454284E-2
G167		9.1527521831463649E-2
G168		9.1461443311894042E-2
G169		9.1396591226812068E-2
G170		9.1333312986018864E-2
G171		9.1271881373840222E-2
G172		9.1212506478590499E-2
G173		9.1155345614417155E-2
G174		9.1100511619493271E-2
G175		9.1048079835001641E-2
G176		9.0998094006921354E-2
G177		9.0950571303442057E-2
G178		9.0905506601983641E-2
G179		9.0862876169065146E-2
G180		9.0822640831930881E-2
G181		9.0784748721568068E-2
G182		9.0749137651490744E-2
G183		9.07157371845905E-2
G184		9.0684470430809239E-2
G185		9.065525561084592E-2
G186		9.0628007415151007E-2
G187		9.0602638182751133E-2
G188		9.0579058920716521E-2
G189		9.0557180182118474E-2
G190		9.053691281795552E-2
G191		9.0518168616619016E-2
G192		9.0500860842916073E-2
G193		9.0484904687387194E-2
G194		9.0470217635583924E-2
G195		9.0456719766058152E-2
G196		9.0444333985022454E-2
G197		9.0432986204942195E-2
G198		9.0422605473693254E-2
G199		9.0413124060349501E-2
G200		9.0404477503140582E-2
G201		9.0396604624635085E-2
G202		9.0389447518751262E-2
G203	G202+T202/$B$37	9.038295151377404E-2
G204		9.0377065115159957E-2
G205		9.0371739931539463E-2
G206		9.0366930586977867E-2
G207		9.0362594622230771E-2
G208		9.0358692387426859E-2
G209		9.0355186928329834E-2
G210	G209+T209/$B$37	9.0352043868071066E-2
G211		9.034923128600536E-2
G212		9.0346719595122332E-2
G213		9.0344481419245948E-2
G214		9.0342491471072012E-2
G215		9.0340726431929502E-2
G216		9.0339164834002464E-2
G217	G216+T216/$B$37	9.0337786945617185E-2
G218		9.0336574660080743E-2
G219	G218+T218/$B$37	9.0335511388452097E-2
G220		9.033458195653489E-2
G221		9.0333772506299953E-2
G222		9.0333070401875465E-2
G223		9.0332464140181701E-2
G224		9.0331943266235434E-2
G225		9.0331498293104842E-2
G226		9.0331120626458594E-2
G227		9.0330802493622006E-2
G40		r
G41	B32	0
G42		1.5445515455679461E-2
G43		2.5103648372860388E-2
G44		3.1227972871280228E-2
G45		3.5154427392655667E-2
G46	G45+T45/$B$37	3.7699395592751705E-2
G47	G46+T46/$B$37	3.936567696828764E-2
G48		4.0467236737461304E-2
G49	G48+T48/$B$37	4.1201322027078137E-2
G50		4.1694065761810117E-2
G51		4.2027048418558852E-2
G52		4.2253612062447057E-2
G53		4.2408975195243184E-2
G54		4.2516341342087371E-2
G55		4.2591328484675901E-2
G56		4.2644503004444619E-2
G57		4.2683037689212361E-2
G58		4.2711808667045555E-2
G59		4.2734128472447397E-2
G60		4.2752240345685324E-2
G61		4.2767654132960749E-2
G62		4.2781376048458032E-2
G63		4.2794066674565749E-2
G64	G63+T63/$B$37	4.2806150055266119E-2
G65		4.2817889227785559E-2
G66		4.2829438587695709E-2
G67		4.2840880186030106E-2
G68		4.2852248840254591E-2
G69		4.2863549437189112E-2
G70		4.2874768777739013E-2
G71		4.2885883605154461E-2
G72		4.2896865967751399E-2
G73		4.2907686724998936E-2
G74		4.2918317766387895E-2
G75		4.2928733344140692E-2
G76		4.2938910802097552E-2
G77		4.294883089918812E-2
G78		4.2958477866475185E-2
G79		4.2967839294651623E-2
G80		4.2976905919039E-2
G81		4.2985671348021802E-2
G82		4.299413176593922E-2
G83		4.3002285630960986E-2
G84		4.3010133381124409E-2
G85		4.3017677156599002E-2
G86		4.3024920542726275E-2
G87		4.3031868335991645E-2
G88		4.3038526333492054E-2
G89		4.3044901145430199E-2
G90		4.3051000029524743E-2
G91		4.3056830745854972E-2
G92		4.3062401430472748E-2
G93		4.3067720486052494E-2
G94		4.307279648786963E-2
G95		4.3077638103468402E-2
G96		4.3082254024480862E-2
G97		4.3086652909175849E-2
G98		4.3090843334439889E-2
G99		4.3094833756015055E-2
H100		-0.9109493054024449
H101		-0.96998752006219502
H102		-1.0272449060398576
H103		-1.0826141255899053
H104		-1.1359912810839667
H105		-1.1872761259322004
H106		-1.2363722661361205
H107		-1.2831873524580406
H108		-1.3276332631597239
H109		-1.3696262772370316
H110		-1.4090872380575776
H111		-1.4459417072938887
H112		-1.4801201090347249
H113		-1.51155786395145
H114		-1.5401955133941745
H115		-1.5659788332933691
H116		-1.5888589377463838
H117		-1.608792372174439
H118		-1.6257411959438917
H119		-1.6396730543556279
H120		-1.6505612399180571
H121		-1.6583847428321654
H122		-1.6631282906312228
H123	E123*COS(D122)-F123*SIN(D122)	-1.664782376932858
H124		-1.6633432792771794
H125		-1.6588130660412554
H126		-1.6511995924374745
H127		-1.6405164856209686
H128		-1.626783118949279
H129		-1.6100245754557057
H130		-1.5902716006162043
H131		-1.5675605445082121
H133	H131/0.514	-3.0497286858136423
H135		Speed (Global Coords)
H136		VX0
H137		0
H138	E138*COS(D137)-F138*SIN(D137)	3.4653211207688699
H139	E139*COS(D138)-F139*SIN(D138)	3.086434444846426
H140		2.8035807877278085
H141		2.577640071503347
H142		2.3904264213540607
H143		2.2281835816489179
H144		2.0835565956333362
H145		1.9512750220034012
H146		1.8269162122674549
H147		1.7077077127678983
H148		1.5916490814881032
H149		1.4772113797169026
H150		1.3632337728967059
H151		1.2488531225533597
H152		1.13344278717903
H153		1.0165495028009761
H154		0.89801832891850308
H155		0.77784221428744382
H156		0.65614586812340092
H157		0.53317159373815481
H158		0.40926627796346793
H159		0.28486902537726017
H160		0.16049912652601633
H161		3.6744185893893166E-2
H162		-8.575167123739047E-2
H163		-0.20629953028947312
H164		-0.32417733179023639
H165		-0.43864137538123987
H166		-0.54893761301304966
H167		-0.65431265159232854
H168		-0.75402438173031971
H169		-0.84735214979995721
H170		-0.93360639409383217
H171		-1.0121376716191501
H172		-1.0823450093009497
H173		-1.143683521573863
H174		-1.1956712451236942
H175		-1.2378951505822822
H176		-1.2700163000444404
H177		-1.2917741281854729
H178		-1.302989833380952
H179		-1.30356887347527
H180		-1.2935025686511714
H181		-1.272868821182807
H182		-1.2418319686922679
H183		-1.2006417938703497
H184		-1.1496317194722561
H185		-1.0892162227700377
H186		-1.0198875085509962
H187		-0.942211484211253
H188		-0.85682308452189093
H189		-0.76442099725530421
H190		-0.66576184406294736
H191		-0.56165387380090015
H192		-0.45295022791192663
H193		-0.34054183949449179
H194		-0.22535002932049486
H195		-0.10831886330224882
H196		9.5926632480170526E-3
H197		0.12741854878045356
H198		0.24419375026849
H199		0.3589621241166121
H200		0.47078427854678057
H201		0.57874527399223852
H202		0.68196210963729897
H203	E203*COS(D202)-F203*SIN(D202)	0.77959093626126341
H204		0.8708339379678679
H205		0.95494582819941476
H206		1.0312399086345372
H207		1.0990936431343161
H208		1.1579537028138382
H209		1.2073404425521466
H210	E210*COS(D209)-F210*SIN(D209)	1.2468517737866618
H211		1.2761664032388251
H212		1.2950464122533925
H213		1.3033391566690771
H214		1.3009784725352072
H215		1.2879851785078602
H216		1.264466871357711
H217	E217*COS(D216)-F217*SIN(D216)	1.2306170166576258
H218		1.1867133423467533
H219	E219*COS(D218)-F219*SIN(D218)	1.1331155484449813
H220		1.0702623516725593
H221		0.99866788907007276
H222		0.91891750987035992
H223		0.83166298980400377
H224		0.73761720668301378
H225		0.63754832046446674
H226		0.53227350501084247
H227		0.42265228240278163
H39		Speed (Global Coords)
H40		VX0
H41		0
H42	E42*COS(D41)-F42*SIN(D41)	3.5390825612042978
H43	E43*COS(D42)-F43*SIN(D42)	3.2025722574154205
H44	E44*COS(D43)-F44*SIN(D43)	2.9438332701664893
H45	E45*COS(D44)-F45*SIN(D44)	2.7388818242949355
H46	E46*COS(D45)-F46*SIN(D45)	2.5725833683668058
H47		2.4354120506367765
H48		2.3201436131051585
H49		2.2218917043356061
H50		2.1369400290527856
H51		2.0624042890947236
H52		1.9960061810969707
H53		1.9357494171315786
H54		1.8802203321396234
H55		1.8282618112528939
H56		1.7789204311274938
H57		1.7314068782251297
H58		1.6850658012465836
H59		1.6393524879105814
H60		1.5938145594735196
H61		1.5480774106604218
H62		1.5018324848080336
H63		1.4548277236597593
H64	E64*COS(D63)-F64*SIN(D63)	1.4068597059925989
H65		1.3577671132776392
H66		1.3074252497225676
H67		1.2557414088780241
H68		1.2026509266586796
H69		1.1481137960431023
H70		1.092111745287025
H71		1.0346457016137336
H72		0.97573357774006919
H73		0.91540833048219072
H74		0.85371624994875528
H75		0.79071544511788305
H76		0.72647449738393211
H77		0.66107125830289715
H78		0.59459177152349463
H79		0.52712930196131669
H80		0.45878345780420232
H81		0.38965939304070651
H82		0.319867079966273
H83		0.24952064260955645
H84		0.17873774328550923
H85		0.10763901556232636
H86		3.634753785756184E-2
H87		-3.5011657320334344E-2
H88		-0.10631204277521983
H89		-0.17742602835893062
H90		-0.24822536820274088
H91		-0.31858154615068446
H92		-0.38836614170169415
H93		-0.45745117841898775
H94		-0.52570945646074607
H95		-0.59301487062047431
H96		-0.65924271503375276
H97		-0.72426997550637284
H98		-0.78797561024354534
H99		-0.85024081960787656
I100		1.3951021048285535
I101		1.3545600800633195
I102		1.3115198532820338
I103		1.2660585299492142
I104		1.218258009534354
I105		1.168204808820936
I106		1.1159898786894817
I107		1.0617084145426152
I108		1.0054596605628539
I109		0.94734670801640419
I110		0.88747628783836707
I111		0.82595855775621618
I112		0.76290688422904696
I113		0.69843761949971106
I114		0.63266987407553721
I115		0.56572528497072838
I116		0.49772778005971874
I117		0.42880333890571065
I118		0.35907975044228507
I119		0.28868636789836188
I120		0.21775386136788361
I121		0.14641396843542592
I122		7.4799243277497263E-2
I123	F123*COS(D122)+E123*SIN(D122)	3.0428046665847974E-3
I124		-6.8721916688900708E-2
I125		-0.14036143103078419
I126		-0.21174244222168859
I127		-0.28273209975579772
I128		-0.35319824966422808
I129		-0.42300968386913779
I130		-0.49203638754151924
I131		-0.56014978401948301
I136		VY0
I137		0
I138	F138*COS(D137)+E138*SIN(D137)	-0.11609265523927083
I139	F139*COS(D138)+E139*SIN(D138)	-8.6185487042615722E-2
I140		-2.8301649882335744E-3
I141		9.978927022249473E-2
I142		0.20864010585453507
I143		0.31775080257138155
I144		0.42474594670771498
I145		0.52855145224594025
I146		0.62827068453614865
I147		0.72349180894445253
I148		0.81394491595437501
I149		0.89935972628498151
I150		0.97943507851887524
I151		1.0538296913461789
I152		1.1221386081726719
I153		1.1837864714954109
I154		1.2383795590320665
I155		1.2855211319060327
I156		1.3248232255990797
I157		1.3559182865518229
I158		1.3784702701534248
I159		1.392184928326635
I160		1.3968190948808847
I161		1.3921888357417511
I162		1.3781763761556536
I163		1.3547357524361232
I164		1.3218971645440944
I165		1.2797700295409982
I166		1.22854475584389
I167		1.1684932749722221
I168		1.099968381585549
I169		1.0234019444004638
I170		0.93930206028547181
I171		0.84824923165720967
I172		0.75089165340740838
I173		0.6479397001316145
I174		0.54015970755643394
I175		0.42836714391689257
I176		0.31341926776097362
I177		0.19620736839106101
I178		7.7648684021755121E-2
I179		-4.1321909138643476E-2
I180		-0.159760346179047
I181		-0.27672187348032112
I182		-0.39126951522560316
I183		-0.50248242608824811
I184		-0.60946405391659431
I185		-0.71135004064637986
I186		-0.8073157942952579
I187		-0.89658366969542247
I188		-0.97842970057270628
I189		-1.0521898306621962
I190		-1.1172655967439475
I191		-1.1731292217730986
I192		-1.2193280816534593
I193		-1.2554885146498036
I194		-1.2813189479385487
I195		-1.2966123213450373
I196		-1.3012477938923399
I197		-1.2951917243733768
I198		-1.2784979227349988
I199		-1.2513071746068087
I200		-1.2138460467940513
I201		-1.1664249869557415
I202		-1.1094357359773663
I203	F203*COS(D202)+E203*SIN(D202)	-1.0433480766913956
I204		-0.96870594756672379
I205		-0.88612295474752145
I206		-0.79627732033992671
I207		-0.69990630908898599
I208		-0.59780017952613207
I209		-0.49079570926851701
I210	F210*COS(D209)+E210*SIN(D209)	-0.37976934738632706
I211		-0.26563004959557035
I212		-0.14931185445695283
I213		-3.1766260744293784E-2
I214		8.604553233030604E-2
I215		0.20316045929811127
I216		0.3186214337227512
I217	F217*COS(D216)+E217*SIN(D216)	0.43148514122815823
I218		0.54082971732582819
I219	F219*COS(D218)+E219*SIN(D218)	0.64576224802808602
I220		0.74542603265310914
I221		0.83900755013063899
I222		0.925743072491506
I223		1.0049248720523558
I224		1.0759069720681642
I225		1.1381103942945356
I226		1.1910278609509177
I227		1.2342279129730183
I40		VY0
I41		0
I42	F42*COS(D41)+E42*SIN(D41)	-8.5166644826865354E-2
I43	F43*COS(D42)+E43*SIN(D42)	-9.7635380601769559E-2
I44	F44*COS(D43)+E44*SIN(D43)	-7.4668376254182461E-2
I45	F45*COS(D44)+E45*SIN(D44)	-3.401959603850338E-2
I46	F46*COS(D45)+E46*SIN(D45)	1.542803300490736E-2
I47		6.9222991309063564E-2
I48		0.12504989032219621
I49		0.18179195311701563
I50		0.2389124122061555
I51		0.29616564532497092
I52		0.353443950784737
I53		0.41062619780531517
I54		0.46768432329382614
I55		0.52458780070591227
I56		0.5812940718546844
I57		0.63774500720334348
I58		0.69386657084174019
I59		0.74957011252633099
I60		0.80475440625246542
I61		0.85930794861315996
I62		0.91311125415932082
I63		0.96603901270871906
I64	F64*COS(D63)+E64*SIN(D63)	1.0179620462059893
I65		1.0687490436185025
I66		1.1182680748124263
I67		1.1663878961120511
I68		1.2129790658080848
I69		1.257914889891272
I70		1.3010722183053418
I71		1.3423321109581547
I72		1.3815803911440478
I73		1.4187081022305283
I74		1.4536118816306607
I75		1.4861942643201556
I76		1.5163639265183804
I77		1.5440358786596706
I78		1.5691316154428225
I79		1.5915792295601823
I80		1.6113134946654879
I81		1.628275922231029
I82		1.6424147961579689
I83		1.6536851883267847
I84		1.6620489576960025
I85		1.6674747350656201
I86		1.6699378952064883
I87		1.6694205177089738
I88		1.665911337614878
I89		1.6594056866580631
I90		1.649905425744588
I91		1.6374188691462672
I92		1.6219607007568873
I93		1.6035518826631057
I94		1.5822195562080523
I95		1.5579969356711543
I96		1.5309231946495274
I97		1.5010433452016234
I98		1.4684081098002708
I99		1.4330737861377771
J100		4.3098632475937954E-2
J101		4.3102247616236197E-2
J102		4.310568709804323E-2
J103		4.3108958625387973E-2
J104		4.3112069673003121E-2
J105		4.3115027477574196E-2
J106		4.3117839031922324E-2
J107		4.3120511081676458E-2
J108		4.3123050124047109E-2
J109		4.3125462408363187E-2
J110		4.3127753938077731E-2
J111		4.3129930473987103E-2
J112		4.313199753844249E-2
J113		4.3133960420362605E-2
J114		4.3135824180882985E-2
J115		4.3137593659500421E-2
J116		4.3139273480591191E-2
J117		4.3140868060199802E-2
J118		4.3142381613010011E-2
J119		4.3143818159423683E-2
J120		4.3145181532684575E-2
J121		4.3146475385994414E-2
J122		4.3147703199577413E-2
J123	G123	4.3148868287656995E-2
J124		4.3149973805315205E-2
J125		4.3151022755210822E-2
J126		4.3152017994137232E-2
J127		4.3152962239405186E-2
J128		4.3153858075039339E-2
J129		4.3154707957780279E-2
J130		4.315551422288666E-2
J131		4.3156279089733983E-2
J136		VZ0
J137		0
J138	G138	4.1006334338756022E-2
J139	G139	6.1178886394273213E-2
J140		7.2023061515569226E-2
J141		7.8416625509207569E-2
J142		8.2473622239013847E-2
J143		8.5201058820525796E-2
J144		8.7108720978272797E-2
J145		8.8481343956338068E-2
J146		8.9488487162163455E-2
J147		9.0235025390399765E-2
J148		9.079049042153356E-2
J149		9.120303429627237E-2
J150		9.1507006620437537E-2
J151		9.1727513471141137E-2
J152		9.1883276339746842E-2
J153		9.1988437566585965E-2
J154		9.2053571203331241E-2
J155		9.2087036380574694E-2
J156		9.2095483519154059E-2
J157		9.208423401837447E-2
J158		9.2057567529362963E-2
J159		9.2018941139190985E-2
J160		9.1971157952761964E-2
J161		9.1916497748228118E-2
J162		9.1856818972209736E-2
J163		9.179363890625479E-2
J164		9.1728197083285432E-2
J165		9.1661505760858825E-2
J166		9.1594390327454284E-2
J167		9.1527521831463649E-2
J168		9.1461443311894042E-2
J169		9.1396591226812068E-2
J170		9.1333312986018864E-2
J171		9.1271881373840222E-2
J172		9.1212506478590499E-2
J173		9.1155345614417155E-2
J174		9.1100511619493271E-2
J175		9.1048079835001641E-2
J176		9.0998094006921354E-2
J177		9.0950571303442057E-2
J178		9.0905506601983641E-2
J179		9.0862876169065146E-2
J180		9.0822640831930881E-2
J181		9.0784748721568068E-2
J182		9.0749137651490744E-2
J183		9.07157371845905E-2
J184		9.0684470430809239E-2
J185		9.065525561084592E-2
J186		9.0628007415151007E-2
J187		9.0602638182751133E-2
J188		9.0579058920716521E-2
J189		9.0557180182118474E-2
J190		9.053691281795552E-2
J191		9.0518168616619016E-2
J192		9.0500860842916073E-2
J193		9.0484904687387194E-2
J194		9.0470217635583924E-2
J195		9.0456719766058152E-2
J196		9.0444333985022454E-2
J197		9.0432986204942195E-2
J198		9.0422605473693254E-2
J199		9.0413124060349501E-2
J200		9.0404477503140582E-2
J201		9.0396604624635085E-2
J202		9.0389447518751262E-2
J203	G203	9.038295151377404E-2
J204		9.0377065115159957E-2
J205		9.0371739931539463E-2
J206		9.0366930586977867E-2
J207		9.0362594622230771E-2
J208		9.0358692387426859E-2
J209		9.0355186928329834E-2
J210	G210	9.0352043868071066E-2
J211		9.034923128600536E-2
J212		9.0346719595122332E-2
J213		9.0344481419245948E-2
J214		9.0342491471072012E-2
J215		9.0340726431929502E-2
J216		9.0339164834002464E-2
J217	G217	9.0337786945617185E-2
J218		9.0336574660080743E-2
J219	G219	9.0335511388452097E-2
J220		9.033458195653489E-2
J221		9.0333772506299953E-2
J222		9.0333070401875465E-2
J223		9.0332464140181701E-2
J224		9.0331943266235434E-2
J225		9.0331498293104842E-2
J226		9.0331120626458594E-2
J227		9.0330802493622006E-2
J40		VZ0
J41		0
J42	G42	1.5445515455679461E-2
J43	G43	2.5103648372860388E-2
J44	G44	3.1227972871280228E-2
J45	G45	3.5154427392655667E-2
J46	G46	3.7699395592751705E-2
J47	G47	3.936567696828764E-2
J48		4.0467236737461304E-2
J49	G49	4.1201322027078137E-2
J50		4.1694065761810117E-2
J51		4.2027048418558852E-2
J52		4.2253612062447057E-2
J53		4.2408975195243184E-2
J54		4.2516341342087371E-2
J55		4.2591328484675901E-2
J56		4.2644503004444619E-2
J57		4.2683037689212361E-2
J58		4.2711808667045555E-2
J59		4.2734128472447397E-2
J60		4.2752240345685324E-2
J61		4.2767654132960749E-2
J62		4.2781376048458032E-2
J63		4.2794066674565749E-2
J64	G64	4.2806150055266119E-2
J65		4.2817889227785559E-2
J66		4.2829438587695709E-2
J67		4.2840880186030106E-2
J68		4.2852248840254591E-2
J69		4.2863549437189112E-2
J70		4.2874768777739013E-2
J71		4.2885883605154461E-2
J72		4.2896865967751399E-2
J73		4.2907686724998936E-2
J74		4.2918317766387895E-2
J75		4.2928733344140692E-2
J76		4.2938910802097552E-2
J77		4.294883089918812E-2
J78		4.2958477866475185E-2
J79		4.2967839294651623E-2
J80		4.2976905919039E-2
J81		4.2985671348021802E-2
J82		4.299413176593922E-2
J83		4.3002285630960986E-2
J84		4.3010133381124409E-2
J85		4.3017677156599002E-2
J86		4.3024920542726275E-2
J87		4.3031868335991645E-2
J88		4.3038526333492054E-2
J89		4.3044901145430199E-2
J90		4.3051000029524743E-2
J91		4.3056830745854972E-2
J92		4.3062401430472748E-2
J93		4.3067720486052494E-2
J94		4.307279648786963E-2
J95		4.3077638103468402E-2
J96		4.3082254024480862E-2
J97		4.3086652909175849E-2
J98		4.3090843334439889E-2
J99		4.3094833756015055E-2
K100	-Lininterp(Powering!$A$55:$A$71,Powering!$G$55:$G$71,E100/0.514)	-399.38559362607947
K101	-Lininterp(Powering!$A$55:$A$71,Powering!$G$55:$G$71,E101/0.514)	-399.29162574432206
K102	-Lininterp(Powering!$A$55:$A$71,Powering!$G$55:$G$71,E102/0.514)	-399.2051466658059
K103	-Lininterp(Powering!$A$55:$A$71,Powering!$G$55:$G$71,E103/0.514)	-399.12543691771651
K104	-Lininterp(Powering!$A$55:$A$71,Powering!$G$55:$G$71,E104/0.514)	-399.0518561892053
K105	-Lininterp(Powering!$A$55:$A$71,Powering!$G$55:$G$71,E105/0.514)	-398.98383393504918
K106	-Lininterp(Powering!$A$55:$A$71,Powering!$G$55:$G$71,E106/0.514)	-398.92086113669035
K107	-Lininterp(Powering!$A$55:$A$71,Powering!$G$55:$G$71,E107/0.514)	-398.86248307545998
K108	-Lininterp(Powering!$A$55:$A$71,Powering!$G$55:$G$71,E108/0.514)	-398.80829299121945
K109	-Lininterp(Powering!$A$55:$A$71,Powering!$G$55:$G$71,E109/0.514)	-398.75792651571533
K110	-Lininterp(Powering!$A$55:$A$71,Powering!$G$55:$G$71,E110/0.514)	-398.71105678394815
K111	-Lininterp(Powering!$A$55:$A$71,Powering!$G$55:$G$71,E111/0.514)	-398.66739013906727
K112	-Lininterp(Powering!$A$55:$A$71,Powering!$G$55:$G$71,E112/0.514)	-398.62666235696076
K113	-Lininterp(Powering!$A$55:$A$71,Powering!$G$55:$G$71,E113/0.514)	-398.58863532601225
K114	-Lininterp(Powering!$A$55:$A$71,Powering!$G$55:$G$71,E114/0.514)	-398.55309412560825
K115	-Lininterp(Powering!$A$55:$A$71,Powering!$G$55:$G$71,E115/0.514)	-398.51984445407106
K116	-Lininterp(Powering!$A$55:$A$71,Powering!$G$55:$G$71,E116/0.514)	-398.48871036288108
K117	-Lininterp(Powering!$A$55:$A$71,Powering!$G$55:$G$71,E117/0.514)	-398.4595322594551
K118	-Lininterp(Powering!$A$55:$A$71,Powering!$G$55:$G$71,E118/0.514)	-398.43216514547441
K119	-Lininterp(Powering!$A$55:$A$71,Powering!$G$55:$G$71,E119/0.514)	-398.40647706187747
K120	-Lininterp(Powering!$A$55:$A$71,Powering!$G$55:$G$71,E120/0.514)	-398.38234771524236
K121	-Lininterp(Powering!$A$55:$A$71,Powering!$G$55:$G$71,E121/0.514)	-398.3596672634327
K122	-Lininterp(Powering!$A$55:$A$71,Powering!$G$55:$G$71,E122/0.514)	-398.33833524113675
K123	-Lininterp(Powering!$A$55:$A$71,Powering!$G$55:$G$71,E123/0.514)	-398.31825960833538
K124	-Lininterp(Powering!$A$55:$A$71,Powering!$G$55:$G$71,E124/0.514)	-398.2993559068463
K125	-Lininterp(Powering!$A$55:$A$71,Powering!$G$55:$G$71,E125/0.514)	-398.28154651192403
K126	-Lininterp(Powering!$A$55:$A$71,Powering!$G$55:$G$71,E126/0.514)	-398.26475996751572
K127	-Lininterp(Powering!$A$55:$A$71,Powering!$G$55:$G$71,E127/0.514)	-398.24893039517315
K128	-Lininterp(Powering!$A$55:$A$71,Powering!$G$55:$G$71,E128/0.514)	-398.23399696785992
K129	-Lininterp(Powering!$A$55:$A$71,Powering!$G$55:$G$71,E129/0.514)	-398.21990344096611
K130	-Lininterp(Powering!$A$55:$A$71,Powering!$G$55:$G$71,E130/0.514)	-398.20659773379037
K131	-Lininterp(Powering!$A$55:$A$71,Powering!$G$55:$G$71,E131/0.514)	-398.19403155557325
K135		Drag
K136		
K137	-Lininterp(Powering!$A$55:$A$71,Powering!$Y$55:$Y$71,E137/0.514)	-1646.4386422496775
K138	-Lininterp(Powering!$A$55:$A$71,Powering!$Y$55:$Y$71,E138/0.514)	-1132.1990948596792
K139	-Lininterp(Powering!$A$55:$A$71,Powering!$Y$55:$Y$71,E139/0.514)	-801.48592796684545
K140	-Lininterp(Powering!$A$55:$A$71,Powering!$Y$55:$Y$71,E140/0.514)	-641.5876682852188
K141	-Lininterp(Powering!$A$55:$A$71,Powering!$Y$55:$Y$71,E141/0.514)	-516.4339974731954
K142	-Lininterp(Powering!$A$55:$A$71,Powering!$Y$55:$Y$71,E142/0.514)	-445.6869010691687
K143	-Lininterp(Powering!$A$55:$A$71,Powering!$Y$55:$Y$71,E143/0.514)	-386.62772189420991
K144	-Lininterp(Powering!$A$55:$A$71,Powering!$Y$55:$Y$71,E144/0.514)	-336.82000505925441
K145	-Lininterp(Powering!$A$55:$A$71,Powering!$Y$55:$Y$71,E145/0.514)	-304.38463597258686
K146	-Lininterp(Powering!$A$55:$A$71,Powering!$Y$55:$Y$71,E146/0.514)	-278.2170469359159
K147	-Lininterp(Powering!$A$55:$A$71,Powering!$Y$55:$Y$71,E147/0.514)	-255.52311296949307
K148	-Lininterp(Powering!$A$55:$A$71,Powering!$Y$55:$Y$71,E148/0.514)	-235.76101889433477
K149	-Lininterp(Powering!$A$55:$A$71,Powering!$Y$55:$Y$71,E149/0.514)	-218.49558526089268
K150	-Lininterp(Powering!$A$55:$A$71,Powering!$Y$55:$Y$71,E150/0.514)	-203.37232295490915
K151	-Lininterp(Powering!$A$55:$A$71,Powering!$Y$55:$Y$71,E151/0.514)	-190.53187661718482
K152	-Lininterp(Powering!$A$55:$A$71,Powering!$Y$55:$Y$71,E152/0.514)	-182.00168413181009
K153	-Lininterp(Powering!$A$55:$A$71,Powering!$Y$55:$Y$71,E153/0.514)	-174.45532026561688
K154	-Lininterp(Powering!$A$55:$A$71,Powering!$Y$55:$Y$71,E154/0.514)	-167.77508801440496
K155	-Lininterp(Powering!$A$55:$A$71,Powering!$Y$55:$Y$71,E155/0.514)	-161.85975031051214
K156	-Lininterp(Powering!$A$55:$A$71,Powering!$Y$55:$Y$71,E156/0.514)	-156.6216403378379
K157	-Lininterp(Powering!$A$55:$A$71,Powering!$Y$55:$Y$71,E157/0.514)	-151.9843945039018
K158	-Lininterp(Powering!$A$55:$A$71,Powering!$Y$55:$Y$71,E158/0.514)	-147.88115239058752
K159	-Lininterp(Powering!$A$55:$A$71,Powering!$Y$55:$Y$71,E159/0.514)	-144.25311160278358
K160	-Lininterp(Powering!$A$55:$A$71,Powering!$Y$55:$Y$71,E160/0.514)	-141.04835558689558
K161	-Lininterp(Powering!$A$55:$A$71,Powering!$Y$55:$Y$71,E161/0.514)	-138.22089371066573
K162	-Lininterp(Powering!$A$55:$A$71,Powering!$Y$55:$Y$71,E162/0.514)	-135.72986806445689
K163	-Lininterp(Powering!$A$55:$A$71,Powering!$Y$55:$Y$71,E163/0.514)	-133.5388924421959
K164	-Lininterp(Powering!$A$55:$A$71,Powering!$Y$55:$Y$71,E164/0.514)	-131.61549703714945
K165	-Lininterp(Powering!$A$55:$A$71,Powering!$Y$55:$Y$71,E165/0.514)	-129.93065838878022
K166	-Lininterp(Powering!$A$55:$A$71,Powering!$Y$55:$Y$71,E166/0.514)	-128.45839862294855
K167	-Lininterp(Powering!$A$55:$A$71,Powering!$Y$55:$Y$71,E167/0.514)	-127.17544144380901
K168	-Lininterp(Powering!$A$55:$A$71,Powering!$Y$55:$Y$71,E168/0.514)	-126.06091494834152
K169	-Lininterp(Powering!$A$55:$A$71,Powering!$Y$55:$Y$71,E169/0.514)	-125.09609334862526
K170	-Lininterp(Powering!$A$55:$A$71,Powering!$Y$55:$Y$71,E170/0.514)	-124.26417125125801
K171	-Lininterp(Powering!$A$55:$A$71,Powering!$Y$55:$Y$71,E171/0.514)	-123.55006536647446
K172	-Lininterp(Powering!$A$55:$A$71,Powering!$Y$55:$Y$71,E172/0.514)	-122.94023948193292
K173	-Lininterp(Powering!$A$55:$A$71,Powering!$Y$55:$Y$71,E173/0.514)	-122.42254929780776
K174	-Lininterp(Powering!$A$55:$A$71,Powering!$Y$55:$Y$71,E174/0.514)	-121.98610432589177
K175	-Lininterp(Powering!$A$55:$A$71,Powering!$Y$55:$Y$71,E175/0.514)	-121.62114454012357
K176	-Lininterp(Powering!$A$55:$A$71,Powering!$Y$55:$Y$71,E176/0.514)	-121.31892985547148
K177	-Lininterp(Powering!$A$55:$A$71,Powering!$Y$55:$Y$71,E177/0.514)	-121.07164082656961
K178	-Lininterp(Powering!$A$55:$A$71,Powering!$Y$55:$Y$71,E178/0.514)	-120.87228921248804
K179	-Lininterp(Powering!$A$55:$A$71,Powering!$Y$55:$Y$71,E179/0.514)	-120.71463726168551
K180	-Lininterp(Powering!$A$55:$A$71,Powering!$Y$55:$Y$71,E180/0.514)	-120.59312474104061
K181	-Lininterp(Powering!$A$55:$A$71,Powering!$Y$55:$Y$71,E181/0.514)	-120.50280287237976
K182	-Lininterp(Powering!$A$55:$A$71,Powering!$Y$55:$Y$71,E182/0.514)	-120.43927445503871
K183	-Lininterp(Powering!$A$55:$A$71,Powering!$Y$55:$Y$71,E183/0.514)	-120.39863954841664
K184	-Lininterp(Powering!$A$55:$A$71,Powering!$Y$55:$Y$71,E184/0.514)	-120.37744616795734
K185	-Lininterp(Powering!$A$55:$A$71,Powering!$Y$55:$Y$71,E185/0.514)	-120.37264551452461
K186	-Lininterp(Powering!$A$55:$A$71,Powering!$Y$55:$Y$71,E186/0.514)	-120.38155131313934
K187	-Lininterp(Powering!$A$55:$A$71,Powering!$Y$55:$Y$71,E187/0.514)	-120.40180288445035
K188	-Lininterp(Powering!$A$55:$A$71,Powering!$Y$55:$Y$71,E188/0.514)	-120.43133161268258
K189	-Lininterp(Powering!$A$55:$A$71,Powering!$Y$55:$Y$71,E189/0.514)	-120.46833050841123
K190	-Lininterp(Powering!$A$55:$A$71,Powering!$Y$55:$Y$71,E190/0.514)	-120.51122659436493
K191	-Lininterp(Powering!$A$55:$A$71,Powering!$Y$55:$Y$71,E191/0.514)	-120.55865586839403
K192	-Lininterp(Powering!$A$55:$A$71,Powering!$Y$55:$Y$71,E192/0.514)	-120.60944062042407
K193	-Lininterp(Powering!$A$55:$A$71,Powering!$Y$55:$Y$71,E193/0.514)	-120.66256890018821
K194	-Lininterp(Powering!$A$55:$A$71,Powering!$Y$55:$Y$71,E194/0.514)	-120.71717595024145
K195	-Lininterp(Powering!$A$55:$A$71,Powering!$Y$55:$Y$71,E195/0.514)	-120.77252743455936
K196	-Lininterp(Powering!$A$55:$A$71,Powering!$Y$55:$Y$71,E196/0.514)	-120.8280043072064
K197	-Lininterp(Powering!$A$55:$A$71,Powering!$Y$55:$Y$71,E197/0.514)	-120.88308917836274
K198	-Lininterp(Powering!$A$55:$A$71,Powering!$Y$55:$Y$71,E198/0.514)	-120.93735404661288
K199	-Lininterp(Powering!$A$55:$A$71,Powering!$Y$55:$Y$71,E199/0.514)	-120.99044927698583
K200	-Lininterp(Powering!$A$55:$A$71,Powering!$Y$55:$Y$71,E200/0.514)	-121.04209371392248
K201	-Lininterp(Powering!$A$55:$A$71,Powering!$Y$55:$Y$71,E201/0.514)	-121.09206582723644
K202	-Lininterp(Powering!$A$55:$A$71,Powering!$Y$55:$Y$71,E202/0.514)	-121.1401957973209
K203	-Lininterp(Powering!$A$55:$A$71,Powering!$Y$55:$Y$71,E203/0.514)	-121.18635845340248
K204	-Lininterp(Powering!$A$55:$A$71,Powering!$Y$55:$Y$71,E204/0.514)	-121.23046698562473
K205	-Lininterp(Powering!$A$55:$A$71,Powering!$Y$55:$Y$71,E205/0.514)	-121.27246735819895
K206	-Lininterp(Powering!$A$55:$A$71,Powering!$Y$55:$Y$71,E206/0.514)	-121.31233335684055
K207	-Lininterp(Powering!$A$55:$A$71,Powering!$Y$55:$Y$71,E207/0.514)	-121.35006220925163
K208	-Lininterp(Powering!$A$55:$A$71,Powering!$Y$55:$Y$71,E208/0.514)	-121.38567072254381
K209	-Lininterp(Powering!$A$55:$A$71,Powering!$Y$55:$Y$71,E209/0.514)	-121.41919188625454
K210	-Lininterp(Powering!$A$55:$A$71,Powering!$Y$55:$Y$71,E210/0.514)	-121.4506718940184
K211	-Lininterp(Powering!$A$55:$A$71,Powering!$Y$55:$Y$71,E211/0.514)	-121.48016754103418
K212	-Lininterp(Powering!$A$55:$A$71,Powering!$Y$55:$Y$71,E212/0.514)	-121.50774395824477
K213	-Lininterp(Powering!$A$55:$A$71,Powering!$Y$55:$Y$71,E213/0.514)	-121.53347264763762
K214	-Lininterp(Powering!$A$55:$A$71,Powering!$Y$55:$Y$71,E214/0.514)	-121.55742978629453
K215	-Lininterp(Powering!$A$55:$A$71,Powering!$Y$55:$Y$71,E215/0.514)	-121.57969476979393
K216	-Lininterp(Powering!$A$55:$A$71,Powering!$Y$55:$Y$71,E216/0.514)	-121.60034896830825
K217	-Lininterp(Powering!$A$55:$A$71,Powering!$Y$55:$Y$71,E217/0.514)	-121.61947467125904
K218	-Lininterp(Powering!$A$55:$A$71,Powering!$Y$55:$Y$71,E218/0.514)	-121.63715419871156
K219	-Lininterp(Powering!$A$55:$A$71,Powering!$Y$55:$Y$71,E219/0.514)	-121.65346915981554
K220	-Lininterp(Powering!$A$55:$A$71,Powering!$Y$55:$Y$71,E220/0.514)	-121.66849984055091
K221	-Lininterp(Powering!$A$55:$A$71,Powering!$Y$55:$Y$71,E221/0.514)	-121.68232470481942
K222	-Lininterp(Powering!$A$55:$A$71,Powering!$Y$55:$Y$71,E222/0.514)	-121.69501999455662
K223	-Lininterp(Powering!$A$55:$A$71,Powering!$Y$55:$Y$71,E223/0.514)	-121.70665941602613
K224	-Lininterp(Powering!$A$55:$A$71,Powering!$Y$55:$Y$71,E224/0.514)	-121.71731390081581
K225	-Lininterp(Powering!$A$55:$A$71,Powering!$Y$55:$Y$71,E225/0.514)	-121.72705143128955
K226	-Lininterp(Powering!$A$55:$A$71,Powering!$Y$55:$Y$71,E226/0.514)	-121.73593692136947
K227	-Lininterp(Powering!$A$55:$A$71,Powering!$Y$55:$Y$71,E227/0.514)	-121.74403214454289
K38		Forces (ship coords)
K39		Drag
K40		
K41	-Lininterp(Powering!$A$55:$A$71,Powering!$G$55:$G$71,E41/0.514)	-3007.0101167315174
K42	-Lininterp(Powering!$A$55:$A$71,Powering!$G$55:$G$71,E42/0.514)	-2047.1298511129032
K43	-Lininterp(Powering!$A$55:$A$71,Powering!$G$55:$G$71,E43/0.514)	-1601.0208515649517
K44	-Lininterp(Powering!$A$55:$A$71,Powering!$G$55:$G$71,E44/0.514)	-1321.9270755741479
K45	-Lininterp(Powering!$A$55:$A$71,Powering!$G$55:$G$71,E45/0.514)	-1142.1248595155316
K46	-Lininterp(Powering!$A$55:$A$71,Powering!$G$55:$G$71,E46/0.514)	-997.63452472595532
K47	-Lininterp(Powering!$A$55:$A$71,Powering!$G$55:$G$71,E47/0.514)	-899.38905082536303
K48	-Lininterp(Powering!$A$55:$A$71,Powering!$G$55:$G$71,E48/0.514)	-817.66607438812741
K49	-Lininterp(Powering!$A$55:$A$71,Powering!$G$55:$G$71,E49/0.514)	-749.21748324111638
K50	-Lininterp(Powering!$A$55:$A$71,Powering!$G$55:$G$71,E50/0.514)	-691.55645510675367
K51	-Lininterp(Powering!$A$55:$A$71,Powering!$G$55:$G$71,E51/0.514)	-642.84643149172211
K52	-Lininterp(Powering!$A$55:$A$71,Powering!$G$55:$G$71,E52/0.514)	-610.57336279829747
K53	-Lininterp(Powering!$A$55:$A$71,Powering!$G$55:$G$71,E53/0.514)	-582.93485542974213
K54	-Lininterp(Powering!$A$55:$A$71,Powering!$G$55:$G$71,E54/0.514)	-559.19163292610051
K55	-Lininterp(Powering!$A$55:$A$71,Powering!$G$55:$G$71,E55/0.514)	-538.73887808158895
K56	-Lininterp(Powering!$A$55:$A$71,Powering!$G$55:$G$71,E56/0.514)	-521.07795050748769
K57	-Lininterp(Powering!$A$55:$A$71,Powering!$G$55:$G$71,E57/0.514)	-505.7949411729208
K58	-Lininterp(Powering!$A$55:$A$71,Powering!$G$55:$G$71,E58/0.514)	-492.54419916695247
K59	-Lininterp(Powering!$A$55:$A$71,Powering!$G$55:$G$71,E59/0.514)	-481.03552963016858
K60	-Lininterp(Powering!$A$55:$A$71,Powering!$G$55:$G$71,E60/0.514)	-471.02413881805074
K61	-Lininterp(Powering!$A$55:$A$71,Powering!$G$55:$G$71,E61/0.514)	-462.30265989092993
K62	-Lininterp(Powering!$A$55:$A$71,Powering!$G$55:$G$71,E62/0.514)	-454.69477227568257
K63	-Lininterp(Powering!$A$55:$A$71,Powering!$G$55:$G$71,E63/0.514)	-448.05005410378448
K64	-Lininterp(Powering!$A$55:$A$71,Powering!$G$55:$G$71,E64/0.514)	-442.23979795543664
K65	-Lininterp(Powering!$A$55:$A$71,Powering!$G$55:$G$71,E65/0.514)	-437.15358592418386
K66	-Lininterp(Powering!$A$55:$A$71,Powering!$G$55:$G$71,E66/0.514)	-432.69646825190802
K67	-Lininterp(Powering!$A$55:$A$71,Powering!$G$55:$G$71,E67/0.514)	-428.78662551848652
K68	-Lininterp(Powering!$A$55:$A$71,Powering!$G$55:$G$71,E68/0.514)	-425.35342109999283
K69	-Lininterp(Powering!$A$55:$A$71,Powering!$G$55:$G$71,E69/0.514)	-422.33577078563576
K70	-Lininterp(Powering!$A$55:$A$71,Powering!$G$55:$G$71,E70/0.514)	-419.68077180511852
K71	-Lininterp(Powering!$A$55:$A$71,Powering!$G$55:$G$71,E71/0.514)	-417.34254531026556
K72	-Lininterp(Powering!$A$55:$A$71,Powering!$G$55:$G$71,E72/0.514)	-415.28125547845377
K73	-Lininterp(Powering!$A$55:$A$71,Powering!$G$55:$G$71,E73/0.514)	-413.46227551801741
K74	-Lininterp(Powering!$A$55:$A$71,Powering!$G$55:$G$71,E74/0.514)	-411.8554764411013
K75	-Lininterp(Powering!$A$55:$A$71,Powering!$G$55:$G$71,E75/0.514)	-410.43461888622164
K76	-Lininterp(Powering!$A$55:$A$71,Powering!$G$55:$G$71,E76/0.514)	-409.17683178916587
K77	-Lininterp(Powering!$A$55:$A$71,Powering!$G$55:$G$71,E77/0.514)	-408.06216451860922
K78	-Lininterp(Powering!$A$55:$A$71,Powering!$G$55:$G$71,E78/0.514)	-407.07320136489346
K79	-Lininterp(Powering!$A$55:$A$71,Powering!$G$55:$G$71,E79/0.514)	-406.19472911345349
K80	-Lininterp(Powering!$A$55:$A$71,Powering!$G$55:$G$71,E80/0.514)	-405.41344993799061
K81	-Lininterp(Powering!$A$55:$A$71,Powering!$G$55:$G$71,E81/0.514)	-404.71773308189444
K82	-Lininterp(Powering!$A$55:$A$71,Powering!$G$55:$G$71,E82/0.514)	-404.09739981340658
K83	-Lininterp(Powering!$A$55:$A$71,Powering!$G$55:$G$71,E83/0.514)	-403.54353698270864
K84	-Lininterp(Powering!$A$55:$A$71,Powering!$G$55:$G$71,E84/0.514)	-403.04833521058544
K85	-Lininterp(Powering!$A$55:$A$71,Powering!$G$55:$G$71,E85/0.514)	-402.60494832477957
K86	-Lininterp(Powering!$A$55:$A$71,Powering!$G$55:$G$71,E86/0.514)	-402.20737115244572
K87	-Lininterp(Powering!$A$55:$A$71,Powering!$G$55:$G$71,E87/0.514)	-401.85033319191479
K88	-Lininterp(Powering!$A$55:$A$71,Powering!$G$55:$G$71,E88/0.514)	-401.52920603771662
K89	-Lininterp(Powering!$A$55:$A$71,Powering!$G$55:$G$71,E89/0.514)	-401.23992273031871
K90	-Lininterp(Powering!$A$55:$A$71,Powering!$G$55:$G$71,E90/0.514)	-400.97890745516196
K91	-Lininterp(Powering!$A$55:$A$71,Powering!$G$55:$G$71,E91/0.514)	-400.74301423150473
K92	-Lininterp(Powering!$A$55:$A$71,Powering!$G$55:$G$71,E92/0.514)	-400.52947341625918
K93	-Lininterp(Powering!$A$55:$A$71,Powering!$G$55:$G$71,E93/0.514)	-400.33584500628371
K94	-Lininterp(Powering!$A$55:$A$71,Powering!$G$55:$G$71,E94/0.514)	-400.15997785855421
K95	-Lininterp(Powering!$A$55:$A$71,Powering!$G$55:$G$71,E95/0.514)	-399.99997406461682
K96	-Lininterp(Powering!$A$55:$A$71,Powering!$G$55:$G$71,E96/0.514)	-399.85415781656013
K97	-Lininterp(Powering!$A$55:$A$71,Powering!$G$55:$G$71,E97/0.514)	-399.72104818879075
K98	-Lininterp(Powering!$A$55:$A$71,Powering!$G$55:$G$71,E98/0.514)	-399.59933533513617
K99	-Lininterp(Powering!$A$55:$A$71,Powering!$G$55:$G$71,E99/0.514)	-399.48785966592004
L100	OarForces(170,5.2,$B$34,$B$35,$B$33,E100,F100,G100, $L$40)	5495.454226846723
L101	OarForces(170,5.2,$B$34,$B$35,$B$33,E101,F101,G101, $L$40)	5495.5674674585634
L102	OarForces(170,5.2,$B$34,$B$35,$B$33,E102,F102,G102, $L$40)	5495.6712500789881
L103	OarForces(170,5.2,$B$34,$B$35,$B$33,E103,F103,G103, $L$40)	5495.7665187039684
L104	OarForces(170,5.2,$B$34,$B$35,$B$33,E104,F104,G104, $L$40)	5495.8541110813785
L105	OarForces(170,5.2,$B$34,$B$35,$B$33,E105,F105,G105, $L$40)	5495.9347714609685
L106	OarForces(170,5.2,$B$34,$B$35,$B$33,E106,F106,G106, $L$40)	5496.009161766734
L107	OarForces(170,5.2,$B$34,$B$35,$B$33,E107,F107,G107, $L$40)	5496.0778713898708
L108	OarForces(170,5.2,$B$34,$B$35,$B$33,E108,F108,G108, $L$40)	5496.1414257754041
L109	OarForces(170,5.2,$B$34,$B$35,$B$33,E109,F109,G109, $L$40)	5496.2002939535614
L110	OarForces(170,5.2,$B$34,$B$35,$B$33,E110,F110,G110, $L$40)	5496.2548951479384
L111	OarForces(170,5.2,$B$34,$B$35,$B$33,E111,F111,G111, $L$40)	5496.3056045757457
L112	OarForces(170,5.2,$B$34,$B$35,$B$33,E112,F112,G112, $L$40)	5496.3527585409247
L113	OarForces(170,5.2,$B$34,$B$35,$B$33,E113,F113,G113, $L$40)	5496.3966589081883
L114	OarForces(170,5.2,$B$34,$B$35,$B$33,E114,F114,G114, $L$40)	5496.4375770349689
L115	OarForces(170,5.2,$B$34,$B$35,$B$33,E115,F115,G115, $L$40)	5496.4757572285807
L116	OarForces(170,5.2,$B$34,$B$35,$B$33,E116,F116,G116, $L$40)	5496.5114197874273
L117	OarForces(170,5.2,$B$34,$B$35,$B$33,E117,F117,G117, $L$40)	5496.5447636777262
L118	OarForces(170,5.2,$B$34,$B$35,$B$33,E118,F118,G118, $L$40)	5496.5759688907665
L119	OarForces(170,5.2,$B$34,$B$35,$B$33,E119,F119,G119, $L$40)	5496.6051985200484
L120	OarForces(170,5.2,$B$34,$B$35,$B$33,E120,F120,G120, $L$40)	5496.6326005927876
L121	OarForces(170,5.2,$B$34,$B$35,$B$33,E121,F121,G121, $L$40)	5496.6583096859122
L122	OarForces(170,5.2,$B$34,$B$35,$B$33,E122,F122,G122, $L$40)	5496.6824483529281
L123	OarForces(170,5.2,$B$34,$B$35,$B$33,E123,F123,G123, $L$40)	5496.7051283847741
L124	OarForces(170,5.2,$B$34,$B$35,$B$33,E124,F124,G124, $L$40)	5496.7264519248556
L125	OarForces(170,5.2,$B$34,$B$35,$B$33,E125,F125,G125, $L$40)	5496.7465124559913
L126	OarForces(170,5.2,$B$34,$B$35,$B$33,E126,F126,G126, $L$40)	5496.7653956747563
L127	OarForces(170,5.2,$B$34,$B$35,$B$33,E127,F127,G127, $L$40)	5496.7831802668234
L128	OarForces(170,5.2,$B$34,$B$35,$B$33,E128,F128,G128, $L$40)	5496.799938595198
L129	OarForces(170,5.2,$B$34,$B$35,$B$33,E129,F129,G129, $L$40)	5496.815737311782
L130	OarForces(170,5.2,$B$34,$B$35,$B$33,E130,F130,G130, $L$40)	5496.8306379014057
L131	OarForces(170,5.2,$B$34,$B$35,$B$33,E131,F131,G131, $L$40)	5496.8446971663598
L132		
L135		Oars
L136		X
L137	OarForces(SUM(Input!$B$37:$B$39),$C$10,$C$34,$C$35,$C$33,E137,F137,G137, $L$136)	1144.4779158473145
L138	OarForces(SUM(Input!$B$37:$B$39),$C$10,$C$34,$C$35,$C$33,E138,F138,G138, $L$136)	1220.780157103505
L139	OarForces(SUM(Input!$B$37:$B$39),$C$10,$C$34,$C$35,$C$33,E139,F139,G139, $L$136)	1284.8983639730045
L140	OarForces(SUM(Input!$B$37:$B$39),$C$10,$C$34,$C$35,$C$33,E140,F140,G140, $L$136)	1337.8163752091841
L141	OarForces(SUM(Input!$B$37:$B$39),$C$10,$C$34,$C$35,$C$33,E141,F141,G141, $L$136)	1382.2651599298065
L142	OarForces(SUM(Input!$B$37:$B$39),$C$10,$C$34,$C$35,$C$33,E142,F142,G142, $L$136)	1419.5200933147839
L143	OarForces(SUM(Input!$B$37:$B$39),$C$10,$C$34,$C$35,$C$33,E143,F143,G143, $L$136)	1451.2667800547963
L144	OarForces(SUM(Input!$B$37:$B$39),$C$10,$C$34,$C$35,$C$33,E144,F144,G144, $L$136)	1478.425349961575
L145	OarForces(SUM(Input!$B$37:$B$39),$C$10,$C$34,$C$35,$C$33,E145,F145,G145, $L$136)	1501.7624673861678
L146	OarForces(SUM(Input!$B$37:$B$39),$C$10,$C$34,$C$35,$C$33,E146,F146,G146, $L$136)	1522.0426463632357
L147	OarForces(SUM(Input!$B$37:$B$39),$C$10,$C$34,$C$35,$C$33,E147,F147,G147, $L$136)	1539.7551523379234
L148	OarForces(SUM(Input!$B$37:$B$39),$C$10,$C$34,$C$35,$C$33,E148,F148,G148, $L$136)	1555.2721639332826
L149	OarForces(SUM(Input!$B$37:$B$39),$C$10,$C$34,$C$35,$C$33,E149,F149,G149, $L$136)	1568.9001563776242
L150	OarForces(SUM(Input!$B$37:$B$39),$C$10,$C$34,$C$35,$C$33,E150,F150,G150, $L$136)	1580.8935583440232
L151	OarForces(SUM(Input!$B$37:$B$39),$C$10,$C$34,$C$35,$C$33,E151,F151,G151, $L$136)	1591.4653818204715
L152	OarForces(SUM(Input!$B$37:$B$39),$C$10,$C$34,$C$35,$C$33,E152,F152,G152, $L$136)	1600.8016006161122
L153	OarForces(SUM(Input!$B$37:$B$39),$C$10,$C$34,$C$35,$C$33,E153,F153,G153, $L$136)	1609.0930316989097
L154	OarForces(SUM(Input!$B$37:$B$39),$C$10,$C$34,$C$35,$C$33,E154,F154,G154, $L$136)	1616.4602318757552
L155	OarForces(SUM(Input!$B$37:$B$39),$C$10,$C$34,$C$35,$C$33,E155,F155,G155, $L$136)	1623.0076199367795
L156	OarForces(SUM(Input!$B$37:$B$39),$C$10,$C$34,$C$35,$C$33,E156,F156,G156, $L$136)	1628.8261947377969
L157	OarForces(SUM(Input!$B$37:$B$39),$C$10,$C$34,$C$35,$C$33,E157,F157,G157, $L$136)	1633.9956847103992
L158	OarForces(SUM(Input!$B$37:$B$39),$C$10,$C$34,$C$35,$C$33,E158,F158,G158, $L$136)	1638.5862685290469
L159	OarForces(SUM(Input!$B$37:$B$39),$C$10,$C$34,$C$35,$C$33,E159,F159,G159, $L$136)	1642.659967759595
L160	OarForces(SUM(Input!$B$37:$B$39),$C$10,$C$34,$C$35,$C$33,E160,F160,G160, $L$136)	1646.2717854778693
L161	OarForces(SUM(Input!$B$37:$B$39),$C$10,$C$34,$C$35,$C$33,E161,F161,G161, $L$136)	1649.4706459603683
L162	OarForces(SUM(Input!$B$37:$B$39),$C$10,$C$34,$C$35,$C$33,E162,F162,G162, $L$136)	1652.3001770189055
L163	OarForces(SUM(Input!$B$37:$B$39),$C$10,$C$34,$C$35,$C$33,E163,F163,G163, $L$136)	1654.799366704432
L164	OarForces(SUM(Input!$B$37:$B$39),$C$10,$C$34,$C$35,$C$33,E164,F164,G164, $L$136)	1657.0031188391772
L165	OarForces(SUM(Input!$B$37:$B$39),$C$10,$C$34,$C$35,$C$33,E165,F165,G165, $L$136)	1658.9427264079284
L166	OarForces(SUM(Input!$B$37:$B$39),$C$10,$C$34,$C$35,$C$33,E166,F166,G166, $L$136)	1660.6462777393394
L167	OarForces(SUM(Input!$B$37:$B$39),$C$10,$C$34,$C$35,$C$33,E167,F167,G167, $L$136)	1662.1390072813647
L168	OarForces(SUM(Input!$B$37:$B$39),$C$10,$C$34,$C$35,$C$33,E168,F168,G168, $L$136)	1663.4436003694138
L169	OarForces(SUM(Input!$B$37:$B$39),$C$10,$C$34,$C$35,$C$33,E169,F169,G169, $L$136)	1664.5804595208417
L170	OarForces(SUM(Input!$B$37:$B$39),$C$10,$C$34,$C$35,$C$33,E170,F170,G170, $L$136)	1665.5679383331862
L171	OarForces(SUM(Input!$B$37:$B$39),$C$10,$C$34,$C$35,$C$33,E171,F171,G171, $L$136)	1666.422547919266
L172	OarForces(SUM(Input!$B$37:$B$39),$C$10,$C$34,$C$35,$C$33,E172,F172,G172, $L$136)	1667.159139907702
L173	OarForces(SUM(Input!$B$37:$B$39),$C$10,$C$34,$C$35,$C$33,E173,F173,G173, $L$136)	1667.7910693184704
L174	OarForces(SUM(Input!$B$37:$B$39),$C$10,$C$34,$C$35,$C$33,E174,F174,G174, $L$136)	1668.330340048665
L175	OarForces(SUM(Input!$B$37:$B$39),$C$10,$C$34,$C$35,$C$33,E175,F175,G175, $L$136)	1668.7877352424439
L176	OarForces(SUM(Input!$B$37:$B$39),$C$10,$C$34,$C$35,$C$33,E176,F176,G176, $L$136)	1669.1729344470557
L177	OarForces(SUM(Input!$B$37:$B$39),$C$10,$C$34,$C$35,$C$33,E177,F177,G177, $L$136)	1669.4946191552733
L178	OarForces(SUM(Input!$B$37:$B$39),$C$10,$C$34,$C$35,$C$33,E178,F178,G178, $L$136)	1669.760568088996
L179	OarForces(SUM(Input!$B$37:$B$39),$C$10,$C$34,$C$35,$C$33,E179,F179,G179, $L$136)	1669.9777433779225
L180	OarForces(SUM(Input!$B$37:$B$39),$C$10,$C$34,$C$35,$C$33,E180,F180,G180, $L$136)	1670.1523686221226
L181	OarForces(SUM(Input!$B$37:$B$39),$C$10,$C$34,$C$35,$C$33,E181,F181,G181, $L$136)	1670.2899996910262
L182	OarForces(SUM(Input!$B$37:$B$39),$C$10,$C$34,$C$35,$C$33,E182,F182,G182, $L$136)	1670.3955889982549
L183	OarForces(SUM(Input!$B$37:$B$39),$C$10,$C$34,$C$35,$C$33,E183,F183,G183, $L$136)	1670.4735438974203
L184	OarForces(SUM(Input!$B$37:$B$39),$C$10,$C$34,$C$35,$C$33,E184,F184,G184, $L$136)	1670.5277797649594
L185	OarForces(SUM(Input!$B$37:$B$39),$C$10,$C$34,$C$35,$C$33,E185,F185,G185, $L$136)	1670.5617682694608
L186	OarForces(SUM(Input!$B$37:$B$39),$C$10,$C$34,$C$35,$C$33,E186,F186,G186, $L$136)	1670.5785812704955
L187	OarForces(SUM(Input!$B$37:$B$39),$C$10,$C$34,$C$35,$C$33,E187,F187,G187, $L$136)	1670.5809307418403
L188	OarForces(SUM(Input!$B$37:$B$39),$C$10,$C$34,$C$35,$C$33,E188,F188,G188, $L$136)	1670.5712050727341
L189	OarForces(SUM(Input!$B$37:$B$39),$C$10,$C$34,$C$35,$C$33,E189,F189,G189, $L$136)	1670.5515020652279
L190	OarForces(SUM(Input!$B$37:$B$39),$C$10,$C$34,$C$35,$C$33,E190,F190,G190, $L$136)	1670.523658914793
L191	OarForces(SUM(Input!$B$37:$B$39),$C$10,$C$34,$C$35,$C$33,E191,F191,G191, $L$136)	1670.4892794343746
L192	OarForces(SUM(Input!$B$37:$B$39),$C$10,$C$34,$C$35,$C$33,E192,F192,G192, $L$136)	1670.4497587583771
L193	OarForces(SUM(Input!$B$37:$B$39),$C$10,$C$34,$C$35,$C$33,E193,F193,G193, $L$136)	1670.406305742094
L194	OarForces(SUM(Input!$B$37:$B$39),$C$10,$C$34,$C$35,$C$33,E194,F194,G194, $L$136)	1670.3599632534508
L195	OarForces(SUM(Input!$B$37:$B$39),$C$10,$C$34,$C$35,$C$33,E195,F195,G195, $L$136)	1670.3116265372537
L196	OarForces(SUM(Input!$B$37:$B$39),$C$10,$C$34,$C$35,$C$33,E196,F196,G196, $L$136)	1670.2620598171272
L197	OarForces(SUM(Input!$B$37:$B$39),$C$10,$C$34,$C$35,$C$33,E197,F197,G197, $L$136)	1670.2119112867783
L198	OarForces(SUM(Input!$B$37:$B$39),$C$10,$C$34,$C$35,$C$33,E198,F198,G198, $L$136)	1670.1617266299081
L199	OarForces(SUM(Input!$B$37:$B$39),$C$10,$C$34,$C$35,$C$33,E199,F199,G199, $L$136)	1670.1119611968843
L200	OarForces(SUM(Input!$B$37:$B$39),$C$10,$C$34,$C$35,$C$33,E200,F200,G200, $L$136)	1670.06299095602
L201	OarForces(SUM(Input!$B$37:$B$39),$C$10,$C$34,$C$35,$C$33,E201,F201,G201, $L$136)	1670.015122327892
L202	OarForces(SUM(Input!$B$37:$B$39),$C$10,$C$34,$C$35,$C$33,E202,F202,G202, $L$136)	1669.9686010024689
L203	OarForces(SUM(Input!$B$37:$B$39),$C$10,$C$34,$C$35,$C$33,E203,F203,G203, $L$136)	1669.9236198308461
L204	OarForces(SUM(Input!$B$37:$B$39),$C$10,$C$34,$C$35,$C$33,E204,F204,G204, $L$136)	1669.8803258759876
L205	OarForces(SUM(Input!$B$37:$B$39),$C$10,$C$34,$C$35,$C$33,E205,F205,G205, $L$136)	1669.8388267000864
L206	OarForces(SUM(Input!$B$37:$B$39),$C$10,$C$34,$C$35,$C$33,E206,F206,G206, $L$136)	1669.799195959818
L207	OarForces(SUM(Input!$B$37:$B$39),$C$10,$C$34,$C$35,$C$33,E207,F207,G207, $L$136)	1669.7614783749316
L208	OarForces(SUM(Input!$B$37:$B$39),$C$10,$C$34,$C$35,$C$33,E208,F208,G208, $L$136)	1669.7256941302076
L209	OarForces(SUM(Input!$B$37:$B$39),$C$10,$C$34,$C$35,$C$33,E209,F209,G209, $L$136)	1669.6918427657824
L210	OarForces(SUM(Input!$B$37:$B$39),$C$10,$C$34,$C$35,$C$33,E210,F210,G210, $L$136)	1669.659906606209
L211	OarForces(SUM(Input!$B$37:$B$39),$C$10,$C$34,$C$35,$C$33,E211,F211,G211, $L$136)	1669.6298537742991
L212	OarForces(SUM(Input!$B$37:$B$39),$C$10,$C$34,$C$35,$C$33,E212,F212,G212, $L$136)	1669.6016408318278
L213	OarForces(SUM(Input!$B$37:$B$39),$C$10,$C$34,$C$35,$C$33,E213,F213,G213, $L$136)	1669.5752150854785
L214	OarForces(SUM(Input!$B$37:$B$39),$C$10,$C$34,$C$35,$C$33,E214,F214,G214, $L$136)	1669.5505165930094
L215	OarForces(SUM(Input!$B$37:$B$39),$C$10,$C$34,$C$35,$C$33,E215,F215,G215, $L$136)	1669.5274799014767
L216	OarForces(SUM(Input!$B$37:$B$39),$C$10,$C$34,$C$35,$C$33,E216,F216,G216, $L$136)	1669.5060355464409
L217	OarForces(SUM(Input!$B$37:$B$39),$C$10,$C$34,$C$35,$C$33,E217,F217,G217, $L$136)	1669.4861113384195
L218	OarForces(SUM(Input!$B$37:$B$39),$C$10,$C$34,$C$35,$C$33,E218,F218,G218, $L$136)	1669.4676334603728
L219	OarForces(SUM(Input!$B$37:$B$39),$C$10,$C$34,$C$35,$C$33,E219,F219,G219, $L$136)	1669.4505273977622
L220	OarForces(SUM(Input!$B$37:$B$39),$C$10,$C$34,$C$35,$C$33,E220,F220,G220, $L$136)	1669.4347187206313
L221	OarForces(SUM(Input!$B$37:$B$39),$C$10,$C$34,$C$35,$C$33,E221,F221,G221, $L$136)	1669.4201337352533
L222	OarForces(SUM(Input!$B$37:$B$39),$C$10,$C$34,$C$35,$C$33,E222,F222,G222, $L$136)	1669.4067000211546
L223	OarForces(SUM(Input!$B$37:$B$39),$C$10,$C$34,$C$35,$C$33,E223,F223,G223, $L$136)	1669.3943468677107
L224	OarForces(SUM(Input!$B$37:$B$39),$C$10,$C$34,$C$35,$C$33,E224,F224,G224, $L$136)	1669.3830056230663
L225	OarForces(SUM(Input!$B$37:$B$39),$C$10,$C$34,$C$35,$C$33,E225,F225,G225, $L$136)	1669.372609966797
L226	OarForces(SUM(Input!$B$37:$B$39),$C$10,$C$34,$C$35,$C$33,E226,F226,G226, $L$136)	1669.363096116512
L227	OarForces(SUM(Input!$B$37:$B$39),$C$10,$C$34,$C$35,$C$33,E227,F227,G227, $L$136)	1669.3544029775092
L39		Oars
L40		X
L41	OarForces(170,5.2,$B$34,$B$35,$B$33,E41,F41,G41, $L$40)	3891.2249138808693
L42	OarForces(170,5.2,$B$34,$B$35,$B$33,E42,F42,G42, $L$40)	4173.2133284714755
L43	OarForces(170,5.2,$B$34,$B$35,$B$33,E43,F43,G43, $L$40)	4386.7253899769958
L44	OarForces(170,5.2,$B$34,$B$35,$B$33,E44,F44,G44, $L$40)	4557.4660599346262
L45	OarForces(170,5.2,$B$34,$B$35,$B$33,E45,F45,G45, $L$40)	4697.1849897343964
L46	OarForces(170,5.2,$B$34,$B$35,$B$33,E46,F46,G46, $L$40)	4813.2252332162252
L47	OarForces(170,5.2,$B$34,$B$35,$B$33,E47,F47,G47, $L$40)	4910.2170275219887
L48	OarForces(170,5.2,$B$34,$B$35,$B$33,E48,F48,G48, $L$40)	4991.9932308000616
L49	OarForces(170,5.2,$B$34,$B$35,$B$33,E49,F49,G49, $L$40)	5061.2128157016787
L50	OarForces(170,5.2,$B$34,$B$35,$B$33,E50,F50,G50, $L$40)	5120.0074159452179
L51	OarForces(170,5.2,$B$34,$B$35,$B$33,E51,F51,G51, $L$40)	5170.1021874915659
L52	OarForces(170,5.2,$B$34,$B$35,$B$33,E52,F52,G52, $L$40)	5212.9051098413011
L53	OarForces(170,5.2,$B$34,$B$35,$B$33,E53,F53,G53, $L$40)	5249.7102996661342
L54	OarForces(170,5.2,$B$34,$B$35,$B$33,E54,F54,G54, $L$40)	5281.4288387392335
L55	OarForces(170,5.2,$B$34,$B$35,$B$33,E55,F55,G55, $L$40)	5308.8190671838538
L56	OarForces(170,5.2,$B$34,$B$35,$B$33,E56,F56,G56, $L$40)	5332.5150961559984
L57	OarForces(170,5.2,$B$34,$B$35,$B$33,E57,F57,G57, $L$40)	5353.0494426240284
L58	OarForces(170,5.2,$B$34,$B$35,$B$33,E58,F58,G58, $L$40)	5370.8710967834431
L59	OarForces(170,5.2,$B$34,$B$35,$B$33,E59,F59,G59, $L$40)	5386.360023075209
L60	OarForces(170,5.2,$B$34,$B$35,$B$33,E60,F60,G60, $L$40)	5399.8388633510422
L61	OarForces(170,5.2,$B$34,$B$35,$B$33,E61,F61,G61, $L$40)	5411.5824344129978
L62	OarForces(170,5.2,$B$34,$B$35,$B$33,E62,F62,G62, $L$40)	5421.8254778579585
L63	OarForces(170,5.2,$B$34,$B$35,$B$33,E63,F63,G63, $L$40)	5430.7690176513215
L64	OarForces(170,5.2,$B$34,$B$35,$B$33,E64,F64,G64, $L$40)	5438.5856024621389
L65	OarForces(170,5.2,$B$34,$B$35,$B$33,E65,F65,G65, $L$40)	5445.4236496975482
L66	OarForces(170,5.2,$B$34,$B$35,$B$33,E66,F66,G66, $L$40)	5451.4110619668027
L67	OarForces(170,5.2,$B$34,$B$35,$B$33,E67,F67,G67, $L$40)	5456.6582510459712
L68	OarForces(170,5.2,$B$34,$B$35,$B$33,E68,F68,G68, $L$40)	5461.260676781083
L69	OarForces(170,5.2,$B$34,$B$35,$B$33,E69,F69,G69, $L$40)	5465.3009868559284
L70	OarForces(170,5.2,$B$34,$B$35,$B$33,E70,F70,G70, $L$40)	5468.8508265231831
L71	OarForces(170,5.2,$B$34,$B$35,$B$33,E71,F71,G71, $L$40)	5471.9723741672342
L72	OarForces(170,5.2,$B$34,$B$35,$B$33,E72,F72,G72, $L$40)	5474.7196481106093
L73	OarForces(170,5.2,$B$34,$B$35,$B$33,E73,F73,G73, $L$40)	5477.1396217680212
L74	OarForces(170,5.2,$B$34,$B$35,$B$33,E74,F74,G74, $L$40)	5479.2731776159726
L75	OarForces(170,5.2,$B$34,$B$35,$B$33,E75,F75,G75, $L$40)	5481.1559251171911
L76	OarForces(170,5.2,$B$34,$B$35,$B$33,E76,F76,G76, $L$40)	5482.8189034377747
L77	OarForces(170,5.2,$B$34,$B$35,$B$33,E77,F77,G77, $L$40)	5484.2891863049854
L78	OarForces(170,5.2,$B$34,$B$35,$B$33,E78,F78,G78, $L$40)	5485.590403507691
L79	OarForces(170,5.2,$B$34,$B$35,$B$33,E79,F79,G79, $L$40)	5486.7431912094844
L80	OarForces(170,5.2,$B$34,$B$35,$B$33,E80,F80,G80, $L$40)	5487.7655813245547
L81	OarForces(170,5.2,$B$34,$B$35,$B$33,E81,F81,G81, $L$40)	5488.6733386185588
L82	OarForces(170,5.2,$B$34,$B$35,$B$33,E82,F82,G82, $L$40)	5489.4802528778609
L83	OarForces(170,5.2,$B$34,$B$35,$B$33,E83,F83,G83, $L$40)	5490.19839239053
L84	OarForces(170,5.2,$B$34,$B$35,$B$33,E84,F84,G84, $L$40)	5490.8383240614839
L85	OarForces(170,5.2,$B$34,$B$35,$B$33,E85,F85,G85, $L$40)	5491.4093047101705
L86	OarForces(170,5.2,$B$34,$B$35,$B$33,E86,F86,G86, $L$40)	5491.9194474465294
L87	OarForces(170,5.2,$B$34,$B$35,$B$33,E87,F87,G87, $L$40)	5492.3758664688066
L88	OarForces(170,5.2,$B$34,$B$35,$B$33,E88,F88,G88, $L$40)	5492.7848031582807
L89	OarForces(170,5.2,$B$34,$B$35,$B$33,E89,F89,G89, $L$40)	5493.1517359473164
L90	OarForces(170,5.2,$B$34,$B$35,$B$33,E90,F90,G90, $L$40)	5493.4814760970594
L91	OarForces(170,5.2,$B$34,$B$35,$B$33,E91,F91,G91, $L$40)	5493.7782512303211
L92	OarForces(170,5.2,$B$34,$B$35,$B$33,E92,F92,G92, $L$40)	5494.0457782159629
L93	OarForces(170,5.2,$B$34,$B$35,$B$33,E93,F93,G93, $L$40)	5494.287326787151
L94	OarForces(170,5.2,$B$34,$B$35,$B$33,E94,F94,G94, $L$40)	5494.5057750917713
L95	OarForces(170,5.2,$B$34,$B$35,$B$33,E95,F95,G95, $L$40)	5494.7036582147039
L96	OarForces(170,5.2,$B$34,$B$35,$B$33,E96,F96,G96, $L$40)	5494.8832105748215
L97	OarForces(170,5.2,$B$34,$B$35,$B$33,E97,F97,G97, $L$40)	5495.0464029813102
L98	OarForces(170,5.2,$B$34,$B$35,$B$33,E98,F98,G98, $L$40)	5495.1949750316207
L99	OarForces(170,5.2,$B$34,$B$35,$B$33,E99,F99,G99, $L$40)	5495.3304634447468
M100		
M101		
M102		
M103		
M104		
M105		
M106		
M107		
M108		
M109		
M110		
M111		
M112		
M113		
M114		
M115		
M116		
M117		
M118		
M119		
M120		
M121		
M122		
M123		
M124		
M125		
M126		
M127		
M128		
M129		
M130		
M131		
M132		
M135		
M136		
M137		
M138		
M139		
M140		
M141		
M142		
M143		
M144		
M145		
M146		
M147		
M148		
M149		
M150		
M151		
M152		
M153		
M154		
M155		
M156		
M157		
M158		
M159		
M160		
M161		
M162		
M163		
M164		
M165		
M166		
M167		
M168		
M169		
M170		
M171		
M172		
M173		
M174		
M175		
M176		
M177		
M178		
M179		
M180		
M181		
M182		
M183		
M184		
M185		
M186		
M187		
M188		
M189		
M190		
M191		
M192		
M193		
M194		
M195		
M196		
M197		
M198		
M199		
M200		
M201		
M202		
M203		
M204		
M205		
M206		
M207		
M208		
M209		
M210		
M211		
M212		
M213		
M214		
M215		
M216		
M217		
M218		
M219		
M220		
M221		
M222		
M223		
M224		
M225		
M226		
M227		
M35		
M36		
M38		 
M39		
M40		Y
M41		
M42		
M43		
M44		
M45		
M46		
M47		
M48		
M49		
M50		
M51		
M52		
M53		
M54		
M55		
M56		
M57		
M58		
M59		
M60		
M61		
M62		
M63		
M64		
M65		
M66		
M67		
M68		
M69		
M70		
M71		
M72		
M73		
M74		
M75		
M76		
M77		
M78		
M79		
M80		
M81		
M82		
M83		
M84		
M85		
M86		
M87		
M88		
M89		
M90		
M91		
M92		
M93		
M94		
M95		
M96		
M97		
M98		
M99		
N100	OarForces(170,5.2,$B$34,$B$35,$B$33,E100,F100,G100, $N$40)	28576.36197960296
N101	OarForces(170,5.2,$B$34,$B$35,$B$33,E101,F101,G101, $N$40)	28576.950830784532
N102	OarForces(170,5.2,$B$34,$B$35,$B$33,E102,F102,G102, $N$40)	28577.490500410739
N103	OarForces(170,5.2,$B$34,$B$35,$B$33,E103,F103,G103, $N$40)	28577.985897260638
N104	OarForces(170,5.2,$B$34,$B$35,$B$33,E104,F104,G104, $N$40)	28578.44137762317
N105	OarForces(170,5.2,$B$34,$B$35,$B$33,E105,F105,G105, $N$40)	28578.860811597038
N106	OarForces(170,5.2,$B$34,$B$35,$B$33,E106,F106,G106, $N$40)	28579.247641187019
N107	OarForces(170,5.2,$B$34,$B$35,$B$33,E107,F107,G107, $N$40)	28579.604931227328
N108	OarForces(170,5.2,$B$34,$B$35,$B$33,E108,F108,G108, $N$40)	28579.935414032101
N109	OarForces(170,5.2,$B$34,$B$35,$B$33,E109,F109,G109, $N$40)	28580.241528558519
N110	OarForces(170,5.2,$B$34,$B$35,$B$33,E110,F110,G110, $N$40)	28580.525454769282
N111	OarForces(170,5.2,$B$34,$B$35,$B$33,E111,F111,G111, $N$40)	28580.789143793878
N112	OarForces(170,5.2,$B$34,$B$35,$B$33,E112,F112,G112, $N$40)	28581.034344412808
N113	OarForces(170,5.2,$B$34,$B$35,$B$33,E113,F113,G113, $N$40)	28581.262626322579
N114	OarForces(170,5.2,$B$34,$B$35,$B$33,E114,F114,G114, $N$40)	28581.475400581839
N115	OarForces(170,5.2,$B$34,$B$35,$B$33,E115,F115,G115, $N$40)	28581.673937588621
N116	OarForces(170,5.2,$B$34,$B$35,$B$33,E116,F116,G116, $N$40)	28581.859382894621
N117	OarForces(170,5.2,$B$34,$B$35,$B$33,E117,F117,G117, $N$40)	28582.032771124177
N118	OarForces(170,5.2,$B$34,$B$35,$B$33,E118,F118,G118, $N$40)	28582.195038231988
N119	OarForces(170,5.2,$B$34,$B$35,$B$33,E119,F119,G119, $N$40)	28582.347032304253
N120	OarForces(170,5.2,$B$34,$B$35,$B$33,E120,F120,G120, $N$40)	28582.489523082495
N121	OarForces(170,5.2,$B$34,$B$35,$B$33,E121,F121,G121, $N$40)	28582.623210366743
N122	OarForces(170,5.2,$B$34,$B$35,$B$33,E122,F122,G122, $N$40)	28582.748731435226
N123	OarForces(170,5.2,$B$34,$B$35,$B$33,E123,F123,G123, $N$40)	28582.866667600825
N124	OarForces(170,5.2,$B$34,$B$35,$B$33,E124,F124,G124, $N$40)	28582.977550009251
N125	OarForces(170,5.2,$B$34,$B$35,$B$33,E125,F125,G125, $N$40)	28583.081864771157
N126	OarForces(170,5.2,$B$34,$B$35,$B$33,E126,F126,G126, $N$40)	28583.180057508733
N127	OarForces(170,5.2,$B$34,$B$35,$B$33,E127,F127,G127, $N$40)	28583.272537387482
N128	OarForces(170,5.2,$B$34,$B$35,$B$33,E128,F128,G128, $N$40)	28583.35968069503
N129	OarForces(170,5.2,$B$34,$B$35,$B$33,E129,F129,G129, $N$40)	28583.441834021269
N130	OarForces(170,5.2,$B$34,$B$35,$B$33,E130,F130,G130, $N$40)	28583.51931708731
N131	OarForces(170,5.2,$B$34,$B$35,$B$33,E131,F131,G131, $N$40)	28583.592425265073
N132		
N136		Z
N137	OarForces(SUM(Input!$B$37:$B$39),$C$10,$C$34,$C$35,$C$33,E137,F137,G137, $N$136)	5150.1506213129151
N138	OarForces(SUM(Input!$B$37:$B$39),$C$10,$C$34,$C$35,$C$33,E138,F138,G138, $N$136)	5493.5107069657724
N139	OarForces(SUM(Input!$B$37:$B$39),$C$10,$C$34,$C$35,$C$33,E139,F139,G139, $N$136)	5782.0426378785205
N140	OarForces(SUM(Input!$B$37:$B$39),$C$10,$C$34,$C$35,$C$33,E140,F140,G140, $N$136)	6020.1736884413285
N141	OarForces(SUM(Input!$B$37:$B$39),$C$10,$C$34,$C$35,$C$33,E141,F141,G141, $N$136)	6220.193219684129
N142	OarForces(SUM(Input!$B$37:$B$39),$C$10,$C$34,$C$35,$C$33,E142,F142,G142, $N$136)	6387.8404199165279
N143	OarForces(SUM(Input!$B$37:$B$39),$C$10,$C$34,$C$35,$C$33,E143,F143,G143, $N$136)	6530.7005102465837
N144	OarForces(SUM(Input!$B$37:$B$39),$C$10,$C$34,$C$35,$C$33,E144,F144,G144, $N$136)	6652.9140748270875
N145	OarForces(SUM(Input!$B$37:$B$39),$C$10,$C$34,$C$35,$C$33,E145,F145,G145, $N$136)	6757.9311032377555
N146	OarForces(SUM(Input!$B$37:$B$39),$C$10,$C$34,$C$35,$C$33,E146,F146,G146, $N$136)	6849.1919086345606
N147	OarForces(SUM(Input!$B$37:$B$39),$C$10,$C$34,$C$35,$C$33,E147,F147,G147, $N$136)	6928.8981855206548
N148	OarForces(SUM(Input!$B$37:$B$39),$C$10,$C$34,$C$35,$C$33,E148,F148,G148, $N$136)	6998.724737699772
N149	OarForces(SUM(Input!$B$37:$B$39),$C$10,$C$34,$C$35,$C$33,E149,F149,G149, $N$136)	7060.0507036993085
N150	OarForces(SUM(Input!$B$37:$B$39),$C$10,$C$34,$C$35,$C$33,E150,F150,G150, $N$136)	7114.0210125481044
N151	OarForces(SUM(Input!$B$37:$B$39),$C$10,$C$34,$C$35,$C$33,E151,F151,G151, $N$136)	7161.5942181921218
N152	OarForces(SUM(Input!$B$37:$B$39),$C$10,$C$34,$C$35,$C$33,E152,F152,G152, $N$136)	7203.6072027725049
N153	OarForces(SUM(Input!$B$37:$B$39),$C$10,$C$34,$C$35,$C$33,E153,F153,G153, $N$136)	7240.9186426450942
N154	OarForces(SUM(Input!$B$37:$B$39),$C$10,$C$34,$C$35,$C$33,E154,F154,G154, $N$136)	7274.0710434408984
N155	OarForces(SUM(Input!$B$37:$B$39),$C$10,$C$34,$C$35,$C$33,E155,F155,G155, $N$136)	7303.5342897155078
N156	OarForces(SUM(Input!$B$37:$B$39),$C$10,$C$34,$C$35,$C$33,E156,F156,G156, $N$136)	7329.7178763200864
N157	OarForces(SUM(Input!$B$37:$B$39),$C$10,$C$34,$C$35,$C$33,E157,F157,G157, $N$136)	7352.9805811967963
N158	OarForces(SUM(Input!$B$37:$B$39),$C$10,$C$34,$C$35,$C$33,E158,F158,G158, $N$136)	7373.6382083807111
N159	OarForces(SUM(Input!$B$37:$B$39),$C$10,$C$34,$C$35,$C$33,E159,F159,G159, $N$136)	7391.9698549181776
N160	OarForces(SUM(Input!$B$37:$B$39),$C$10,$C$34,$C$35,$C$33,E160,F160,G160, $N$136)	7408.223034650412
N161	OarForces(SUM(Input!$B$37:$B$39),$C$10,$C$34,$C$35,$C$33,E161,F161,G161, $N$136)	7422.617906821657
N162	OarForces(SUM(Input!$B$37:$B$39),$C$10,$C$34,$C$35,$C$33,E162,F162,G162, $N$136)	7435.3507965850749
N163	OarForces(SUM(Input!$B$37:$B$39),$C$10,$C$34,$C$35,$C$33,E163,F163,G163, $N$136)	7446.5971501699441
N164	OarForces(SUM(Input!$B$37:$B$39),$C$10,$C$34,$C$35,$C$33,E164,F164,G164, $N$136)	7456.5140347762972
N165	OarForces(SUM(Input!$B$37:$B$39),$C$10,$C$34,$C$35,$C$33,E165,F165,G165, $N$136)	7465.2422688356774
N166	OarForces(SUM(Input!$B$37:$B$39),$C$10,$C$34,$C$35,$C$33,E166,F166,G166, $N$136)	7472.9082498270272
N167	OarForces(SUM(Input!$B$37:$B$39),$C$10,$C$34,$C$35,$C$33,E167,F167,G167, $N$136)	7479.6255327661411
N168	OarForces(SUM(Input!$B$37:$B$39),$C$10,$C$34,$C$35,$C$33,E168,F168,G168, $N$136)	7485.4962016623622
N169	OarForces(SUM(Input!$B$37:$B$39),$C$10,$C$34,$C$35,$C$33,E169,F169,G169, $N$136)	7490.6120678437874
N170	OarForces(SUM(Input!$B$37:$B$39),$C$10,$C$34,$C$35,$C$33,E170,F170,G170, $N$136)	7495.0557224993381
N171	OarForces(SUM(Input!$B$37:$B$39),$C$10,$C$34,$C$35,$C$33,E171,F171,G171, $N$136)	7498.9014656366971
N172	OarForces(SUM(Input!$B$37:$B$39),$C$10,$C$34,$C$35,$C$33,E172,F172,G172, $N$136)	7502.216129584659
N173	OarForces(SUM(Input!$B$37:$B$39),$C$10,$C$34,$C$35,$C$33,E173,F173,G173, $N$136)	7505.0598119331171
N174	OarForces(SUM(Input!$B$37:$B$39),$C$10,$C$34,$C$35,$C$33,E174,F174,G174, $N$136)	7507.4865302189928
N175	OarForces(SUM(Input!$B$37:$B$39),$C$10,$C$34,$C$35,$C$33,E175,F175,G175, $N$136)	7509.5448085909975
N176	OarForces(SUM(Input!$B$37:$B$39),$C$10,$C$34,$C$35,$C$33,E176,F176,G176, $N$136)	7511.2782050117503
N177	OarForces(SUM(Input!$B$37:$B$39),$C$10,$C$34,$C$35,$C$33,E177,F177,G177, $N$136)	7512.72578619873
N178	OarForces(SUM(Input!$B$37:$B$39),$C$10,$C$34,$C$35,$C$33,E178,F178,G178, $N$136)	7513.9225564004819
N179	OarForces(SUM(Input!$B$37:$B$39),$C$10,$C$34,$C$35,$C$33,E179,F179,G179, $N$136)	7514.8998452006508
N180	OarForces(SUM(Input!$B$37:$B$39),$C$10,$C$34,$C$35,$C$33,E180,F180,G180, $N$136)	7515.6856587995517
N181	OarForces(SUM(Input!$B$37:$B$39),$C$10,$C$34,$C$35,$C$33,E181,F181,G181, $N$136)	7516.3049986096175
N182	OarForces(SUM(Input!$B$37:$B$39),$C$10,$C$34,$C$35,$C$33,E182,F182,G182, $N$136)	7516.7801504921472
N183	OarForces(SUM(Input!$B$37:$B$39),$C$10,$C$34,$C$35,$C$33,E183,F183,G183, $N$136)	7517.1309475383914
N184	OarForces(SUM(Input!$B$37:$B$39),$C$10,$C$34,$C$35,$C$33,E184,F184,G184, $N$136)	7517.3750089423174
N185	OarForces(SUM(Input!$B$37:$B$39),$C$10,$C$34,$C$35,$C$33,E185,F185,G185, $N$136)	7517.5279572125737
N186	OarForces(SUM(Input!$B$37:$B$39),$C$10,$C$34,$C$35,$C$33,E186,F186,G186, $N$136)	7517.6036157172302
N187	OarForces(SUM(Input!$B$37:$B$39),$C$10,$C$34,$C$35,$C$33,E187,F187,G187, $N$136)	7517.6141883382816
N188	OarForces(SUM(Input!$B$37:$B$39),$C$10,$C$34,$C$35,$C$33,E188,F188,G188, $N$136)	7517.5704228273034
N189	OarForces(SUM(Input!$B$37:$B$39),$C$10,$C$34,$C$35,$C$33,E189,F189,G189, $N$136)	7517.4817592935251
N190	OarForces(SUM(Input!$B$37:$B$39),$C$10,$C$34,$C$35,$C$33,E190,F190,G190, $N$136)	7517.3564651165689
N191	OarForces(SUM(Input!$B$37:$B$39),$C$10,$C$34,$C$35,$C$33,E191,F191,G191, $N$136)	7517.2017574546853
N192	OarForces(SUM(Input!$B$37:$B$39),$C$10,$C$34,$C$35,$C$33,E192,F192,G192, $N$136)	7517.0239144126972
N193	OarForces(SUM(Input!$B$37:$B$39),$C$10,$C$34,$C$35,$C$33,E193,F193,G193, $N$136)	7516.8283758394227
N194	OarForces(SUM(Input!$B$37:$B$39),$C$10,$C$34,$C$35,$C$33,E194,F194,G194, $N$136)	7516.619834640529
N195	OarForces(SUM(Input!$B$37:$B$39),$C$10,$C$34,$C$35,$C$33,E195,F195,G195, $N$136)	7516.4023194176416
N196	OarForces(SUM(Input!$B$37:$B$39),$C$10,$C$34,$C$35,$C$33,E196,F196,G196, $N$136)	7516.1792691770725
N197	OarForces(SUM(Input!$B$37:$B$39),$C$10,$C$34,$C$35,$C$33,E197,F197,G197, $N$136)	7515.9536007905026
N198	OarForces(SUM(Input!$B$37:$B$39),$C$10,$C$34,$C$35,$C$33,E198,F198,G198, $N$136)	7515.7277698345861
N199	OarForces(SUM(Input!$B$37:$B$39),$C$10,$C$34,$C$35,$C$33,E199,F199,G199, $N$136)	7515.5038253859793
N200	OarForces(SUM(Input!$B$37:$B$39),$C$10,$C$34,$C$35,$C$33,E200,F200,G200, $N$136)	7515.2834593020898
N201	OarForces(SUM(Input!$B$37:$B$39),$C$10,$C$34,$C$35,$C$33,E201,F201,G201, $N$136)	7515.0680504755137
N202	OarForces(SUM(Input!$B$37:$B$39),$C$10,$C$34,$C$35,$C$33,E202,F202,G202, $N$136)	7514.8587045111099
N203	OarForces(SUM(Input!$B$37:$B$39),$C$10,$C$34,$C$35,$C$33,E203,F203,G203, $N$136)	7514.6562892388074
N204	OarForces(SUM(Input!$B$37:$B$39),$C$10,$C$34,$C$35,$C$33,E204,F204,G204, $N$136)	7514.4614664419441
N205	OarForces(SUM(Input!$B$37:$B$39),$C$10,$C$34,$C$35,$C$33,E205,F205,G205, $N$136)	7514.2747201503889
N206	OarForces(SUM(Input!$B$37:$B$39),$C$10,$C$34,$C$35,$C$33,E206,F206,G206, $N$136)	7514.0963818191813
N207	OarForces(SUM(Input!$B$37:$B$39),$C$10,$C$34,$C$35,$C$33,E207,F207,G207, $N$136)	7513.9266526871925
N208	OarForces(SUM(Input!$B$37:$B$39),$C$10,$C$34,$C$35,$C$33,E208,F208,G208, $N$136)	7513.765623585934
N209	OarForces(SUM(Input!$B$37:$B$39),$C$10,$C$34,$C$35,$C$33,E209,F209,G209, $N$136)	7513.6132924460208
N210	OarForces(SUM(Input!$B$37:$B$39),$C$10,$C$34,$C$35,$C$33,E210,F210,G210, $N$136)	7513.4695797279401
N211	OarForces(SUM(Input!$B$37:$B$39),$C$10,$C$34,$C$35,$C$33,E211,F211,G211, $N$136)	7513.3343419843459
N212	OarForces(SUM(Input!$B$37:$B$39),$C$10,$C$34,$C$35,$C$33,E212,F212,G212, $N$136)	7513.2073837432254
N213	OarForces(SUM(Input!$B$37:$B$39),$C$10,$C$34,$C$35,$C$33,E213,F213,G213, $N$136)	7513.0884678846533
N214	OarForces(SUM(Input!$B$37:$B$39),$C$10,$C$34,$C$35,$C$33,E214,F214,G214, $N$136)	7512.9773246685427
N215	OarForces(SUM(Input!$B$37:$B$39),$C$10,$C$34,$C$35,$C$33,E215,F215,G215, $N$136)	7512.8736595566452
N216	OarForces(SUM(Input!$B$37:$B$39),$C$10,$C$34,$C$35,$C$33,E216,F216,G216, $N$136)	7512.7771599589842
N217	OarForces(SUM(Input!$B$37:$B$39),$C$10,$C$34,$C$35,$C$33,E217,F217,G217, $N$136)	7512.6875010228878
N218	OarForces(SUM(Input!$B$37:$B$39),$C$10,$C$34,$C$35,$C$33,E218,F218,G218, $N$136)	7512.6043505716771
N219	OarForces(SUM(Input!$B$37:$B$39),$C$10,$C$34,$C$35,$C$33,E219,F219,G219, $N$136)	7512.5273732899304
N220	OarForces(SUM(Input!$B$37:$B$39),$C$10,$C$34,$C$35,$C$33,E220,F220,G220, $N$136)	7512.4562342428408
N221	OarForces(SUM(Input!$B$37:$B$39),$C$10,$C$34,$C$35,$C$33,E221,F221,G221, $N$136)	7512.39060180864
N222	OarForces(SUM(Input!$B$37:$B$39),$C$10,$C$34,$C$35,$C$33,E222,F222,G222, $N$136)	7512.3301500951957
N223	OarForces(SUM(Input!$B$37:$B$39),$C$10,$C$34,$C$35,$C$33,E223,F223,G223, $N$136)	7512.2745609046979
N224	OarForces(SUM(Input!$B$37:$B$39),$C$10,$C$34,$C$35,$C$33,E224,F224,G224, $N$136)	7512.2235253037979
N225	OarForces(SUM(Input!$B$37:$B$39),$C$10,$C$34,$C$35,$C$33,E225,F225,G225, $N$136)	7512.1767448505861
N226	OarForces(SUM(Input!$B$37:$B$39),$C$10,$C$34,$C$35,$C$33,E226,F226,G226, $N$136)	7512.1339325243043
N227	OarForces(SUM(Input!$B$37:$B$39),$C$10,$C$34,$C$35,$C$33,E227,F227,G227, $N$136)	7512.0948133987913
N33		 
N40		Z
N41	OarForces(170,5.2,$B$34,$B$35,$B$33,E41,F41,G41, $N$40)	20234.36955218052
N42	OarForces(170,5.2,$B$34,$B$35,$B$33,E42,F42,G42, $N$40)	21700.709308051675
N43	OarForces(170,5.2,$B$34,$B$35,$B$33,E43,F43,G43, $N$40)	22810.97202788038
N44	OarForces(170,5.2,$B$34,$B$35,$B$33,E44,F44,G44, $N$40)	23698.823511660055
N45	OarForces(170,5.2,$B$34,$B$35,$B$33,E45,F45,G45, $N$40)	24425.361946618861
N46	OarForces(170,5.2,$B$34,$B$35,$B$33,E46,F46,G46, $N$40)	25028.771212724372
N47	OarForces(170,5.2,$B$34,$B$35,$B$33,E47,F47,G47, $N$40)	25533.128543114341
N48	OarForces(170,5.2,$B$34,$B$35,$B$33,E48,F48,G48, $N$40)	25958.364800160321
N49	OarForces(170,5.2,$B$34,$B$35,$B$33,E49,F49,G49, $N$40)	26318.306641648731
N50	OarForces(170,5.2,$B$34,$B$35,$B$33,E50,F50,G50, $N$40)	26624.038562915135
N51	OarForces(170,5.2,$B$34,$B$35,$B$33,E51,F51,G51, $N$40)	26884.531374956143
N52	OarForces(170,5.2,$B$34,$B$35,$B$33,E52,F52,G52, $N$40)	27107.106571174765
N53	OarForces(170,5.2,$B$34,$B$35,$B$33,E53,F53,G53, $N$40)	27298.493558263897
N54	OarForces(170,5.2,$B$34,$B$35,$B$33,E54,F54,G54, $N$40)	27463.429961444013
N55	OarForces(170,5.2,$B$34,$B$35,$B$33,E55,F55,G55, $N$40)	27605.859149356042
N56	OarForces(170,5.2,$B$34,$B$35,$B$33,E56,F56,G56, $N$40)	27729.078500011194
N57	OarForces(170,5.2,$B$34,$B$35,$B$33,E57,F57,G57, $N$40)	27835.85710164495
N58	OarForces(170,5.2,$B$34,$B$35,$B$33,E58,F58,G58, $N$40)	27928.529703273904
N59	OarForces(170,5.2,$B$34,$B$35,$B$33,E59,F59,G59, $N$40)	28009.072119991088
N60	OarForces(170,5.2,$B$34,$B$35,$B$33,E60,F60,G60, $N$40)	28079.162089425419
N61	OarForces(170,5.2,$B$34,$B$35,$B$33,E61,F61,G61, $N$40)	28140.228658947588
N62	OarForces(170,5.2,$B$34,$B$35,$B$33,E62,F62,G62, $N$40)	28193.492484861385
N63	OarForces(170,5.2,$B$34,$B$35,$B$33,E63,F63,G63, $N$40)	28239.998891786872
N64	OarForces(170,5.2,$B$34,$B$35,$B$33,E64,F64,G64, $N$40)	28280.645132803122
N65	OarForces(170,5.2,$B$34,$B$35,$B$33,E65,F65,G65, $N$40)	28316.202978427253
N66	OarForces(170,5.2,$B$34,$B$35,$B$33,E66,F66,G66, $N$40)	28347.337522227375
N67	OarForces(170,5.2,$B$34,$B$35,$B$33,E67,F67,G67, $N$40)	28374.62290543905
N68	OarForces(170,5.2,$B$34,$B$35,$B$33,E68,F68,G68, $N$40)	28398.555519261634
N69	OarForces(170,5.2,$B$34,$B$35,$B$33,E69,F69,G69, $N$40)	28419.56513165083
N70	OarForces(170,5.2,$B$34,$B$35,$B$33,E70,F70,G70, $N$40)	28438.024297920554
N71	OarForces(170,5.2,$B$34,$B$35,$B$33,E71,F71,G71, $N$40)	28454.256345669619
N72	OarForces(170,5.2,$B$34,$B$35,$B$33,E72,F72,G72, $N$40)	28468.542170175169
N73	OarForces(170,5.2,$B$34,$B$35,$B$33,E73,F73,G73, $N$40)	28481.126033193712
N74	OarForces(170,5.2,$B$34,$B$35,$B$33,E74,F74,G74, $N$40)	28492.220523603057
N75	OarForces(170,5.2,$B$34,$B$35,$B$33,E75,F75,G75, $N$40)	28502.010810609394
N76	OarForces(170,5.2,$B$34,$B$35,$B$33,E76,F76,G76, $N$40)	28510.658297876431
N77	OarForces(170,5.2,$B$34,$B$35,$B$33,E77,F77,G77, $N$40)	28518.303768785925
N78	OarForces(170,5.2,$B$34,$B$35,$B$33,E78,F78,G78, $N$40)	28525.070098239994
N79	OarForces(170,5.2,$B$34,$B$35,$B$33,E79,F79,G79, $N$40)	28531.064594289321
N80	OarForces(170,5.2,$B$34,$B$35,$B$33,E80,F80,G80, $N$40)	28536.381022887686
N81	OarForces(170,5.2,$B$34,$B$35,$B$33,E81,F81,G81, $N$40)	28541.101360816505
N82	OarForces(170,5.2,$B$34,$B$35,$B$33,E82,F82,G82, $N$40)	28545.297314964879
N83	OarForces(170,5.2,$B$34,$B$35,$B$33,E83,F83,G83, $N$40)	28549.031640430756
N84	OarForces(170,5.2,$B$34,$B$35,$B$33,E84,F84,G84, $N$40)	28552.359285119717
N85	OarForces(170,5.2,$B$34,$B$35,$B$33,E85,F85,G85, $N$40)	28555.328384492888
N86	OarForces(170,5.2,$B$34,$B$35,$B$33,E86,F86,G86, $N$40)	28557.981126721952
N87	OarForces(170,5.2,$B$34,$B$35,$B$33,E87,F87,G87, $N$40)	28560.354505637795
N88	OarForces(170,5.2,$B$34,$B$35,$B$33,E88,F88,G88, $N$40)	28562.480976423059
N89	OarForces(170,5.2,$B$34,$B$35,$B$33,E89,F89,G89, $N$40)	28564.389026926045
N90	OarForces(170,5.2,$B$34,$B$35,$B$33,E90,F90,G90, $N$40)	28566.103675704711
N91	OarForces(170,5.2,$B$34,$B$35,$B$33,E91,F91,G91, $N$40)	28567.646906397669
N92	OarForces(170,5.2,$B$34,$B$35,$B$33,E92,F92,G92, $N$40)	28569.038046723006
N93	OarForces(170,5.2,$B$34,$B$35,$B$33,E93,F93,G93, $N$40)	28570.294099293187
N94	OarForces(170,5.2,$B$34,$B$35,$B$33,E94,F94,G94, $N$40)	28571.430030477211
N95	OarForces(170,5.2,$B$34,$B$35,$B$33,E95,F95,G95, $N$40)	28572.459022716463
N96	OarForces(170,5.2,$B$34,$B$35,$B$33,E96,F96,G96, $N$40)	28573.392694989074
N97	OarForces(170,5.2,$B$34,$B$35,$B$33,E97,F97,G97, $N$40)	28574.241295502812
N98	OarForces(170,5.2,$B$34,$B$35,$B$33,E98,F98,G98, $N$40)	28575.013870164428
N99	OarForces(170,5.2,$B$34,$B$35,$B$33,E99,F99,G99, $N$40)	28575.718409912683
O100	$B$11*IF($B$24="Y",RudderForces($B$15,$B$16,$B$13,$B$14,$B$12,$B$23,E100,F100,G100,$O$40),0)	-4270.1443914137108
O101	$B$11*IF($B$24="Y",RudderForces($B$15,$B$16,$B$13,$B$14,$B$12,$B$23,E101,F101,G101,$O$40),0)	-4269.3418217312783
O102	$B$11*IF($B$24="Y",RudderForces($B$15,$B$16,$B$13,$B$14,$B$12,$B$23,E102,F102,G102,$O$40),0)	-4268.6044366821607
O103	$B$11*IF($B$24="Y",RudderForces($B$15,$B$16,$B$13,$B$14,$B$12,$B$23,E103,F103,G103,$O$40),0)	-4267.9258703024161
O104	$B$11*IF($B$24="Y",RudderForces($B$15,$B$16,$B$13,$B$14,$B$12,$B$23,E104,F104,G104,$O$40),0)	-4267.3004648371452
O105	$B$11*IF($B$24="Y",RudderForces($B$15,$B$16,$B$13,$B$14,$B$12,$B$23,E105,F105,G105,$O$40),0)	-4266.7231860541851
O106	$B$11*IF($B$24="Y",RudderForces($B$15,$B$16,$B$13,$B$14,$B$12,$B$23,E106,F106,G106,$O$40),0)	-4266.1895490581237
O107	$B$11*IF($B$24="Y",RudderForces($B$15,$B$16,$B$13,$B$14,$B$12,$B$23,E107,F107,G107,$O$40),0)	-4265.695553276084
O108	$B$11*IF($B$24="Y",RudderForces($B$15,$B$16,$B$13,$B$14,$B$12,$B$23,E108,F108,G108,$O$40),0)	-4265.2376254576484
O109	$B$11*IF($B$24="Y",RudderForces($B$15,$B$16,$B$13,$B$14,$B$12,$B$23,E109,F109,G109,$O$40),0)	-4264.8125696797397
O110	$B$11*IF($B$24="Y",RudderForces($B$15,$B$16,$B$13,$B$14,$B$12,$B$23,E110,F110,G110,$O$40),0)	-4264.4175234762097
O111	$B$11*IF($B$24="Y",RudderForces($B$15,$B$16,$B$13,$B$14,$B$12,$B$23,E111,F111,G111,$O$40),0)	-4264.0499193243186
O112	$B$11*IF($B$24="Y",RudderForces($B$15,$B$16,$B$13,$B$14,$B$12,$B$23,E112,F112,G112,$O$40),0)	-4263.7074508178193
O113	$B$11*IF($B$24="Y",RudderForces($B$15,$B$16,$B$13,$B$14,$B$12,$B$23,E113,F113,G113,$O$40),0)	-4263.3880429415694
O114	$B$11*IF($B$24="Y",RudderForces($B$15,$B$16,$B$13,$B$14,$B$12,$B$23,E114,F114,G114,$O$40),0)	-4263.0898259367232
O115	$B$11*IF($B$24="Y",RudderForces($B$15,$B$16,$B$13,$B$14,$B$12,$B$23,E115,F115,G115,$O$40),0)	-4262.8111123101062
O116	$B$11*IF($B$24="Y",RudderForces($B$15,$B$16,$B$13,$B$14,$B$12,$B$23,E116,F116,G116,$O$40),0)	-4262.5503765978265
O117	$B$11*IF($B$24="Y",RudderForces($B$15,$B$16,$B$13,$B$14,$B$12,$B$23,E117,F117,G117,$O$40),0)	-4262.3062375422269
O118	$B$11*IF($B$24="Y",RudderForces($B$15,$B$16,$B$13,$B$14,$B$12,$B$23,E118,F118,G118,$O$40),0)	-4262.077442384264
O119	$B$11*IF($B$24="Y",RudderForces($B$15,$B$16,$B$13,$B$14,$B$12,$B$23,E119,F119,G119,$O$40),0)	-4261.8628530107071
O120	$B$11*IF($B$24="Y",RudderForces($B$15,$B$16,$B$13,$B$14,$B$12,$B$23,E120,F120,G120,$O$40),0)	-4261.6614337283745
O121	$B$11*IF($B$24="Y",RudderForces($B$15,$B$16,$B$13,$B$14,$B$12,$B$23,E121,F121,G121,$O$40),0)	-4261.4722404659924
O122	$B$11*IF($B$24="Y",RudderForces($B$15,$B$16,$B$13,$B$14,$B$12,$B$23,E122,F122,G122,$O$40),0)	-4261.2944112293253
O123	$B$11*IF($B$24="Y",RudderForces($B$15,$B$16,$B$13,$B$14,$B$12,$B$23,E123,F123,G123,$O$40),0)	-4261.1271576568834
O124	$B$11*IF($B$24="Y",RudderForces($B$15,$B$16,$B$13,$B$14,$B$12,$B$23,E124,F124,G124,$O$40),0)	-4260.9697575426271
O125	$B$11*IF($B$24="Y",RudderForces($B$15,$B$16,$B$13,$B$14,$B$12,$B$23,E125,F125,G125,$O$40),0)	-4260.821548208587
O126	$B$11*IF($B$24="Y",RudderForces($B$15,$B$16,$B$13,$B$14,$B$12,$B$23,E126,F126,G126,$O$40),0)	-4260.6819206250602
O127	$B$11*IF($B$24="Y",RudderForces($B$15,$B$16,$B$13,$B$14,$B$12,$B$23,E127,F127,G127,$O$40),0)	-4260.550314188421
O128	$B$11*IF($B$24="Y",RudderForces($B$15,$B$16,$B$13,$B$14,$B$12,$B$23,E128,F128,G128,$O$40),0)	-4260.4262120780531
O129	$B$11*IF($B$24="Y",RudderForces($B$15,$B$16,$B$13,$B$14,$B$12,$B$23,E129,F129,G129,$O$40),0)	-4260.3091371233559
O130	$B$11*IF($B$24="Y",RudderForces($B$15,$B$16,$B$13,$B$14,$B$12,$B$23,E130,F130,G130,$O$40),0)	-4260.1986481203494
O131	$B$11*IF($B$24="Y",RudderForces($B$15,$B$16,$B$13,$B$14,$B$12,$B$23,E131,F131,G131,$O$40),0)	-4260.0943365449493
O135		Rudder (boat axes)
O136		X
O137	$C$11*IF($C$24="Y",RudderForces($C$15,$C$16,$C$13,$C$14,$C$12,$C$23,E137,F137,G137,$O$40),0)	-7679.6326522152231
O138	$C$11*IF($C$24="Y",RudderForces($C$15,$C$16,$C$13,$C$14,$C$12,$C$23,E138,F138,G138,$O$40),0)	-5911.4181665714032
O139	$C$11*IF($C$24="Y",RudderForces($C$15,$C$16,$C$13,$C$14,$C$12,$C$23,E139,F139,G139,$O$40),0)	-4758.5535844434016
O140	$C$11*IF($C$24="Y",RudderForces($C$15,$C$16,$C$13,$C$14,$C$12,$C$23,E140,F140,G140,$O$40),0)	-3957.9100677466486
O141	$C$11*IF($C$24="Y",RudderForces($C$15,$C$16,$C$13,$C$14,$C$12,$C$23,E141,F141,G141,$O$40),0)	-3367.3885705957732
O142	$C$11*IF($C$24="Y",RudderForces($C$15,$C$16,$C$13,$C$14,$C$12,$C$23,E142,F142,G142,$O$40),0)	-2920.8542714490759
O143	$C$11*IF($C$24="Y",RudderForces($C$15,$C$16,$C$13,$C$14,$C$12,$C$23,E143,F143,G143,$O$40),0)	-2571.7761449495274
O144	$C$11*IF($C$24="Y",RudderForces($C$15,$C$16,$C$13,$C$14,$C$12,$C$23,E144,F144,G144,$O$40),0)	-2294.3828691263461
O145	$C$11*IF($C$24="Y",RudderForces($C$15,$C$16,$C$13,$C$14,$C$12,$C$23,E145,F145,G145,$O$40),0)	-2070.8200500960393
O146	$C$11*IF($C$24="Y",RudderForces($C$15,$C$16,$C$13,$C$14,$C$12,$C$23,E146,F146,G146,$O$40),0)	-1887.2444290453413
O147	$C$11*IF($C$24="Y",RudderForces($C$15,$C$16,$C$13,$C$14,$C$12,$C$23,E147,F147,G147,$O$40),0)	-1734.7995317005405
O148	$C$11*IF($C$24="Y",RudderForces($C$15,$C$16,$C$13,$C$14,$C$12,$C$23,E148,F148,G148,$O$40),0)	-1607.1414253562339
O149	$C$11*IF($C$24="Y",RudderForces($C$15,$C$16,$C$13,$C$14,$C$12,$C$23,E149,F149,G149,$O$40),0)	-1499.4713803628306
O150	$C$11*IF($C$24="Y",RudderForces($C$15,$C$16,$C$13,$C$14,$C$12,$C$23,E150,F150,G150,$O$40),0)	-1408.1028781971236
O151	$C$11*IF($C$24="Y",RudderForces($C$15,$C$16,$C$13,$C$14,$C$12,$C$23,E151,F151,G151,$O$40),0)	-1330.1635619129454
O152	$C$11*IF($C$24="Y",RudderForces($C$15,$C$16,$C$13,$C$14,$C$12,$C$23,E152,F152,G152,$O$40),0)	-1263.3435427436884
O153	$C$11*IF($C$24="Y",RudderForces($C$15,$C$16,$C$13,$C$14,$C$12,$C$23,E153,F153,G153,$O$40),0)	-1205.5781731413097
O154	$C$11*IF($C$24="Y",RudderForces($C$15,$C$16,$C$13,$C$14,$C$12,$C$23,E154,F154,G154,$O$40),0)	-1155.4950884365614
O155	$C$11*IF($C$24="Y",RudderForces($C$15,$C$16,$C$13,$C$14,$C$12,$C$23,E155,F155,G155,$O$40),0)	-1111.969213006837
O156	$C$11*IF($C$24="Y",RudderForces($C$15,$C$16,$C$13,$C$14,$C$12,$C$23,E156,F156,G156,$O$40),0)	-1074.070024371623
O157	$C$11*IF($C$24="Y",RudderForces($C$15,$C$16,$C$13,$C$14,$C$12,$C$23,E157,F157,G157,$O$40),0)	-1041.0216954821381
O158	$C$11*IF($C$24="Y",RudderForces($C$15,$C$16,$C$13,$C$14,$C$12,$C$23,E158,F158,G158,$O$40),0)	-1012.1726060784749
O159	$C$11*IF($C$24="Y",RudderForces($C$15,$C$16,$C$13,$C$14,$C$12,$C$23,E159,F159,G159,$O$40),0)	-986.97176462803588
O160	$C$11*IF($C$24="Y",RudderForces($C$15,$C$16,$C$13,$C$14,$C$12,$C$23,E160,F160,G160,$O$40),0)	-964.9503911519846
O161	$C$11*IF($C$24="Y",RudderForces($C$15,$C$16,$C$13,$C$14,$C$12,$C$23,E161,F161,G161,$O$40),0)	-945.70739794036217
O162	$C$11*IF($C$24="Y",RudderForces($C$15,$C$16,$C$13,$C$14,$C$12,$C$23,E162,F162,G162,$O$40),0)	-928.89784470528502
O163	$C$11*IF($C$24="Y",RudderForces($C$15,$C$16,$C$13,$C$14,$C$12,$C$23,E163,F163,G163,$O$40),0)	-914.22368504863107
O164	$C$11*IF($C$24="Y",RudderForces($C$15,$C$16,$C$13,$C$14,$C$12,$C$23,E164,F164,G164,$O$40),0)	-901.42629346443005
O165	$C$11*IF($C$24="Y",RudderForces($C$15,$C$16,$C$13,$C$14,$C$12,$C$23,E165,F165,G165,$O$40),0)	-890.28038717944321
O166	$C$11*IF($C$24="Y",RudderForces($C$15,$C$16,$C$13,$C$14,$C$12,$C$23,E166,F166,G166,$O$40),0)	-880.58904892607552
O167	$C$11*IF($C$24="Y",RudderForces($C$15,$C$16,$C$13,$C$14,$C$12,$C$23,E167,F167,G167,$O$40),0)	-872.17962479274081
O168	$C$11*IF($C$24="Y",RudderForces($C$15,$C$16,$C$13,$C$14,$C$12,$C$23,E168,F168,G168,$O$40),0)	-864.90032222933587
O169	$C$11*IF($C$24="Y",RudderForces($C$15,$C$16,$C$13,$C$14,$C$12,$C$23,E169,F169,G169,$O$40),0)	-858.61737174487894
O170	$C$11*IF($C$24="Y",RudderForces($C$15,$C$16,$C$13,$C$14,$C$12,$C$23,E170,F170,G170,$O$40),0)	-853.21264511689697
O171	$C$11*IF($C$24="Y",RudderForces($C$15,$C$16,$C$13,$C$14,$C$12,$C$23,E171,F171,G171,$O$40),0)	-848.58164540100097
O172	$C$11*IF($C$24="Y",RudderForces($C$15,$C$16,$C$13,$C$14,$C$12,$C$23,E172,F172,G172,$O$40),0)	-844.63180139539622
O173	$C$11*IF($C$24="Y",RudderForces($C$15,$C$16,$C$13,$C$14,$C$12,$C$23,E173,F173,G173,$O$40),0)	-841.281012728934
O174	$C$11*IF($C$24="Y",RudderForces($C$15,$C$16,$C$13,$C$14,$C$12,$C$23,E174,F174,G174,$O$40),0)	-838.45640232387404
O175	$C$11*IF($C$24="Y",RudderForces($C$15,$C$16,$C$13,$C$14,$C$12,$C$23,E175,F175,G175,$O$40),0)	-836.09324132065433
O176	$C$11*IF($C$24="Y",RudderForces($C$15,$C$16,$C$13,$C$14,$C$12,$C$23,E176,F176,G176,$O$40),0)	-834.13401815391558
O177	$C$11*IF($C$24="Y",RudderForces($C$15,$C$16,$C$13,$C$14,$C$12,$C$23,E177,F177,G177,$O$40),0)	-832.52762872404105
O178	$C$11*IF($C$24="Y",RudderForces($C$15,$C$16,$C$13,$C$14,$C$12,$C$23,E178,F178,G178,$O$40),0)	-831.22866881033337
O179	$C$11*IF($C$24="Y",RudderForces($C$15,$C$16,$C$13,$C$14,$C$12,$C$23,E179,F179,G179,$O$40),0)	-830.19681324587737
O180	$C$11*IF($C$24="Y",RudderForces($C$15,$C$16,$C$13,$C$14,$C$12,$C$23,E180,F180,G180,$O$40),0)	-829.39626909363028
O181	$C$11*IF($C$24="Y",RudderForces($C$15,$C$16,$C$13,$C$14,$C$12,$C$23,E181,F181,G181,$O$40),0)	-828.79529226288855
O182	$C$11*IF($C$24="Y",RudderForces($C$15,$C$16,$C$13,$C$14,$C$12,$C$23,E182,F182,G182,$O$40),0)	-828.36575879009581
O183	$C$11*IF($C$24="Y",RudderForces($C$15,$C$16,$C$13,$C$14,$C$12,$C$23,E183,F183,G183,$O$40),0)	-828.08278346052134
O184	$C$11*IF($C$24="Y",RudderForces($C$15,$C$16,$C$13,$C$14,$C$12,$C$23,E184,F184,G184,$O$40),0)	-827.92437963279042
O185	$C$11*IF($C$24="Y",RudderForces($C$15,$C$16,$C$13,$C$14,$C$12,$C$23,E185,F185,G185,$O$40),0)	-827.87115509821751
O186	$C$11*IF($C$24="Y",RudderForces($C$15,$C$16,$C$13,$C$14,$C$12,$C$23,E186,F186,G186,$O$40),0)	-827.90603960288797
O187	$C$11*IF($C$24="Y",RudderForces($C$15,$C$16,$C$13,$C$14,$C$12,$C$23,E187,F187,G187,$O$40),0)	-828.01404031503921
O188	$C$11*IF($C$24="Y",RudderForces($C$15,$C$16,$C$13,$C$14,$C$12,$C$23,E188,F188,G188,$O$40),0)	-828.18202206056674
O189	$C$11*IF($C$24="Y",RudderForces($C$15,$C$16,$C$13,$C$14,$C$12,$C$23,E189,F189,G189,$O$40),0)	-828.39850959635146
O190	$C$11*IF($C$24="Y",RudderForces($C$15,$C$16,$C$13,$C$14,$C$12,$C$23,E190,F190,G190,$O$40),0)	-828.65350956219993
O191	$C$11*IF($C$24="Y",RudderForces($C$15,$C$16,$C$13,$C$14,$C$12,$C$23,E191,F191,G191,$O$40),0)	-828.93835006135646
O192	$C$11*IF($C$24="Y",RudderForces($C$15,$C$16,$C$13,$C$14,$C$12,$C$23,E192,F192,G192,$O$40),0)	-829.24553607817802
O193	$C$11*IF($C$24="Y",RudderForces($C$15,$C$16,$C$13,$C$14,$C$12,$C$23,E193,F193,G193,$O$40),0)	-829.56861915895388
O194	$C$11*IF($C$24="Y",RudderForces($C$15,$C$16,$C$13,$C$14,$C$12,$C$23,E194,F194,G194,$O$40),0)	-829.90207996539266
O195	$C$11*IF($C$24="Y",RudderForces($C$15,$C$16,$C$13,$C$14,$C$12,$C$23,E195,F195,G195,$O$40),0)	-830.24122246622619
O196	$C$11*IF($C$24="Y",RudderForces($C$15,$C$16,$C$13,$C$14,$C$12,$C$23,E196,F196,G196,$O$40),0)	-830.58207866552266
O197	$C$11*IF($C$24="Y",RudderForces($C$15,$C$16,$C$13,$C$14,$C$12,$C$23,E197,F197,G197,$O$40),0)	-830.92132288077141
O198	$C$11*IF($C$24="Y",RudderForces($C$15,$C$16,$C$13,$C$14,$C$12,$C$23,E198,F198,G198,$O$40),0)	-831.25619468287925
O199	$C$11*IF($C$24="Y",RudderForces($C$15,$C$16,$C$13,$C$14,$C$12,$C$23,E199,F199,G199,$O$40),0)	-831.58442969647024
O200	$C$11*IF($C$24="Y",RudderForces($C$15,$C$16,$C$13,$C$14,$C$12,$C$23,E200,F200,G200,$O$40),0)	-831.9041975345956
O201	$C$11*IF($C$24="Y",RudderForces($C$15,$C$16,$C$13,$C$14,$C$12,$C$23,E201,F201,G201,$O$40),0)	-832.21404620876956
O202	$C$11*IF($C$24="Y",RudderForces($C$15,$C$16,$C$13,$C$14,$C$12,$C$23,E202,F202,G202,$O$40),0)	-832.51285241465575
O203	$C$11*IF($C$24="Y",RudderForces($C$15,$C$16,$C$13,$C$14,$C$12,$C$23,E203,F203,G203,$O$40),0)	-832.79977714682127
O204	$C$11*IF($C$24="Y",RudderForces($C$15,$C$16,$C$13,$C$14,$C$12,$C$23,E204,F204,G204,$O$40),0)	-833.07422614374116
O205	$C$11*IF($C$24="Y",RudderForces($C$15,$C$16,$C$13,$C$14,$C$12,$C$23,E205,F205,G205,$O$40),0)	-833.33581470738363
O206	$C$11*IF($C$24="Y",RudderForces($C$15,$C$16,$C$13,$C$14,$C$12,$C$23,E206,F206,G206,$O$40),0)	-833.58433648089317
O207	$C$11*IF($C$24="Y",RudderForces($C$15,$C$16,$C$13,$C$14,$C$12,$C$23,E207,F207,G207,$O$40),0)	-833.81973580359227
O208	$C$11*IF($C$24="Y",RudderForces($C$15,$C$16,$C$13,$C$14,$C$12,$C$23,E208,F208,G208,$O$40),0)	-834.04208329517905
O209	$C$11*IF($C$24="Y",RudderForces($C$15,$C$16,$C$13,$C$14,$C$12,$C$23,E209,F209,G209,$O$40),0)	-834.2515543508805
O210	$C$11*IF($C$24="Y",RudderForces($C$15,$C$16,$C$13,$C$14,$C$12,$C$23,E210,F210,G210,$O$40),0)	-834.44841025687538
O211	$C$11*IF($C$24="Y",RudderForces($C$15,$C$16,$C$13,$C$14,$C$12,$C$23,E211,F211,G211,$O$40),0)	-834.63298166051186
O212	$C$11*IF($C$24="Y",RudderForces($C$15,$C$16,$C$13,$C$14,$C$12,$C$23,E212,F212,G212,$O$40),0)	-834.8056541531837
O213	$C$11*IF($C$24="Y",RudderForces($C$15,$C$16,$C$13,$C$14,$C$12,$C$23,E213,F213,G213,$O$40),0)	-834.96685574516141
O214	$C$11*IF($C$24="Y",RudderForces($C$15,$C$16,$C$13,$C$14,$C$12,$C$23,E214,F214,G214,$O$40),0)	-835.1170460314413
O215	$C$11*IF($C$24="Y",RudderForces($C$15,$C$16,$C$13,$C$14,$C$12,$C$23,E215,F215,G215,$O$40),0)	-835.25670686593469
O216	$C$11*IF($C$24="Y",RudderForces($C$15,$C$16,$C$13,$C$14,$C$12,$C$23,E216,F216,G216,$O$40),0)	-835.38633437806538
O217	$C$11*IF($C$24="Y",RudderForces($C$15,$C$16,$C$13,$C$14,$C$12,$C$23,E217,F217,G217,$O$40),0)	-835.50643218133905
O218	$C$11*IF($C$24="Y",RudderForces($C$15,$C$16,$C$13,$C$14,$C$12,$C$23,E218,F218,G218,$O$40),0)	-835.61750563767248
O219	$C$11*IF($C$24="Y",RudderForces($C$15,$C$16,$C$13,$C$14,$C$12,$C$23,E219,F219,G219,$O$40),0)	-835.72005705430342
O220	$C$11*IF($C$24="Y",RudderForces($C$15,$C$16,$C$13,$C$14,$C$12,$C$23,E220,F220,G220,$O$40),0)	-835.81458170217763
O221	$C$11*IF($C$24="Y",RudderForces($C$15,$C$16,$C$13,$C$14,$C$12,$C$23,E221,F221,G221,$O$40),0)	-835.90156455564875
O222	$C$11*IF($C$24="Y",RudderForces($C$15,$C$16,$C$13,$C$14,$C$12,$C$23,E222,F222,G222,$O$40),0)	-835.9814776634604
O223	$C$11*IF($C$24="Y",RudderForces($C$15,$C$16,$C$13,$C$14,$C$12,$C$23,E223,F223,G223,$O$40),0)	-836.05477807016518
O224	$C$11*IF($C$24="Y",RudderForces($C$15,$C$16,$C$13,$C$14,$C$12,$C$23,E224,F224,G224,$O$40),0)	-836.12190621560876
O225	$C$11*IF($C$24="Y",RudderForces($C$15,$C$16,$C$13,$C$14,$C$12,$C$23,E225,F225,G225,$O$40),0)	-836.18328474770487
O226	$C$11*IF($C$24="Y",RudderForces($C$15,$C$16,$C$13,$C$14,$C$12,$C$23,E226,F226,G226,$O$40),0)	-836.23931769081662
O227	$C$11*IF($C$24="Y",RudderForces($C$15,$C$16,$C$13,$C$14,$C$12,$C$23,E227,F227,G227,$O$40),0)	-836.29038991833215
O39		Rudder (boat axes)
O40		X
O41	$B$11*IF($B$24="Y",RudderForces($B$15,$B$16,$B$13,$B$14,$B$12,$B$23,E41,F41,G41,$O$40),0)	-23038.897956645669
O42	$B$11*IF($B$24="Y",RudderForces($B$15,$B$16,$B$13,$B$14,$B$12,$B$23,E42,F42,G42,$O$40),0)	-18332.105874142817
O43	$B$11*IF($B$24="Y",RudderForces($B$15,$B$16,$B$13,$B$14,$B$12,$B$23,E43,F43,G43,$O$40),0)	-15225.790552367778
O44	$B$11*IF($B$24="Y",RudderForces($B$15,$B$16,$B$13,$B$14,$B$12,$B$23,E44,F44,G44,$O$40),0)	-13006.451599646391
O45	$B$11*IF($B$24="Y",RudderForces($B$15,$B$16,$B$13,$B$14,$B$12,$B$23,E45,F45,G45,$O$40),0)	-11351.875937822815
O46	$B$11*IF($B$24="Y",RudderForces($B$15,$B$16,$B$13,$B$14,$B$12,$B$23,E46,F46,G46,$O$40),0)	-10081.008307926149
O47	$B$11*IF($B$24="Y",RudderForces($B$15,$B$16,$B$13,$B$14,$B$12,$B$23,E47,F47,G47,$O$40),0)	-9086.7868763741462
O48	$B$11*IF($B$24="Y",RudderForces($B$15,$B$16,$B$13,$B$14,$B$12,$B$23,E48,F48,G48,$O$40),0)	-8294.7255174220791
O49	$B$11*IF($B$24="Y",RudderForces($B$15,$B$16,$B$13,$B$14,$B$12,$B$23,E49,F49,G49,$O$40),0)	-7656.2156416763501
O50	$B$11*IF($B$24="Y",RudderForces($B$15,$B$16,$B$13,$B$14,$B$12,$B$23,E50,F50,G50,$O$40),0)	-7136.2654109086698
O51	$B$11*IF($B$24="Y",RudderForces($B$15,$B$16,$B$13,$B$14,$B$12,$B$23,E51,F51,G51,$O$40),0)	-6709.1431813953313
O52	$B$11*IF($B$24="Y",RudderForces($B$15,$B$16,$B$13,$B$14,$B$12,$B$23,E52,F52,G52,$O$40),0)	-6355.5777344453909
O53	$B$11*IF($B$24="Y",RudderForces($B$15,$B$16,$B$13,$B$14,$B$12,$B$23,E53,F53,G53,$O$40),0)	-6059.8395305592685
O54	$B$11*IF($B$24="Y",RudderForces($B$15,$B$16,$B$13,$B$14,$B$12,$B$23,E54,F54,G54,$O$40),0)	-5811.0416108672471
O55	$B$11*IF($B$24="Y",RudderForces($B$15,$B$16,$B$13,$B$14,$B$12,$B$23,E55,F55,G55,$O$40),0)	-5600.6637851741316
O56	$B$11*IF($B$24="Y",RudderForces($B$15,$B$16,$B$13,$B$14,$B$12,$B$23,E56,F56,G56,$O$40),0)	-5421.9670930419616
O57	$B$11*IF($B$24="Y",RudderForces($B$15,$B$16,$B$13,$B$14,$B$12,$B$23,E57,F57,G57,$O$40),0)	-5269.5695484098278
O58	$B$11*IF($B$24="Y",RudderForces($B$15,$B$16,$B$13,$B$14,$B$12,$B$23,E58,F58,G58,$O$40),0)	-5139.1346012636213
O59	$B$11*IF($B$24="Y",RudderForces($B$15,$B$16,$B$13,$B$14,$B$12,$B$23,E59,F59,G59,$O$40),0)	-5027.1395607340464
O60	$B$11*IF($B$24="Y",RudderForces($B$15,$B$16,$B$13,$B$14,$B$12,$B$23,E60,F60,G60,$O$40),0)	-4930.7015005678277
O61	$B$11*IF($B$24="Y",RudderForces($B$15,$B$16,$B$13,$B$14,$B$12,$B$23,E61,F61,G61,$O$40),0)	-4847.4449884866481
O62	$B$11*IF($B$24="Y",RudderForces($B$15,$B$16,$B$13,$B$14,$B$12,$B$23,E62,F62,G62,$O$40),0)	-4775.4005871349491
O63	$B$11*IF($B$24="Y",RudderForces($B$15,$B$16,$B$13,$B$14,$B$12,$B$23,E63,F63,G63,$O$40),0)	-4712.9262318583287
O64	$B$11*IF($B$24="Y",RudderForces($B$15,$B$16,$B$13,$B$14,$B$12,$B$23,E64,F64,G64,$O$40),0)	-4658.6457837879525
O65	$B$11*IF($B$24="Y",RudderForces($B$15,$B$16,$B$13,$B$14,$B$12,$B$23,E65,F65,G65,$O$40),0)	-4611.4005983628649
O66	$B$11*IF($B$24="Y",RudderForces($B$15,$B$16,$B$13,$B$14,$B$12,$B$23,E66,F66,G66,$O$40),0)	-4570.2110449525971
O67	$B$11*IF($B$24="Y",RudderForces($B$15,$B$16,$B$13,$B$14,$B$12,$B$23,E67,F67,G67,$O$40),0)	-4534.2456996545843
O68	$B$11*IF($B$24="Y",RudderForces($B$15,$B$16,$B$13,$B$14,$B$12,$B$23,E68,F68,G68,$O$40),0)	-4502.7965032190259
O69	$B$11*IF($B$24="Y",RudderForces($B$15,$B$16,$B$13,$B$14,$B$12,$B$23,E69,F69,G69,$O$40),0)	-4475.2585927131786
O70	$B$11*IF($B$24="Y",RudderForces($B$15,$B$16,$B$13,$B$14,$B$12,$B$23,E70,F70,G70,$O$40),0)	-4451.113822754689
O71	$B$11*IF($B$24="Y",RudderForces($B$15,$B$16,$B$13,$B$14,$B$12,$B$23,E71,F71,G71,$O$40),0)	-4429.9172204952438
O72	$B$11*IF($B$24="Y",RudderForces($B$15,$B$16,$B$13,$B$14,$B$12,$B$23,E72,F72,G72,$O$40),0)	-4411.2857895780417
O73	$B$11*IF($B$24="Y",RudderForces($B$15,$B$16,$B$13,$B$14,$B$12,$B$23,E73,F73,G73,$O$40),0)	-4394.8892073609131
O74	$B$11*IF($B$24="Y",RudderForces($B$15,$B$16,$B$13,$B$14,$B$12,$B$23,E74,F74,G74,$O$40),0)	-4380.4420577894934
O75	$B$11*IF($B$24="Y",RudderForces($B$15,$B$16,$B$13,$B$14,$B$12,$B$23,E75,F75,G75,$O$40),0)	-4367.6973173748247
O76	$B$11*IF($B$24="Y",RudderForces($B$15,$B$16,$B$13,$B$14,$B$12,$B$23,E76,F76,G76,$O$40),0)	-4356.4408695680777
O77	$B$11*IF($B$24="Y",RudderForces($B$15,$B$16,$B$13,$B$14,$B$12,$B$23,E77,F77,G77,$O$40),0)	-4346.4868676816623
O78	$B$11*IF($B$24="Y",RudderForces($B$15,$B$16,$B$13,$B$14,$B$12,$B$23,E78,F78,G78,$O$40),0)	-4337.6738015183828
O79	$B$11*IF($B$24="Y",RudderForces($B$15,$B$16,$B$13,$B$14,$B$12,$B$23,E79,F79,G79,$O$40),0)	-4329.86115037127
O80	$B$11*IF($B$24="Y",RudderForces($B$15,$B$16,$B$13,$B$14,$B$12,$B$23,E80,F80,G80,$O$40),0)	-4322.9265267915735
O81	$B$11*IF($B$24="Y",RudderForces($B$15,$B$16,$B$13,$B$14,$B$12,$B$23,E81,F81,G81,$O$40),0)	-4316.7632328035315
O82	$B$11*IF($B$24="Y",RudderForces($B$15,$B$16,$B$13,$B$14,$B$12,$B$23,E82,F82,G82,$O$40),0)	-4311.2781640664052
O83	$B$11*IF($B$24="Y",RudderForces($B$15,$B$16,$B$13,$B$14,$B$12,$B$23,E83,F83,G83,$O$40),0)	-4306.390008602868
O84	$B$11*IF($B$24="Y",RudderForces($B$15,$B$16,$B$13,$B$14,$B$12,$B$23,E84,F84,G84,$O$40),0)	-4302.0276957073065
O85	$B$11*IF($B$24="Y",RudderForces($B$15,$B$16,$B$13,$B$14,$B$12,$B$23,E85,F85,G85,$O$40),0)	-4298.1290579636179
O86	$B$11*IF($B$24="Y",RudderForces($B$15,$B$16,$B$13,$B$14,$B$12,$B$23,E86,F86,G86,$O$40),0)	-4294.6396752839828
O87	$B$11*IF($B$24="Y",RudderForces($B$15,$B$16,$B$13,$B$14,$B$12,$B$23,E87,F87,G87,$O$40),0)	-4291.5118747962933
O88	$B$11*IF($B$24="Y",RudderForces($B$15,$B$16,$B$13,$B$14,$B$12,$B$23,E88,F88,G88,$O$40),0)	-4288.7038644678541
O89	$B$11*IF($B$24="Y",RudderForces($B$15,$B$16,$B$13,$B$14,$B$12,$B$23,E89,F89,G89,$O$40),0)	-4286.1789817212648
O90	$B$11*IF($B$24="Y",RudderForces($B$15,$B$16,$B$13,$B$14,$B$12,$B$23,E90,F90,G90,$O$40),0)	-4283.9050411052904
O91	$B$11*IF($B$24="Y",RudderForces($B$15,$B$16,$B$13,$B$14,$B$12,$B$23,E91,F91,G91,$O$40),0)	-4281.8537674322451
O92	$B$11*IF($B$24="Y",RudderForces($B$15,$B$16,$B$13,$B$14,$B$12,$B$23,E92,F92,G92,$O$40),0)	-4280.0003027664916
O93	$B$11*IF($B$24="Y",RudderForces($B$15,$B$16,$B$13,$B$14,$B$12,$B$23,E93,F93,G93,$O$40),0)	-4278.3227773120962
O94	$B$11*IF($B$24="Y",RudderForces($B$15,$B$16,$B$13,$B$14,$B$12,$B$23,E94,F94,G94,$O$40),0)	-4276.8019356549466
O95	$B$11*IF($B$24="Y",RudderForces($B$15,$B$16,$B$13,$B$14,$B$12,$B$23,E95,F95,G95,$O$40),0)	-4275.4208110088603
O96	$B$11*IF($B$24="Y",RudderForces($B$15,$B$16,$B$13,$B$14,$B$12,$B$23,E96,F96,G96,$O$40),0)	-4274.1644411316411
O97	$B$11*IF($B$24="Y",RudderForces($B$15,$B$16,$B$13,$B$14,$B$12,$B$23,E97,F97,G97,$O$40),0)	-4273.0196204442927
O98	$B$11*IF($B$24="Y",RudderForces($B$15,$B$16,$B$13,$B$14,$B$12,$B$23,E98,F98,G98,$O$40),0)	-4271.9746836286013
O99	$B$11*IF($B$24="Y",RudderForces($B$15,$B$16,$B$13,$B$14,$B$12,$B$23,E99,F99,G99,$O$40),0)	-4271.0193166143199
P100	$B$11*IF($B$24="Y",RudderForces($B$15,$B$16,$B$13,$B$14,$B$12,$B$23,E100,F100,G100,$P$40),0)	-1508.5239339318919
P101	$B$11*IF($B$24="Y",RudderForces($B$15,$B$16,$B$13,$B$14,$B$12,$B$23,E101,F101,G101,$P$40),0)	-1508.2205874052868
P102	$B$11*IF($B$24="Y",RudderForces($B$15,$B$16,$B$13,$B$14,$B$12,$B$23,E102,F102,G102,$P$40),0)	-1507.9414762319839
P103	$B$11*IF($B$24="Y",RudderForces($B$15,$B$16,$B$13,$B$14,$B$12,$B$23,E103,F103,G103,$P$40),0)	-1507.6842657406789
P104	$B$11*IF($B$24="Y",RudderForces($B$15,$B$16,$B$13,$B$14,$B$12,$B$23,E104,F104,G104,$P$40),0)	-1507.4468788825272
P105	$B$11*IF($B$24="Y",RudderForces($B$15,$B$16,$B$13,$B$14,$B$12,$B$23,E105,F105,G105,$P$40),0)	-1507.2274655396998
P106	$B$11*IF($B$24="Y",RudderForces($B$15,$B$16,$B$13,$B$14,$B$12,$B$23,E106,F106,G106,$P$40),0)	-1507.0243756350283
P107	$B$11*IF($B$24="Y",RudderForces($B$15,$B$16,$B$13,$B$14,$B$12,$B$23,E107,F107,G107,$P$40),0)	-1506.8361355616796
P108	$B$11*IF($B$24="Y",RudderForces($B$15,$B$16,$B$13,$B$14,$B$12,$B$23,E108,F108,G108,$P$40),0)	-1506.6614275137199
P109	$B$11*IF($B$24="Y",RudderForces($B$15,$B$16,$B$13,$B$14,$B$12,$B$23,E109,F109,G109,$P$40),0)	-1506.4990713522766
P110	$B$11*IF($B$24="Y",RudderForces($B$15,$B$16,$B$13,$B$14,$B$12,$B$23,E110,F110,G110,$P$40),0)	-1506.3480086887416
P111	$B$11*IF($B$24="Y",RudderForces($B$15,$B$16,$B$13,$B$14,$B$12,$B$23,E111,F111,G111,$P$40),0)	-1506.2072889071173
P112	$B$11*IF($B$24="Y",RudderForces($B$15,$B$16,$B$13,$B$14,$B$12,$B$23,E112,F112,G112,$P$40),0)	-1506.076056883009
P113	$B$11*IF($B$24="Y",RudderForces($B$15,$B$16,$B$13,$B$14,$B$12,$B$23,E113,F113,G113,$P$40),0)	-1505.9535421875776
P114	$B$11*IF($B$24="Y",RudderForces($B$15,$B$16,$B$13,$B$14,$B$12,$B$23,E114,F114,G114,$P$40),0)	-1505.8390495915912
P115	$B$11*IF($B$24="Y",RudderForces($B$15,$B$16,$B$13,$B$14,$B$12,$B$23,E115,F115,G115,$P$40),0)	-1505.7319507081027
P116	$B$11*IF($B$24="Y",RudderForces($B$15,$B$16,$B$13,$B$14,$B$12,$B$23,E116,F116,G116,$P$40),0)	-1505.6316766326875
P117	$B$11*IF($B$24="Y",RudderForces($B$15,$B$16,$B$13,$B$14,$B$12,$B$23,E117,F117,G117,$P$40),0)	-1505.5377114579376
P118	$B$11*IF($B$24="Y",RudderForces($B$15,$B$16,$B$13,$B$14,$B$12,$B$23,E118,F118,G118,$P$40),0)	-1505.4495865544247
P119	$B$11*IF($B$24="Y",RudderForces($B$15,$B$16,$B$13,$B$14,$B$12,$B$23,E119,F119,G119,$P$40),0)	-1505.366875523888
P120	$B$11*IF($B$24="Y",RudderForces($B$15,$B$16,$B$13,$B$14,$B$12,$B$23,E120,F120,G120,$P$40),0)	-1505.2891897422228
P121	$B$11*IF($B$24="Y",RudderForces($B$15,$B$16,$B$13,$B$14,$B$12,$B$23,E121,F121,G121,$P$40),0)	-1505.2161744201455
P122	$B$11*IF($B$24="Y",RudderForces($B$15,$B$16,$B$13,$B$14,$B$12,$B$23,E122,F122,G122,$P$40),0)	-1505.1475051184409
P123	$B$11*IF($B$24="Y",RudderForces($B$15,$B$16,$B$13,$B$14,$B$12,$B$23,E123,F123,G123,$P$40),0)	-1505.0828846625502
P124	$B$11*IF($B$24="Y",RudderForces($B$15,$B$16,$B$13,$B$14,$B$12,$B$23,E124,F124,G124,$P$40),0)	-1505.0220404081604
P125	$B$11*IF($B$24="Y",RudderForces($B$15,$B$16,$B$13,$B$14,$B$12,$B$23,E125,F125,G125,$P$40),0)	-1504.9647218154419
P126	$B$11*IF($B$24="Y",RudderForces($B$15,$B$16,$B$13,$B$14,$B$12,$B$23,E126,F126,G126,$P$40),0)	-1504.9106982948235
P127	$B$11*IF($B$24="Y",RudderForces($B$15,$B$16,$B$13,$B$14,$B$12,$B$23,E127,F127,G127,$P$40),0)	-1504.8597572918497
P128	$B$11*IF($B$24="Y",RudderForces($B$15,$B$16,$B$13,$B$14,$B$12,$B$23,E128,F128,G128,$P$40),0)	-1504.81170258259
P129	$B$11*IF($B$24="Y",RudderForces($B$15,$B$16,$B$13,$B$14,$B$12,$B$23,E129,F129,G129,$P$40),0)	-1504.7663527546431
P130	$B$11*IF($B$24="Y",RudderForces($B$15,$B$16,$B$13,$B$14,$B$12,$B$23,E130,F130,G130,$P$40),0)	-1504.7235398518574
P131	$B$11*IF($B$24="Y",RudderForces($B$15,$B$16,$B$13,$B$14,$B$12,$B$23,E131,F131,G131,$P$40),0)	-1504.68310816351
P136		Y
P137	$C$11*IF($C$24="Y",RudderForces($C$15,$C$16,$C$13,$C$14,$C$12,$C$23,E137,F137,G137,$P$40),0)	-2949.2931813884693
P138	$C$11*IF($C$24="Y",RudderForces($C$15,$C$16,$C$13,$C$14,$C$12,$C$23,E138,F138,G138,$P$40),0)	-2214.3832898647725
P139	$C$11*IF($C$24="Y",RudderForces($C$15,$C$16,$C$13,$C$14,$C$12,$C$23,E139,F139,G139,$P$40),0)	-1753.2811586720513
P140	$C$11*IF($C$24="Y",RudderForces($C$15,$C$16,$C$13,$C$14,$C$12,$C$23,E140,F140,G140,$P$40),0)	-1441.1460496285947
P141	$C$11*IF($C$24="Y",RudderForces($C$15,$C$16,$C$13,$C$14,$C$12,$C$23,E141,F141,G141,$P$40),0)	-1215.2247671543942
P142	$C$11*IF($C$24="Y",RudderForces($C$15,$C$16,$C$13,$C$14,$C$12,$C$23,E142,F142,G142,$P$40),0)	-1046.8238604147884
P143	$C$11*IF($C$24="Y",RudderForces($C$15,$C$16,$C$13,$C$14,$C$12,$C$23,E143,F143,G143,$P$40),0)	-916.72487323471387
P144	$C$11*IF($C$24="Y",RudderForces($C$15,$C$16,$C$13,$C$14,$C$12,$C$23,E144,F144,G144,$P$40),0)	-814.35189528342528
P145	$C$11*IF($C$24="Y",RudderForces($C$15,$C$16,$C$13,$C$14,$C$12,$C$23,E145,F145,G145,$P$40),0)	-732.52409760270098
P146	$C$11*IF($C$24="Y",RudderForces($C$15,$C$16,$C$13,$C$14,$C$12,$C$23,E146,F146,G146,$P$40),0)	-665.80837311118864
P147	$C$11*IF($C$24="Y",RudderForces($C$15,$C$16,$C$13,$C$14,$C$12,$C$23,E147,F147,G147,$P$40),0)	-610.74246422555109
P148	$C$11*IF($C$24="Y",RudderForces($C$15,$C$16,$C$13,$C$14,$C$12,$C$23,E148,F148,G148,$P$40),0)	-564.86938869184428
P149	$C$11*IF($C$24="Y",RudderForces($C$15,$C$16,$C$13,$C$14,$C$12,$C$23,E149,F149,G149,$P$40),0)	-526.35088071093389
P150	$C$11*IF($C$24="Y",RudderForces($C$15,$C$16,$C$13,$C$14,$C$12,$C$23,E150,F150,G150,$P$40),0)	-493.78873097141621
P151	$C$11*IF($C$24="Y",RudderForces($C$15,$C$16,$C$13,$C$14,$C$12,$C$23,E151,F151,G151,$P$40),0)	-466.10337247075802
P152	$C$11*IF($C$24="Y",RudderForces($C$15,$C$16,$C$13,$C$14,$C$12,$C$23,E152,F152,G152,$P$40),0)	-442.43469089686408
P153	$C$11*IF($C$24="Y",RudderForces($C$15,$C$16,$C$13,$C$14,$C$12,$C$23,E153,F153,G153,$P$40),0)	-422.02365975444764
P154	$C$11*IF($C$24="Y",RudderForces($C$15,$C$16,$C$13,$C$14,$C$12,$C$23,E154,F154,G154,$P$40),0)	-404.3649699614183
P155	$C$11*IF($C$24="Y",RudderForces($C$15,$C$16,$C$13,$C$14,$C$12,$C$23,E155,F155,G155,$P$40),0)	-389.0469635777543
P156	$C$11*IF($C$24="Y",RudderForces($C$15,$C$16,$C$13,$C$14,$C$12,$C$23,E156,F156,G156,$P$40),0)	-375.73109170134677
P157	$C$11*IF($C$24="Y",RudderForces($C$15,$C$16,$C$13,$C$14,$C$12,$C$23,E157,F157,G157,$P$40),0)	-364.13651609131699
P158	$C$11*IF($C$24="Y",RudderForces($C$15,$C$16,$C$13,$C$14,$C$12,$C$23,E158,F158,G158,$P$40),0)	-354.02842368849377
P159	$C$11*IF($C$24="Y",RudderForces($C$15,$C$16,$C$13,$C$14,$C$12,$C$23,E159,F159,G159,$P$40),0)	-345.2090584352693
P160	$C$11*IF($C$24="Y",RudderForces($C$15,$C$16,$C$13,$C$14,$C$12,$C$23,E160,F160,G160,$P$40),0)	-337.51076678951881
P161	$C$11*IF($C$24="Y",RudderForces($C$15,$C$16,$C$13,$C$14,$C$12,$C$23,E161,F161,G161,$P$40),0)	-330.79055265389536
P162	$C$11*IF($C$24="Y",RudderForces($C$15,$C$16,$C$13,$C$14,$C$12,$C$23,E162,F162,G162,$P$40),0)	-324.92577565941008
P163	$C$11*IF($C$24="Y",RudderForces($C$15,$C$16,$C$13,$C$14,$C$12,$C$23,E163,F163,G163,$P$40),0)	-319.81072395624068
P164	$C$11*IF($C$24="Y",RudderForces($C$15,$C$16,$C$13,$C$14,$C$12,$C$23,E164,F164,G164,$P$40),0)	-315.35386192995145
P165	$C$11*IF($C$24="Y",RudderForces($C$15,$C$16,$C$13,$C$14,$C$12,$C$23,E165,F165,G165,$P$40),0)	-311.47560320200984
P166	$C$11*IF($C$24="Y",RudderForces($C$15,$C$16,$C$13,$C$14,$C$12,$C$23,E166,F166,G166,$P$40),0)	-308.10649567725284
P167	$C$11*IF($C$24="Y",RudderForces($C$15,$C$16,$C$13,$C$14,$C$12,$C$23,E167,F167,G167,$P$40),0)	-305.18573220797987
P168	$C$11*IF($C$24="Y",RudderForces($C$15,$C$16,$C$13,$C$14,$C$12,$C$23,E168,F168,G168,$P$40),0)	-302.65992037240966
P169	$C$11*IF($C$24="Y",RudderForces($C$15,$C$16,$C$13,$C$14,$C$12,$C$23,E169,F169,G169,$P$40),0)	-300.48205981176449
P170	$C$11*IF($C$24="Y",RudderForces($C$15,$C$16,$C$13,$C$14,$C$12,$C$23,E170,F170,G170,$P$40),0)	-298.61068687456407
P171	$C$11*IF($C$24="Y",RudderForces($C$15,$C$16,$C$13,$C$14,$C$12,$C$23,E171,F171,G171,$P$40),0)	-297.00915493402567
P172	$C$11*IF($C$24="Y",RudderForces($C$15,$C$16,$C$13,$C$14,$C$12,$C$23,E172,F172,G172,$P$40),0)	-295.64502536247983
P173	$C$11*IF($C$24="Y",RudderForces($C$15,$C$16,$C$13,$C$14,$C$12,$C$23,E173,F173,G173,$P$40),0)	-294.48954926505627
P174	$C$11*IF($C$24="Y",RudderForces($C$15,$C$16,$C$13,$C$14,$C$12,$C$23,E174,F174,G174,$P$40),0)	-293.51722405954877
P175	$C$11*IF($C$24="Y",RudderForces($C$15,$C$16,$C$13,$C$14,$C$12,$C$23,E175,F175,G175,$P$40),0)	-292.70541211069792
P176	$C$11*IF($C$24="Y",RudderForces($C$15,$C$16,$C$13,$C$14,$C$12,$C$23,E176,F176,G176,$P$40),0)	-292.03401108629276
P177	$C$11*IF($C$24="Y",RudderForces($C$15,$C$16,$C$13,$C$14,$C$12,$C$23,E177,F177,G177,$P$40),0)	-291.48516765036874
P178	$C$11*IF($C$24="Y",RudderForces($C$15,$C$16,$C$13,$C$14,$C$12,$C$23,E178,F178,G178,$P$40),0)	-291.04302765930896
P179	$C$11*IF($C$24="Y",RudderForces($C$15,$C$16,$C$13,$C$14,$C$12,$C$23,E179,F179,G179,$P$40),0)	-290.69351726652138
P180	$C$11*IF($C$24="Y",RudderForces($C$15,$C$16,$C$13,$C$14,$C$12,$C$23,E180,F180,G180,$P$40),0)	-290.42415033694357
P181	$C$11*IF($C$24="Y",RudderForces($C$15,$C$16,$C$13,$C$14,$C$12,$C$23,E181,F181,G181,$P$40),0)	-290.2238583751128
P182	$C$11*IF($C$24="Y",RudderForces($C$15,$C$16,$C$13,$C$14,$C$12,$C$23,E182,F182,G182,$P$40),0)	-290.08283981964553
P183	$C$11*IF($C$24="Y",RudderForces($C$15,$C$16,$C$13,$C$14,$C$12,$C$23,E183,F183,G183,$P$40),0)	-289.99242608372919
P184	$C$11*IF($C$24="Y",RudderForces($C$15,$C$16,$C$13,$C$14,$C$12,$C$23,E184,F184,G184,$P$40),0)	-289.94496214997429
P185	$C$11*IF($C$24="Y",RudderForces($C$15,$C$16,$C$13,$C$14,$C$12,$C$23,E185,F185,G185,$P$40),0)	-289.93369987797973
P186	$C$11*IF($C$24="Y",RudderForces($C$15,$C$16,$C$13,$C$14,$C$12,$C$23,E186,F186,G186,$P$40),0)	-289.9527024694786
P187	$C$11*IF($C$24="Y",RudderForces($C$15,$C$16,$C$13,$C$14,$C$12,$C$23,E187,F187,G187,$P$40),0)	-289.99675877113407
P188	$C$11*IF($C$24="Y",RudderForces($C$15,$C$16,$C$13,$C$14,$C$12,$C$23,E188,F188,G188,$P$40),0)	-290.06130628871904
P189	$C$11*IF($C$24="Y",RudderForces($C$15,$C$16,$C$13,$C$14,$C$12,$C$23,E189,F189,G189,$P$40),0)	-290.1423619463323
P190	$C$11*IF($C$24="Y",RudderForces($C$15,$C$16,$C$13,$C$14,$C$12,$C$23,E190,F190,G190,$P$40),0)	-290.23645975685247
P191	$C$11*IF($C$24="Y",RudderForces($C$15,$C$16,$C$13,$C$14,$C$12,$C$23,E191,F191,G191,$P$40),0)	-290.34059468003505
P192	$C$11*IF($C$24="Y",RudderForces($C$15,$C$16,$C$13,$C$14,$C$12,$C$23,E192,F192,G192,$P$40),0)	-290.45217203673553
P193	$C$11*IF($C$24="Y",RudderForces($C$15,$C$16,$C$13,$C$14,$C$12,$C$23,E193,F193,G193,$P$40),0)	-290.56896192493747
P194	$C$11*IF($C$24="Y",RudderForces($C$15,$C$16,$C$13,$C$14,$C$12,$C$23,E194,F194,G194,$P$40),0)	-290.68905814840184
P195	$C$11*IF($C$24="Y",RudderForces($C$15,$C$16,$C$13,$C$14,$C$12,$C$23,E195,F195,G195,$P$40),0)	-290.81084122393867
P196	$C$11*IF($C$24="Y",RudderForces($C$15,$C$16,$C$13,$C$14,$C$12,$C$23,E196,F196,G196,$P$40),0)	-290.93294508039509
P197	$C$11*IF($C$24="Y",RudderForces($C$15,$C$16,$C$13,$C$14,$C$12,$C$23,E197,F197,G197,$P$40),0)	-291.05422710286098
P198	$C$11*IF($C$24="Y",RudderForces($C$15,$C$16,$C$13,$C$14,$C$12,$C$23,E198,F198,G198,$P$40),0)	-291.17374121052205
P199	$C$11*IF($C$24="Y",RudderForces($C$15,$C$16,$C$13,$C$14,$C$12,$C$23,E199,F199,G199,$P$40),0)	-291.29071368696901
P200	$C$11*IF($C$24="Y",RudderForces($C$15,$C$16,$C$13,$C$14,$C$12,$C$23,E200,F200,G200,$P$40),0)	-291.40452150840372
P201	$C$11*IF($C$24="Y",RudderForces($C$15,$C$16,$C$13,$C$14,$C$12,$C$23,E201,F201,G201,$P$40),0)	-291.51467293865994
P202	$C$11*IF($C$24="Y",RudderForces($C$15,$C$16,$C$13,$C$14,$C$12,$C$23,E202,F202,G202,$P$40),0)	-291.62079018082648
P203	$C$11*IF($C$24="Y",RudderForces($C$15,$C$16,$C$13,$C$14,$C$12,$C$23,E203,F203,G203,$P$40),0)	-291.72259389388279
P204	$C$11*IF($C$24="Y",RudderForces($C$15,$C$16,$C$13,$C$14,$C$12,$C$23,E204,F204,G204,$P$40),0)	-291.81988939952782
P205	$C$11*IF($C$24="Y",RudderForces($C$15,$C$16,$C$13,$C$14,$C$12,$C$23,E205,F205,G205,$P$40),0)	-291.9125544195017
P206	$C$11*IF($C$24="Y",RudderForces($C$15,$C$16,$C$13,$C$14,$C$12,$C$23,E206,F206,G206,$P$40),0)	-292.00052819745054
P207	$C$11*IF($C$24="Y",RudderForces($C$15,$C$16,$C$13,$C$14,$C$12,$C$23,E207,F207,G207,$P$40),0)	-292.08380187189215
P208	$C$11*IF($C$24="Y",RudderForces($C$15,$C$16,$C$13,$C$14,$C$12,$C$23,E208,F208,G208,$P$40),0)	-292.16240997829351
P209	$C$11*IF($C$24="Y",RudderForces($C$15,$C$16,$C$13,$C$14,$C$12,$C$23,E209,F209,G209,$P$40),0)	-292.23642296875204
P210	$C$11*IF($C$24="Y",RudderForces($C$15,$C$16,$C$13,$C$14,$C$12,$C$23,E210,F210,G210,$P$40),0)	-292.30594064742093
P211	$C$11*IF($C$24="Y",RudderForces($C$15,$C$16,$C$13,$C$14,$C$12,$C$23,E211,F211,G211,$P$40),0)	-292.37108642867418
P212	$C$11*IF($C$24="Y",RudderForces($C$15,$C$16,$C$13,$C$14,$C$12,$C$23,E212,F212,G212,$P$40),0)	-292.43200233317589
P213	$C$11*IF($C$24="Y",RudderForces($C$15,$C$16,$C$13,$C$14,$C$12,$C$23,E213,F213,G213,$P$40),0)	-292.48884464454494
P214	$C$11*IF($C$24="Y",RudderForces($C$15,$C$16,$C$13,$C$14,$C$12,$C$23,E214,F214,G214,$P$40),0)	-292.54178015624353
P215	$C$11*IF($C$24="Y",RudderForces($C$15,$C$16,$C$13,$C$14,$C$12,$C$23,E215,F215,G215,$P$40),0)	-292.59098294470044
P216	$C$11*IF($C$24="Y",RudderForces($C$15,$C$16,$C$13,$C$14,$C$12,$C$23,E216,F216,G216,$P$40),0)	-292.63663161058787
P217	$C$11*IF($C$24="Y",RudderForces($C$15,$C$16,$C$13,$C$14,$C$12,$C$23,E217,F217,G217,$P$40),0)	-292.67890693557683
P218	$C$11*IF($C$24="Y",RudderForces($C$15,$C$16,$C$13,$C$14,$C$12,$C$23,E218,F218,G218,$P$40),0)	-292.71798990689888
P219	$C$11*IF($C$24="Y",RudderForces($C$15,$C$16,$C$13,$C$14,$C$12,$C$23,E219,F219,G219,$P$40),0)	-292.75406006662087
P220	$C$11*IF($C$24="Y",RudderForces($C$15,$C$16,$C$13,$C$14,$C$12,$C$23,E220,F220,G220,$P$40),0)	-292.7872941467582
P221	$C$11*IF($C$24="Y",RudderForces($C$15,$C$16,$C$13,$C$14,$C$12,$C$23,E221,F221,G221,$P$40),0)	-292.81786495520436
P222	$C$11*IF($C$24="Y",RudderForces($C$15,$C$16,$C$13,$C$14,$C$12,$C$23,E222,F222,G222,$P$40),0)	-292.8459404810007
P223	$C$11*IF($C$24="Y",RudderForces($C$15,$C$16,$C$13,$C$14,$C$12,$C$23,E223,F223,G223,$P$40),0)	-292.87168319069838
P224	$C$11*IF($C$24="Y",RudderForces($C$15,$C$16,$C$13,$C$14,$C$12,$C$23,E224,F224,G224,$P$40),0)	-292.89524949051918
P225	$C$11*IF($C$24="Y",RudderForces($C$15,$C$16,$C$13,$C$14,$C$12,$C$23,E225,F225,G225,$P$40),0)	-292.91678933171477
P226	$C$11*IF($C$24="Y",RudderForces($C$15,$C$16,$C$13,$C$14,$C$12,$C$23,E226,F226,G226,$P$40),0)	-292.93644593897329
P227	$C$11*IF($C$24="Y",RudderForces($C$15,$C$16,$C$13,$C$14,$C$12,$C$23,E227,F227,G227,$P$40),0)	-292.95435564395166
P40		Y
P41	$B$11*IF($B$24="Y",RudderForces($B$15,$B$16,$B$13,$B$14,$B$12,$B$23,E41,F41,G41,$P$40),0)	-8847.8795441654074
P42	$B$11*IF($B$24="Y",RudderForces($B$15,$B$16,$B$13,$B$14,$B$12,$B$23,E42,F42,G42,$P$40),0)	-6913.8195640157592
P43	$B$11*IF($B$24="Y",RudderForces($B$15,$B$16,$B$13,$B$14,$B$12,$B$23,E43,F43,G43,$P$40),0)	-5667.6618743284325
P44	$B$11*IF($B$24="Y",RudderForces($B$15,$B$16,$B$13,$B$14,$B$12,$B$23,E44,F44,G44,$P$40),0)	-4795.1348165052514
P45	$B$11*IF($B$24="Y",RudderForces($B$15,$B$16,$B$13,$B$14,$B$12,$B$23,E45,F45,G45,$P$40),0)	-4154.7805217689256
P46	$B$11*IF($B$24="Y",RudderForces($B$15,$B$16,$B$13,$B$14,$B$12,$B$23,E46,F46,G46,$P$40),0)	-3668.8319783503812
P47	$B$11*IF($B$24="Y",RudderForces($B$15,$B$16,$B$13,$B$14,$B$12,$B$23,E47,F47,G47,$P$40),0)	-3292.1677894665331
P48	$B$11*IF($B$24="Y",RudderForces($B$15,$B$16,$B$13,$B$14,$B$12,$B$23,E48,F48,G48,$P$40),0)	-2994.2678398328667
P49	$B$11*IF($B$24="Y",RudderForces($B$15,$B$16,$B$13,$B$14,$B$12,$B$23,E49,F49,G49,$P$40),0)	-2755.49979695191
P50	$B$11*IF($B$24="Y",RudderForces($B$15,$B$16,$B$13,$B$14,$B$12,$B$23,E50,F50,G50,$P$40),0)	-2561.9656633396526
P51	$B$11*IF($B$24="Y",RudderForces($B$15,$B$16,$B$13,$B$14,$B$12,$B$23,E51,F51,G51,$P$40),0)	-2403.5823870664717
P52	$B$11*IF($B$24="Y",RudderForces($B$15,$B$16,$B$13,$B$14,$B$12,$B$23,E52,F52,G52,$P$40),0)	-2272.8810464614926
P53	$B$11*IF($B$24="Y",RudderForces($B$15,$B$16,$B$13,$B$14,$B$12,$B$23,E53,F53,G53,$P$40),0)	-2163.8427543752814
P54	$B$11*IF($B$24="Y",RudderForces($B$15,$B$16,$B$13,$B$14,$B$12,$B$23,E54,F54,G54,$P$40),0)	-2072.312293308928
P55	$B$11*IF($B$24="Y",RudderForces($B$15,$B$16,$B$13,$B$14,$B$12,$B$23,E55,F55,G55,$P$40),0)	-1995.0585292170672
P56	$B$11*IF($B$24="Y",RudderForces($B$15,$B$16,$B$13,$B$14,$B$12,$B$23,E56,F56,G56,$P$40),0)	-1929.5397783062392
P57	$B$11*IF($B$24="Y",RudderForces($B$15,$B$16,$B$13,$B$14,$B$12,$B$23,E57,F57,G57,$P$40),0)	-1873.7357286614047
P58	$B$11*IF($B$24="Y",RudderForces($B$15,$B$16,$B$13,$B$14,$B$12,$B$23,E58,F58,G58,$P$40),0)	-1826.0251965310119
P59	$B$11*IF($B$24="Y",RudderForces($B$15,$B$16,$B$13,$B$14,$B$12,$B$23,E59,F59,G59,$P$40),0)	-1785.0959989196397
P60	$B$11*IF($B$24="Y",RudderForces($B$15,$B$16,$B$13,$B$14,$B$12,$B$23,E60,F60,G60,$P$40),0)	-1749.8776742750078
P61	$B$11*IF($B$24="Y",RudderForces($B$15,$B$16,$B$13,$B$14,$B$12,$B$23,E61,F61,G61,$P$40),0)	-1719.4906800662907
P62	$B$11*IF($B$24="Y",RudderForces($B$15,$B$16,$B$13,$B$14,$B$12,$B$23,E62,F62,G62,$P$40),0)	-1693.207620466392
P63	$B$11*IF($B$24="Y",RudderForces($B$15,$B$16,$B$13,$B$14,$B$12,$B$23,E63,F63,G63,$P$40),0)	-1670.4233581058054
P64	$B$11*IF($B$24="Y",RudderForces($B$15,$B$16,$B$13,$B$14,$B$12,$B$23,E64,F64,G64,$P$40),0)	-1650.631756584075
P65	$B$11*IF($B$24="Y",RudderForces($B$15,$B$16,$B$13,$B$14,$B$12,$B$23,E65,F65,G65,$P$40),0)	-1633.4074214964805
P66	$B$11*IF($B$24="Y",RudderForces($B$15,$B$16,$B$13,$B$14,$B$12,$B$23,E66,F66,G66,$P$40),0)	-1618.3912451701099
P67	$B$11*IF($B$24="Y",RudderForces($B$15,$B$16,$B$13,$B$14,$B$12,$B$23,E67,F67,G67,$P$40),0)	-1605.2788718917298
P68	$B$11*IF($B$24="Y",RudderForces($B$15,$B$16,$B$13,$B$14,$B$12,$B$23,E68,F68,G68,$P$40),0)	-1593.8114246784378
P69	$B$11*IF($B$24="Y",RudderForces($B$15,$B$16,$B$13,$B$14,$B$12,$B$23,E69,F69,G69,$P$40),0)	-1583.7679976344043
P70	$B$11*IF($B$24="Y",RudderForces($B$15,$B$16,$B$13,$B$14,$B$12,$B$23,E70,F70,G70,$P$40),0)	-1574.9595374779785
P71	$B$11*IF($B$24="Y",RudderForces($B$15,$B$16,$B$13,$B$14,$B$12,$B$23,E71,F71,G71,$P$40),0)	-1567.2238262525761
P72	$B$11*IF($B$24="Y",RudderForces($B$15,$B$16,$B$13,$B$14,$B$12,$B$23,E72,F72,G72,$P$40),0)	-1560.4213431848984
P73	$B$11*IF($B$24="Y",RudderForces($B$15,$B$16,$B$13,$B$14,$B$12,$B$23,E73,F73,G73,$P$40),0)	-1554.4318332234752
P74	$B$11*IF($B$24="Y",RudderForces($B$15,$B$16,$B$13,$B$14,$B$12,$B$23,E74,F74,G74,$P$40),0)	-1549.151447327403
P75	$B$11*IF($B$24="Y",RudderForces($B$15,$B$16,$B$13,$B$14,$B$12,$B$23,E75,F75,G75,$P$40),0)	-1544.4903482052098
P76	$B$11*IF($B$24="Y",RudderForces($B$15,$B$16,$B$13,$B$14,$B$12,$B$23,E76,F76,G76,$P$40),0)	-1540.3706971932743
P77	$B$11*IF($B$24="Y",RudderForces($B$15,$B$16,$B$13,$B$14,$B$12,$B$23,E77,F77,G77,$P$40),0)	-1536.724954966885
P78	$B$11*IF($B$24="Y",RudderForces($B$15,$B$16,$B$13,$B$14,$B$12,$B$23,E78,F78,G78,$P$40),0)	-1533.4944420121485
P79	$B$11*IF($B$24="Y",RudderForces($B$15,$B$16,$B$13,$B$14,$B$12,$B$23,E79,F79,G79,$P$40),0)	-1530.6281151553267
P80	$B$11*IF($B$24="Y",RudderForces($B$15,$B$16,$B$13,$B$14,$B$12,$B$23,E80,F80,G80,$P$40),0)	-1528.0815246198158
P81	$B$11*IF($B$24="Y",RudderForces($B$15,$B$16,$B$13,$B$14,$B$12,$B$23,E81,F81,G81,$P$40),0)	-1525.8159225641652
P82	$B$11*IF($B$24="Y",RudderForces($B$15,$B$16,$B$13,$B$14,$B$12,$B$23,E82,F82,G82,$P$40),0)	-1523.7974992278203
P83	$B$11*IF($B$24="Y",RudderForces($B$15,$B$16,$B$13,$B$14,$B$12,$B$23,E83,F83,G83,$P$40),0)	-1521.9967269636004
P84	$B$11*IF($B$24="Y",RudderForces($B$15,$B$16,$B$13,$B$14,$B$12,$B$23,E84,F84,G84,$P$40),0)	-1520.3877957877
P85	$B$11*IF($B$24="Y",RudderForces($B$15,$B$16,$B$13,$B$14,$B$12,$B$23,E85,F85,G85,$P$40),0)	-1518.9481267987267
P86	$B$11*IF($B$24="Y",RudderForces($B$15,$B$16,$B$13,$B$14,$B$12,$B$23,E86,F86,G86,$P$40),0)	-1517.6579520374751
P87	$B$11*IF($B$24="Y",RudderForces($B$15,$B$16,$B$13,$B$14,$B$12,$B$23,E87,F87,G87,$P$40),0)	-1516.4999511803501
P88	$B$11*IF($B$24="Y",RudderForces($B$15,$B$16,$B$13,$B$14,$B$12,$B$23,E88,F88,G88,$P$40),0)	-1515.4589369605681
P89	$B$11*IF($B$24="Y",RudderForces($B$15,$B$16,$B$13,$B$14,$B$12,$B$23,E89,F89,G89,$P$40),0)	-1514.5215824547229
P90	$B$11*IF($B$24="Y",RudderForces($B$15,$B$16,$B$13,$B$14,$B$12,$B$23,E90,F90,G90,$P$40),0)	-1513.676184406648
P91	$B$11*IF($B$24="Y",RudderForces($B$15,$B$16,$B$13,$B$14,$B$12,$B$23,E91,F91,G91,$P$40),0)	-1512.9124576248519
P92	$B$11*IF($B$24="Y",RudderForces($B$15,$B$16,$B$13,$B$14,$B$12,$B$23,E92,F92,G92,$P$40),0)	-1512.2213562146831
P93	$B$11*IF($B$24="Y",RudderForces($B$15,$B$16,$B$13,$B$14,$B$12,$B$23,E93,F93,G93,$P$40),0)	-1511.5949180168
P94	$B$11*IF($B$24="Y",RudderForces($B$15,$B$16,$B$13,$B$14,$B$12,$B$23,E94,F94,G94,$P$40),0)	-1511.0261291391735
P95	$B$11*IF($B$24="Y",RudderForces($B$15,$B$16,$B$13,$B$14,$B$12,$B$23,E95,F95,G95,$P$40),0)	-1510.5088059069917
P96	$B$11*IF($B$24="Y",RudderForces($B$15,$B$16,$B$13,$B$14,$B$12,$B$23,E96,F96,G96,$P$40),0)	-1510.0374919263875
P97	$B$11*IF($B$24="Y",RudderForces($B$15,$B$16,$B$13,$B$14,$B$12,$B$23,E97,F97,G97,$P$40),0)	-1509.6073682747208
P98	$B$11*IF($B$24="Y",RudderForces($B$15,$B$16,$B$13,$B$14,$B$12,$B$23,E98,F98,G98,$P$40),0)	-1509.2141751008278
P99	$B$11*IF($B$24="Y",RudderForces($B$15,$B$16,$B$13,$B$14,$B$12,$B$23,E99,F99,G99,$P$40),0)	-1508.8541431505519
Q100	$B$11*IF($B$24="Y",RudderForces($B$15,$B$16,$B$13,$B$14,$B$12,$B$23,E100,F100,G100,$Q$40),0)	22627.859008978379
Q101	$B$11*IF($B$24="Y",RudderForces($B$15,$B$16,$B$13,$B$14,$B$12,$B$23,E101,F101,G101,$Q$40),0)	22623.308811079303
Q102	$B$11*IF($B$24="Y",RudderForces($B$15,$B$16,$B$13,$B$14,$B$12,$B$23,E102,F102,G102,$Q$40),0)	22619.122143479759
Q103	$B$11*IF($B$24="Y",RudderForces($B$15,$B$16,$B$13,$B$14,$B$12,$B$23,E103,F103,G103,$Q$40),0)	22615.263986110185
Q104	$B$11*IF($B$24="Y",RudderForces($B$15,$B$16,$B$13,$B$14,$B$12,$B$23,E104,F104,G104,$Q$40),0)	22611.703183237907
Q105	$B$11*IF($B$24="Y",RudderForces($B$15,$B$16,$B$13,$B$14,$B$12,$B$23,E105,F105,G105,$Q$40),0)	22608.411983095495
Q106	$B$11*IF($B$24="Y",RudderForces($B$15,$B$16,$B$13,$B$14,$B$12,$B$23,E106,F106,G106,$Q$40),0)	22605.365634525424
Q107	$B$11*IF($B$24="Y",RudderForces($B$15,$B$16,$B$13,$B$14,$B$12,$B$23,E107,F107,G107,$Q$40),0)	22602.542033425194
Q108	$B$11*IF($B$24="Y",RudderForces($B$15,$B$16,$B$13,$B$14,$B$12,$B$23,E108,F108,G108,$Q$40),0)	22599.9214127058
Q109	$B$11*IF($B$24="Y",RudderForces($B$15,$B$16,$B$13,$B$14,$B$12,$B$23,E109,F109,G109,$Q$40),0)	22597.486070284147
Q110	$B$11*IF($B$24="Y",RudderForces($B$15,$B$16,$B$13,$B$14,$B$12,$B$23,E110,F110,G110,$Q$40),0)	22595.220130331123
Q111	$B$11*IF($B$24="Y",RudderForces($B$15,$B$16,$B$13,$B$14,$B$12,$B$23,E111,F111,G111,$Q$40),0)	22593.109333606761
Q112	$B$11*IF($B$24="Y",RudderForces($B$15,$B$16,$B$13,$B$14,$B$12,$B$23,E112,F112,G112,$Q$40),0)	22591.140853245135
Q113	$B$11*IF($B$24="Y",RudderForces($B$15,$B$16,$B$13,$B$14,$B$12,$B$23,E113,F113,G113,$Q$40),0)	22589.303132813664
Q114	$B$11*IF($B$24="Y",RudderForces($B$15,$B$16,$B$13,$B$14,$B$12,$B$23,E114,F114,G114,$Q$40),0)	22587.585743873868
Q115	$B$11*IF($B$24="Y",RudderForces($B$15,$B$16,$B$13,$B$14,$B$12,$B$23,E115,F115,G115,$Q$40),0)	22585.979260621541
Q116	$B$11*IF($B$24="Y",RudderForces($B$15,$B$16,$B$13,$B$14,$B$12,$B$23,E116,F116,G116,$Q$40),0)	22584.47514949031
Q117	$B$11*IF($B$24="Y",RudderForces($B$15,$B$16,$B$13,$B$14,$B$12,$B$23,E117,F117,G117,$Q$40),0)	22583.065671869062
Q118	$B$11*IF($B$24="Y",RudderForces($B$15,$B$16,$B$13,$B$14,$B$12,$B$23,E118,F118,G118,$Q$40),0)	22581.743798316373
Q119	$B$11*IF($B$24="Y",RudderForces($B$15,$B$16,$B$13,$B$14,$B$12,$B$23,E119,F119,G119,$Q$40),0)	22580.503132858321
Q120	$B$11*IF($B$24="Y",RudderForces($B$15,$B$16,$B$13,$B$14,$B$12,$B$23,E120,F120,G120,$Q$40),0)	22579.337846133341
Q121	$B$11*IF($B$24="Y",RudderForces($B$15,$B$16,$B$13,$B$14,$B$12,$B$23,E121,F121,G121,$Q$40),0)	22578.242616302185
Q122	$B$11*IF($B$24="Y",RudderForces($B$15,$B$16,$B$13,$B$14,$B$12,$B$23,E122,F122,G122,$Q$40),0)	22577.212576776612
Q123	$B$11*IF($B$24="Y",RudderForces($B$15,$B$16,$B$13,$B$14,$B$12,$B$23,E123,F123,G123,$Q$40),0)	22576.243269938252
Q124	$B$11*IF($B$24="Y",RudderForces($B$15,$B$16,$B$13,$B$14,$B$12,$B$23,E124,F124,G124,$Q$40),0)	22575.330606122407
Q125	$B$11*IF($B$24="Y",RudderForces($B$15,$B$16,$B$13,$B$14,$B$12,$B$23,E125,F125,G125,$Q$40),0)	22574.470827231627
Q126	$B$11*IF($B$24="Y",RudderForces($B$15,$B$16,$B$13,$B$14,$B$12,$B$23,E126,F126,G126,$Q$40),0)	22573.660474422351
Q127	$B$11*IF($B$24="Y",RudderForces($B$15,$B$16,$B$13,$B$14,$B$12,$B$23,E127,F127,G127,$Q$40),0)	22572.896359377744
Q128	$B$11*IF($B$24="Y",RudderForces($B$15,$B$16,$B$13,$B$14,$B$12,$B$23,E128,F128,G128,$Q$40),0)	22572.175538738851
Q129	$B$11*IF($B$24="Y",RudderForces($B$15,$B$16,$B$13,$B$14,$B$12,$B$23,E129,F129,G129,$Q$40),0)	22571.495291319647
Q130	$B$11*IF($B$24="Y",RudderForces($B$15,$B$16,$B$13,$B$14,$B$12,$B$23,E130,F130,G130,$Q$40),0)	22570.853097777861
Q131	$B$11*IF($B$24="Y",RudderForces($B$15,$B$16,$B$13,$B$14,$B$12,$B$23,E131,F131,G131,$Q$40),0)	22570.246622452651
Q136		Z
Q137	$C$11*IF($C$24="Y",RudderForces($C$15,$C$16,$C$13,$C$14,$C$12,$C$23,E137,F137,G137,$Q$40),0)	23521.410843840033
Q138	$C$11*IF($C$24="Y",RudderForces($C$15,$C$16,$C$13,$C$14,$C$12,$C$23,E138,F138,G138,$Q$40),0)	17660.30568114718
Q139	$C$11*IF($C$24="Y",RudderForces($C$15,$C$16,$C$13,$C$14,$C$12,$C$23,E139,F139,G139,$Q$40),0)	13982.891466379884
Q140	$C$11*IF($C$24="Y",RudderForces($C$15,$C$16,$C$13,$C$14,$C$12,$C$23,E140,F140,G140,$Q$40),0)	11493.529545724186
Q141	$C$11*IF($C$24="Y",RudderForces($C$15,$C$16,$C$13,$C$14,$C$12,$C$23,E141,F141,G141,$Q$40),0)	9691.7462109994958
Q142	$C$11*IF($C$24="Y",RudderForces($C$15,$C$16,$C$13,$C$14,$C$12,$C$23,E142,F142,G142,$Q$40),0)	8348.7034308196417
Q143	$C$11*IF($C$24="Y",RudderForces($C$15,$C$16,$C$13,$C$14,$C$12,$C$23,E143,F143,G143,$Q$40),0)	7311.1288189970992
Q144	$C$11*IF($C$24="Y",RudderForces($C$15,$C$16,$C$13,$C$14,$C$12,$C$23,E144,F144,G144,$Q$40),0)	6494.6766300811041
Q145	$C$11*IF($C$24="Y",RudderForces($C$15,$C$16,$C$13,$C$14,$C$12,$C$23,E145,F145,G145,$Q$40),0)	5842.0778108654358
Q146	$C$11*IF($C$24="Y",RudderForces($C$15,$C$16,$C$13,$C$14,$C$12,$C$23,E146,F146,G146,$Q$40),0)	5310.0018628342086
Q147	$C$11*IF($C$24="Y",RudderForces($C$15,$C$16,$C$13,$C$14,$C$12,$C$23,E147,F147,G147,$Q$40),0)	4870.8363452918757
Q148	$C$11*IF($C$24="Y",RudderForces($C$15,$C$16,$C$13,$C$14,$C$12,$C$23,E148,F148,G148,$Q$40),0)	4504.9861602007977
Q149	$C$11*IF($C$24="Y",RudderForces($C$15,$C$16,$C$13,$C$14,$C$12,$C$23,E149,F149,G149,$Q$40),0)	4197.7906406003385
Q150	$C$11*IF($C$24="Y",RudderForces($C$15,$C$16,$C$13,$C$14,$C$12,$C$23,E150,F150,G150,$Q$40),0)	3938.0986890456065
Q151	$C$11*IF($C$24="Y",RudderForces($C$15,$C$16,$C$13,$C$14,$C$12,$C$23,E151,F151,G151,$Q$40),0)	3717.3004666910529
Q152	$C$11*IF($C$24="Y",RudderForces($C$15,$C$16,$C$13,$C$14,$C$12,$C$23,E152,F152,G152,$Q$40),0)	3528.5363292547427
Q153	$C$11*IF($C$24="Y",RudderForces($C$15,$C$16,$C$13,$C$14,$C$12,$C$23,E153,F153,G153,$Q$40),0)	3365.7528351359347
Q154	$C$11*IF($C$24="Y",RudderForces($C$15,$C$16,$C$13,$C$14,$C$12,$C$23,E154,F154,G154,$Q$40),0)	3224.9200077293945
Q155	$C$11*IF($C$24="Y",RudderForces($C$15,$C$16,$C$13,$C$14,$C$12,$C$23,E155,F155,G155,$Q$40),0)	3102.7547636185659
Q156	$C$11*IF($C$24="Y",RudderForces($C$15,$C$16,$C$13,$C$14,$C$12,$C$23,E156,F156,G156,$Q$40),0)	2996.5570837387158
Q157	$C$11*IF($C$24="Y",RudderForces($C$15,$C$16,$C$13,$C$14,$C$12,$C$23,E157,F157,G157,$Q$40),0)	2904.0872071579529
Q158	$C$11*IF($C$24="Y",RudderForces($C$15,$C$16,$C$13,$C$14,$C$12,$C$23,E158,F158,G158,$Q$40),0)	2823.4724362173538
Q159	$C$11*IF($C$24="Y",RudderForces($C$15,$C$16,$C$13,$C$14,$C$12,$C$23,E159,F159,G159,$Q$40),0)	2753.1356128686084
Q160	$C$11*IF($C$24="Y",RudderForces($C$15,$C$16,$C$13,$C$14,$C$12,$C$23,E160,F160,G160,$Q$40),0)	2691.7396547664866
Q161	$C$11*IF($C$24="Y",RudderForces($C$15,$C$16,$C$13,$C$14,$C$12,$C$23,E161,F161,G161,$Q$40),0)	2638.144129357187
Q162	$C$11*IF($C$24="Y",RudderForces($C$15,$C$16,$C$13,$C$14,$C$12,$C$23,E162,F162,G162,$Q$40),0)	2591.3709465263614
Q163	$C$11*IF($C$24="Y",RudderForces($C$15,$C$16,$C$13,$C$14,$C$12,$C$23,E163,F163,G163,$Q$40),0)	2550.5770256788282
Q164	$C$11*IF($C$24="Y",RudderForces($C$15,$C$16,$C$13,$C$14,$C$12,$C$23,E164,F164,G164,$Q$40),0)	2515.0323455309881
Q165	$C$11*IF($C$24="Y",RudderForces($C$15,$C$16,$C$13,$C$14,$C$12,$C$23,E165,F165,G165,$Q$40),0)	2484.1021831875901
Q166	$C$11*IF($C$24="Y",RudderForces($C$15,$C$16,$C$13,$C$14,$C$12,$C$23,E166,F166,G166,$Q$40),0)	2457.2326394043657
Q167	$C$11*IF($C$24="Y",RudderForces($C$15,$C$16,$C$13,$C$14,$C$12,$C$23,E167,F167,G167,$Q$40),0)	2433.9387607313383
Q168	$C$11*IF($C$24="Y",RudderForces($C$15,$C$16,$C$13,$C$14,$C$12,$C$23,E168,F168,G168,$Q$40),0)	2413.7947281632669
Q169	$C$11*IF($C$24="Y",RudderForces($C$15,$C$16,$C$13,$C$14,$C$12,$C$23,E169,F169,G169,$Q$40),0)	2396.4257011262825
Q170	$C$11*IF($C$24="Y",RudderForces($C$15,$C$16,$C$13,$C$14,$C$12,$C$23,E170,F170,G170,$Q$40),0)	2381.5009957847765
Q171	$C$11*IF($C$24="Y",RudderForces($C$15,$C$16,$C$13,$C$14,$C$12,$C$23,E171,F171,G171,$Q$40),0)	2368.7283453780101
Q172	$C$11*IF($C$24="Y",RudderForces($C$15,$C$16,$C$13,$C$14,$C$12,$C$23,E172,F172,G172,$Q$40),0)	2357.8490430763459
Q173	$C$11*IF($C$24="Y",RudderForces($C$15,$C$16,$C$13,$C$14,$C$12,$C$23,E173,F173,G173,$Q$40),0)	2348.6338086672185
Q174	$C$11*IF($C$24="Y",RudderForces($C$15,$C$16,$C$13,$C$14,$C$12,$C$23,E174,F174,G174,$Q$40),0)	2340.879252159616
Q175	$C$11*IF($C$24="Y",RudderForces($C$15,$C$16,$C$13,$C$14,$C$12,$C$23,E175,F175,G175,$Q$40),0)	2334.4048322893373
Q176	$C$11*IF($C$24="Y",RudderForces($C$15,$C$16,$C$13,$C$14,$C$12,$C$23,E176,F176,G176,$Q$40),0)	2329.0502275197382
Q177	$C$11*IF($C$24="Y",RudderForces($C$15,$C$16,$C$13,$C$14,$C$12,$C$23,E177,F177,G177,$Q$40),0)	2324.6730526675465
Q178	$C$11*IF($C$24="Y",RudderForces($C$15,$C$16,$C$13,$C$14,$C$12,$C$23,E178,F178,G178,$Q$40),0)	2321.1468666492028
Q179	$C$11*IF($C$24="Y",RudderForces($C$15,$C$16,$C$13,$C$14,$C$12,$C$23,E179,F179,G179,$Q$40),0)	2318.3594267314534
Q180	$C$11*IF($C$24="Y",RudderForces($C$15,$C$16,$C$13,$C$14,$C$12,$C$23,E180,F180,G180,$Q$40),0)	2316.2111526099361
Q181	$C$11*IF($C$24="Y",RudderForces($C$15,$C$16,$C$13,$C$14,$C$12,$C$23,E181,F181,G181,$Q$40),0)	2314.6137700395393
Q182	$C$11*IF($C$24="Y",RudderForces($C$15,$C$16,$C$13,$C$14,$C$12,$C$23,E182,F182,G182,$Q$40),0)	2313.489108917111
Q183	$C$11*IF($C$24="Y",RudderForces($C$15,$C$16,$C$13,$C$14,$C$12,$C$23,E183,F183,G183,$Q$40),0)	2312.7680349181492
Q184	$C$11*IF($C$24="Y",RudderForces($C$15,$C$16,$C$13,$C$14,$C$12,$C$23,E184,F184,G184,$Q$40),0)	2312.3894972084499
Q185	$C$11*IF($C$24="Y",RudderForces($C$15,$C$16,$C$13,$C$14,$C$12,$C$23,E185,F185,G185,$Q$40),0)	2312.2996775430838
Q186	$C$11*IF($C$24="Y",RudderForces($C$15,$C$16,$C$13,$C$14,$C$12,$C$23,E186,F186,G186,$Q$40),0)	2312.4512283500922
Q187	$C$11*IF($C$24="Y",RudderForces($C$15,$C$16,$C$13,$C$14,$C$12,$C$23,E187,F187,G187,$Q$40),0)	2312.8025892721048
Q188	$C$11*IF($C$24="Y",RudderForces($C$15,$C$16,$C$13,$C$14,$C$12,$C$23,E188,F188,G188,$Q$40),0)	2313.3173731836014
Q189	$C$11*IF($C$24="Y",RudderForces($C$15,$C$16,$C$13,$C$14,$C$12,$C$23,E189,F189,G189,$Q$40),0)	2313.9638139769313
Q190	$C$11*IF($C$24="Y",RudderForces($C$15,$C$16,$C$13,$C$14,$C$12,$C$23,E190,F190,G190,$Q$40),0)	2314.7142694673239
Q191	$C$11*IF($C$24="Y",RudderForces($C$15,$C$16,$C$13,$C$14,$C$12,$C$23,E191,F191,G191,$Q$40),0)	2315.5447736460292
Q192	$C$11*IF($C$24="Y",RudderForces($C$15,$C$16,$C$13,$C$14,$C$12,$C$23,E192,F192,G192,$Q$40),0)	2316.4346332450623
Q193	$C$11*IF($C$24="Y",RudderForces($C$15,$C$16,$C$13,$C$14,$C$12,$C$23,E193,F193,G193,$Q$40),0)	2317.3660641927004
Q194	$C$11*IF($C$24="Y",RudderForces($C$15,$C$16,$C$13,$C$14,$C$12,$C$23,E194,F194,G194,$Q$40),0)	2318.3238640583513
Q195	$C$11*IF($C$24="Y",RudderForces($C$15,$C$16,$C$13,$C$14,$C$12,$C$23,E195,F195,G195,$Q$40),0)	2319.2951170255387
Q196	$C$11*IF($C$24="Y",RudderForces($C$15,$C$16,$C$13,$C$14,$C$12,$C$23,E196,F196,G196,$Q$40),0)	2320.2689283073241
Q197	$C$11*IF($C$24="Y",RudderForces($C$15,$C$16,$C$13,$C$14,$C$12,$C$23,E197,F197,G197,$Q$40),0)	2321.2361852407457
Q198	$C$11*IF($C$24="Y",RudderForces($C$15,$C$16,$C$13,$C$14,$C$12,$C$23,E198,F198,G198,$Q$40),0)	2322.1893425754151
Q199	$C$11*IF($C$24="Y",RudderForces($C$15,$C$16,$C$13,$C$14,$C$12,$C$23,E199,F199,G199,$Q$40),0)	2323.1222297136942
Q200	$C$11*IF($C$24="Y",RudderForces($C$15,$C$16,$C$13,$C$14,$C$12,$C$23,E200,F200,G200,$Q$40),0)	2324.0298778722768
Q201	$C$11*IF($C$24="Y",RudderForces($C$15,$C$16,$C$13,$C$14,$C$12,$C$23,E201,F201,G201,$Q$40),0)	2324.9083653222337
Q202	$C$11*IF($C$24="Y",RudderForces($C$15,$C$16,$C$13,$C$14,$C$12,$C$23,E202,F202,G202,$Q$40),0)	2325.7546790310116
Q203	$C$11*IF($C$24="Y",RudderForces($C$15,$C$16,$C$13,$C$14,$C$12,$C$23,E203,F203,G203,$Q$40),0)	2326.5665911784158
Q204	$C$11*IF($C$24="Y",RudderForces($C$15,$C$16,$C$13,$C$14,$C$12,$C$23,E204,F204,G204,$Q$40),0)	2327.3425491523394
Q205	$C$11*IF($C$24="Y",RudderForces($C$15,$C$16,$C$13,$C$14,$C$12,$C$23,E205,F205,G205,$Q$40),0)	2328.0815777505854
Q206	$C$11*IF($C$24="Y",RudderForces($C$15,$C$16,$C$13,$C$14,$C$12,$C$23,E206,F206,G206,$Q$40),0)	2328.7831924247985
Q207	$C$11*IF($C$24="Y",RudderForces($C$15,$C$16,$C$13,$C$14,$C$12,$C$23,E207,F207,G207,$Q$40),0)	2329.4473225022621
Q208	$C$11*IF($C$24="Y",RudderForces($C$15,$C$16,$C$13,$C$14,$C$12,$C$23,E208,F208,G208,$Q$40),0)	2330.0742434126655
Q209	$C$11*IF($C$24="Y",RudderForces($C$15,$C$16,$C$13,$C$14,$C$12,$C$23,E209,F209,G209,$Q$40),0)	2330.6645170305414
Q210	$C$11*IF($C$24="Y",RudderForces($C$15,$C$16,$C$13,$C$14,$C$12,$C$23,E210,F210,G210,$Q$40),0)	2331.2189393210074
Q211	$C$11*IF($C$24="Y",RudderForces($C$15,$C$16,$C$13,$C$14,$C$12,$C$23,E211,F211,G211,$Q$40),0)	2331.7384945470767
Q212	$C$11*IF($C$24="Y",RudderForces($C$15,$C$16,$C$13,$C$14,$C$12,$C$23,E212,F212,G212,$Q$40),0)	2332.2243153619593
Q213	$C$11*IF($C$24="Y",RudderForces($C$15,$C$16,$C$13,$C$14,$C$12,$C$23,E213,F213,G213,$Q$40),0)	2332.6776481697866
Q214	$C$11*IF($C$24="Y",RudderForces($C$15,$C$16,$C$13,$C$14,$C$12,$C$23,E214,F214,G214,$Q$40),0)	2333.0998231935341
Q215	$C$11*IF($C$24="Y",RudderForces($C$15,$C$16,$C$13,$C$14,$C$12,$C$23,E215,F215,G215,$Q$40),0)	2333.4922287398058
Q216	$C$11*IF($C$24="Y",RudderForces($C$15,$C$16,$C$13,$C$14,$C$12,$C$23,E216,F216,G216,$Q$40),0)	2333.8562891972692
Q217	$C$11*IF($C$24="Y",RudderForces($C$15,$C$16,$C$13,$C$14,$C$12,$C$23,E217,F217,G217,$Q$40),0)	2334.1934463486496
Q218	$C$11*IF($C$24="Y",RudderForces($C$15,$C$16,$C$13,$C$14,$C$12,$C$23,E218,F218,G218,$Q$40),0)	2334.5051436160711
Q219	$C$11*IF($C$24="Y",RudderForces($C$15,$C$16,$C$13,$C$14,$C$12,$C$23,E219,F219,G219,$Q$40),0)	2334.7928128960798
Q220	$C$11*IF($C$24="Y",RudderForces($C$15,$C$16,$C$13,$C$14,$C$12,$C$23,E220,F220,G220,$Q$40),0)	2335.0578636743003
Q221	$C$11*IF($C$24="Y",RudderForces($C$15,$C$16,$C$13,$C$14,$C$12,$C$23,E221,F221,G221,$Q$40),0)	2335.301674140424
Q222	$C$11*IF($C$24="Y",RudderForces($C$15,$C$16,$C$13,$C$14,$C$12,$C$23,E222,F222,G222,$Q$40),0)	2335.5255840524937
Q223	$C$11*IF($C$24="Y",RudderForces($C$15,$C$16,$C$13,$C$14,$C$12,$C$23,E223,F223,G223,$Q$40),0)	2335.7308891251987
Q224	$C$11*IF($C$24="Y",RudderForces($C$15,$C$16,$C$13,$C$14,$C$12,$C$23,E224,F224,G224,$Q$40),0)	2335.9188367404618
Q225	$C$11*IF($C$24="Y",RudderForces($C$15,$C$16,$C$13,$C$14,$C$12,$C$23,E225,F225,G225,$Q$40),0)	2336.0906228000745
Q226	$C$11*IF($C$24="Y",RudderForces($C$15,$C$16,$C$13,$C$14,$C$12,$C$23,E226,F226,G226,$Q$40),0)	2336.2473895596631
Q227	$C$11*IF($C$24="Y",RudderForces($C$15,$C$16,$C$13,$C$14,$C$12,$C$23,E227,F227,G227,$Q$40),0)	2336.3902243010671
Q40		Z
Q41	$B$11*IF($B$24="Y",RudderForces($B$15,$B$16,$B$13,$B$14,$B$12,$B$23,E41,F41,G41,$Q$40),0)	132718.19316248113
Q42	$B$11*IF($B$24="Y",RudderForces($B$15,$B$16,$B$13,$B$14,$B$12,$B$23,E42,F42,G42,$Q$40),0)	103707.29346023638
Q43	$B$11*IF($B$24="Y",RudderForces($B$15,$B$16,$B$13,$B$14,$B$12,$B$23,E43,F43,G43,$Q$40),0)	85014.928114926486
Q44	$B$11*IF($B$24="Y",RudderForces($B$15,$B$16,$B$13,$B$14,$B$12,$B$23,E44,F44,G44,$Q$40),0)	71927.022247578774
Q45	$B$11*IF($B$24="Y",RudderForces($B$15,$B$16,$B$13,$B$14,$B$12,$B$23,E45,F45,G45,$Q$40),0)	62321.707826533886
Q46	$B$11*IF($B$24="Y",RudderForces($B$15,$B$16,$B$13,$B$14,$B$12,$B$23,E46,F46,G46,$Q$40),0)	55032.479675255716
Q47	$B$11*IF($B$24="Y",RudderForces($B$15,$B$16,$B$13,$B$14,$B$12,$B$23,E47,F47,G47,$Q$40),0)	49382.516841997996
Q48	$B$11*IF($B$24="Y",RudderForces($B$15,$B$16,$B$13,$B$14,$B$12,$B$23,E48,F48,G48,$Q$40),0)	44914.017597493003
Q49	$B$11*IF($B$24="Y",RudderForces($B$15,$B$16,$B$13,$B$14,$B$12,$B$23,E49,F49,G49,$Q$40),0)	41332.496954278649
Q50	$B$11*IF($B$24="Y",RudderForces($B$15,$B$16,$B$13,$B$14,$B$12,$B$23,E50,F50,G50,$Q$40),0)	38429.484950094789
Q51	$B$11*IF($B$24="Y",RudderForces($B$15,$B$16,$B$13,$B$14,$B$12,$B$23,E51,F51,G51,$Q$40),0)	36053.735805997072
Q52	$B$11*IF($B$24="Y",RudderForces($B$15,$B$16,$B$13,$B$14,$B$12,$B$23,E52,F52,G52,$Q$40),0)	34093.215696922387
Q53	$B$11*IF($B$24="Y",RudderForces($B$15,$B$16,$B$13,$B$14,$B$12,$B$23,E53,F53,G53,$Q$40),0)	32457.641315629222
Q54	$B$11*IF($B$24="Y",RudderForces($B$15,$B$16,$B$13,$B$14,$B$12,$B$23,E54,F54,G54,$Q$40),0)	31084.684399633919
Q55	$B$11*IF($B$24="Y",RudderForces($B$15,$B$16,$B$13,$B$14,$B$12,$B$23,E55,F55,G55,$Q$40),0)	29925.87793825601
Q56	$B$11*IF($B$24="Y",RudderForces($B$15,$B$16,$B$13,$B$14,$B$12,$B$23,E56,F56,G56,$Q$40),0)	28943.096674593588
Q57	$B$11*IF($B$24="Y",RudderForces($B$15,$B$16,$B$13,$B$14,$B$12,$B$23,E57,F57,G57,$Q$40),0)	28106.035929921069
Q58	$B$11*IF($B$24="Y",RudderForces($B$15,$B$16,$B$13,$B$14,$B$12,$B$23,E58,F58,G58,$Q$40),0)	27390.377947965178
Q59	$B$11*IF($B$24="Y",RudderForces($B$15,$B$16,$B$13,$B$14,$B$12,$B$23,E59,F59,G59,$Q$40),0)	26776.439983794597
Q60	$B$11*IF($B$24="Y",RudderForces($B$15,$B$16,$B$13,$B$14,$B$12,$B$23,E60,F60,G60,$Q$40),0)	26248.165114125117
Q61	$B$11*IF($B$24="Y",RudderForces($B$15,$B$16,$B$13,$B$14,$B$12,$B$23,E61,F61,G61,$Q$40),0)	25792.360200994361
Q62	$B$11*IF($B$24="Y",RudderForces($B$15,$B$16,$B$13,$B$14,$B$12,$B$23,E62,F62,G62,$Q$40),0)	25398.114306995878
Q63	$B$11*IF($B$24="Y",RudderForces($B$15,$B$16,$B$13,$B$14,$B$12,$B$23,E63,F63,G63,$Q$40),0)	25056.350371587079
Q64	$B$11*IF($B$24="Y",RudderForces($B$15,$B$16,$B$13,$B$14,$B$12,$B$23,E64,F64,G64,$Q$40),0)	24759.476348761124
Q65	$B$11*IF($B$24="Y",RudderForces($B$15,$B$16,$B$13,$B$14,$B$12,$B$23,E65,F65,G65,$Q$40),0)	24501.111322447206
Q66	$B$11*IF($B$24="Y",RudderForces($B$15,$B$16,$B$13,$B$14,$B$12,$B$23,E66,F66,G66,$Q$40),0)	24275.868677551647
Q67	$B$11*IF($B$24="Y",RudderForces($B$15,$B$16,$B$13,$B$14,$B$12,$B$23,E67,F67,G67,$Q$40),0)	24079.183078375947
Q68	$B$11*IF($B$24="Y",RudderForces($B$15,$B$16,$B$13,$B$14,$B$12,$B$23,E68,F68,G68,$Q$40),0)	23907.171370176566
Q69	$B$11*IF($B$24="Y",RudderForces($B$15,$B$16,$B$13,$B$14,$B$12,$B$23,E69,F69,G69,$Q$40),0)	23756.519964516065
Q70	$B$11*IF($B$24="Y",RudderForces($B$15,$B$16,$B$13,$B$14,$B$12,$B$23,E70,F70,G70,$Q$40),0)	23624.393062169678
Q71	$B$11*IF($B$24="Y",RudderForces($B$15,$B$16,$B$13,$B$14,$B$12,$B$23,E71,F71,G71,$Q$40),0)	23508.357393788643
Q72	$B$11*IF($B$24="Y",RudderForces($B$15,$B$16,$B$13,$B$14,$B$12,$B$23,E72,F72,G72,$Q$40),0)	23406.320147773476
Q73	$B$11*IF($B$24="Y",RudderForces($B$15,$B$16,$B$13,$B$14,$B$12,$B$23,E73,F73,G73,$Q$40),0)	23316.477498352127
Q74	$B$11*IF($B$24="Y",RudderForces($B$15,$B$16,$B$13,$B$14,$B$12,$B$23,E74,F74,G74,$Q$40),0)	23237.271709911045
Q75	$B$11*IF($B$24="Y",RudderForces($B$15,$B$16,$B$13,$B$14,$B$12,$B$23,E75,F75,G75,$Q$40),0)	23167.355223078146
Q76	$B$11*IF($B$24="Y",RudderForces($B$15,$B$16,$B$13,$B$14,$B$12,$B$23,E76,F76,G76,$Q$40),0)	23105.560457899115
Q77	$B$11*IF($B$24="Y",RudderForces($B$15,$B$16,$B$13,$B$14,$B$12,$B$23,E77,F77,G77,$Q$40),0)	23050.874324503275
Q78	$B$11*IF($B$24="Y",RudderForces($B$15,$B$16,$B$13,$B$14,$B$12,$B$23,E78,F78,G78,$Q$40),0)	23002.416630182226
Q79	$B$11*IF($B$24="Y",RudderForces($B$15,$B$16,$B$13,$B$14,$B$12,$B$23,E79,F79,G79,$Q$40),0)	22959.4217273299
Q80	$B$11*IF($B$24="Y",RudderForces($B$15,$B$16,$B$13,$B$14,$B$12,$B$23,E80,F80,G80,$Q$40),0)	22921.222869297239
Q81	$B$11*IF($B$24="Y",RudderForces($B$15,$B$16,$B$13,$B$14,$B$12,$B$23,E81,F81,G81,$Q$40),0)	22887.238838462479
Q82	$B$11*IF($B$24="Y",RudderForces($B$15,$B$16,$B$13,$B$14,$B$12,$B$23,E82,F82,G82,$Q$40),0)	22856.962488417303
Q83	$B$11*IF($B$24="Y",RudderForces($B$15,$B$16,$B$13,$B$14,$B$12,$B$23,E83,F83,G83,$Q$40),0)	22829.950904454006
Q84	$B$11*IF($B$24="Y",RudderForces($B$15,$B$16,$B$13,$B$14,$B$12,$B$23,E84,F84,G84,$Q$40),0)	22805.8169368155
Q85	$B$11*IF($B$24="Y",RudderForces($B$15,$B$16,$B$13,$B$14,$B$12,$B$23,E85,F85,G85,$Q$40),0)	22784.221901980898
Q86	$B$11*IF($B$24="Y",RudderForces($B$15,$B$16,$B$13,$B$14,$B$12,$B$23,E86,F86,G86,$Q$40),0)	22764.869280562125
Q87	$B$11*IF($B$24="Y",RudderForces($B$15,$B$16,$B$13,$B$14,$B$12,$B$23,E87,F87,G87,$Q$40),0)	22747.499267705251
Q88	$B$11*IF($B$24="Y",RudderForces($B$15,$B$16,$B$13,$B$14,$B$12,$B$23,E88,F88,G88,$Q$40),0)	22731.884054408521
Q89	$B$11*IF($B$24="Y",RudderForces($B$15,$B$16,$B$13,$B$14,$B$12,$B$23,E89,F89,G89,$Q$40),0)	22717.823736820843
Q90	$B$11*IF($B$24="Y",RudderForces($B$15,$B$16,$B$13,$B$14,$B$12,$B$23,E90,F90,G90,$Q$40),0)	22705.142766099718
Q91	$B$11*IF($B$24="Y",RudderForces($B$15,$B$16,$B$13,$B$14,$B$12,$B$23,E91,F91,G91,$Q$40),0)	22693.686864372779
Q92	$B$11*IF($B$24="Y",RudderForces($B$15,$B$16,$B$13,$B$14,$B$12,$B$23,E92,F92,G92,$Q$40),0)	22683.320343220246
Q93	$B$11*IF($B$24="Y",RudderForces($B$15,$B$16,$B$13,$B$14,$B$12,$B$23,E93,F93,G93,$Q$40),0)	22673.923770252
Q94	$B$11*IF($B$24="Y",RudderForces($B$15,$B$16,$B$13,$B$14,$B$12,$B$23,E94,F94,G94,$Q$40),0)	22665.391937087603
Q95	$B$11*IF($B$24="Y",RudderForces($B$15,$B$16,$B$13,$B$14,$B$12,$B$23,E95,F95,G95,$Q$40),0)	22657.632088604874
Q96	$B$11*IF($B$24="Y",RudderForces($B$15,$B$16,$B$13,$B$14,$B$12,$B$23,E96,F96,G96,$Q$40),0)	22650.562378895811
Q97	$B$11*IF($B$24="Y",RudderForces($B$15,$B$16,$B$13,$B$14,$B$12,$B$23,E97,F97,G97,$Q$40),0)	22644.110524120813
Q98	$B$11*IF($B$24="Y",RudderForces($B$15,$B$16,$B$13,$B$14,$B$12,$B$23,E98,F98,G98,$Q$40),0)	22638.212626512417
Q99	$B$11*IF($B$24="Y",RudderForces($B$15,$B$16,$B$13,$B$14,$B$12,$B$23,E99,F99,G99,$Q$40),0)	22632.812147258279
R100	ManAcceleration($B$3,$B$4,$B$5,$B$6,$B$7,$B$8,K100,E100,F100,G100,L100,M100,N100,O100,P100,Q100,$R$40)	-1.7163998302522319E-4
R101	ManAcceleration($B$3,$B$4,$B$5,$B$6,$B$7,$B$8,K101,E101,F101,G101,L101,M101,N101,O101,P101,Q101,$R$40)	-1.5796107447538222E-4
R102	ManAcceleration($B$3,$B$4,$B$5,$B$6,$B$7,$B$8,K102,E102,F102,G102,L102,M102,N102,O102,P102,Q102,$R$40)	-1.4559634157033544E-4
R103	ManAcceleration($B$3,$B$4,$B$5,$B$6,$B$7,$B$8,K103,E103,F103,G103,L103,M103,N103,O103,P103,Q103,$R$40)	-1.3440118853867076E-4
R104	ManAcceleration($B$3,$B$4,$B$5,$B$6,$B$7,$B$8,K104,E104,F104,G104,L104,M104,N104,O104,P104,Q104,$R$40)	-1.2424818278702502E-4
R105	ManAcceleration($B$3,$B$4,$B$5,$B$6,$B$7,$B$8,K105,E105,F105,G105,L105,M105,N105,O105,P105,Q105,$R$40)	-1.1502494085432352E-4
R106	ManAcceleration($B$3,$B$4,$B$5,$B$6,$B$7,$B$8,K106,E106,F106,G106,L106,M106,N106,O106,P106,Q106,$R$40)	-1.0663227957495255E-4
R107	ManAcceleration($B$3,$B$4,$B$5,$B$6,$B$7,$B$8,K107,E107,F107,G107,L107,M107,N107,O107,P107,Q107,$R$40)	-9.8982598790727121E-5
R108	ManAcceleration($B$3,$B$4,$B$5,$B$6,$B$7,$B$8,K108,E108,F108,G108,L108,M108,N108,O108,P108,Q108,$R$40)	-9.1998466272696962E-5
R109	ManAcceleration($B$3,$B$4,$B$5,$B$6,$B$7,$B$8,K109,E109,F109,G109,L109,M109,N109,O109,P109,Q109,$R$40)	-8.5611379276090763E-5
R110	ManAcceleration($B$3,$B$4,$B$5,$B$6,$B$7,$B$8,K110,E110,F110,G110,L110,M110,N110,O110,P110,Q110,$R$40)	-7.9760680415125429E-5
R111	ManAcceleration($B$3,$B$4,$B$5,$B$6,$B$7,$B$8,K111,E111,F111,G111,L111,M111,N111,O111,P111,Q111,$R$40)	-7.4392608396383323E-5
R112	ManAcceleration($B$3,$B$4,$B$5,$B$6,$B$7,$B$8,K112,E112,F112,G112,L112,M112,N112,O112,P112,Q112,$R$40)	-6.9459466622361885E-5
R113	ManAcceleration($B$3,$B$4,$B$5,$B$6,$B$7,$B$8,K113,E113,F113,G113,L113,M113,N113,O113,P113,Q113,$R$40)	-6.4918894838970911E-5
R114	ManAcceleration($B$3,$B$4,$B$5,$B$6,$B$7,$B$8,K114,E114,F114,G114,L114,M114,N114,O114,P114,Q114,$R$40)	-6.0733230881634818E-5
R115	ManAcceleration($B$3,$B$4,$B$5,$B$6,$B$7,$B$8,K115,E115,F115,G115,L115,M115,N115,O115,P115,Q115,$R$40)	-5.6868951214081458E-5
R116	ManAcceleration($B$3,$B$4,$B$5,$B$6,$B$7,$B$8,K116,E116,F116,G116,L116,M116,N116,O116,P116,Q116,$R$40)	-5.3296180386944693E-5
R117	ManAcceleration($B$3,$B$4,$B$5,$B$6,$B$7,$B$8,K117,E117,F117,G117,L117,M117,N117,O117,P117,Q117,$R$40)	-4.9988260789106113E-5
R118	ManAcceleration($B$3,$B$4,$B$5,$B$6,$B$7,$B$8,K118,E118,F118,G118,L118,M118,N118,O118,P118,Q118,$R$40)	-4.6921375155833923E-5
R119	ManAcceleration($B$3,$B$4,$B$5,$B$6,$B$7,$B$8,K119,E119,F119,G119,L119,M119,N119,O119,P119,Q119,$R$40)	-4.4074215246808589E-5
R120	ManAcceleration($B$3,$B$4,$B$5,$B$6,$B$7,$B$8,K120,E120,F120,G120,L120,M120,N120,O120,P120,Q120,$R$40)	-4.1427690938539782E-5
R121	ManAcceleration($B$3,$B$4,$B$5,$B$6,$B$7,$B$8,K121,E121,F121,G121,L121,M121,N121,O121,P121,Q121,$R$40)	-3.8964674698465325E-5
R122	ManAcceleration($B$3,$B$4,$B$5,$B$6,$B$7,$B$8,K122,E122,F122,G122,L122,M122,N122,O122,P122,Q122,$R$40)	-3.6669777042804339E-5
R123	ManAcceleration($B$3,$B$4,$B$5,$B$6,$B$7,$B$8,K123,E123,F123,G123,L123,M123,N123,O123,P123,Q123,$R$40)	-3.4529149130798687E-5
R124	ManAcceleration($B$3,$B$4,$B$5,$B$6,$B$7,$B$8,K124,E124,F124,G124,L124,M124,N124,O124,P124,Q124,$R$40)	-3.2530309133183138E-5
R125	ManAcceleration($B$3,$B$4,$B$5,$B$6,$B$7,$B$8,K125,E125,F125,G125,L125,M125,N125,O125,P125,Q125,$R$40)	-3.0661989431081293E-5
R126	ManAcceleration($B$3,$B$4,$B$5,$B$6,$B$7,$B$8,K126,E126,F126,G126,L126,M126,N126,O126,P126,Q126,$R$40)	-2.8914002075509592E-5
R127	ManAcceleration($B$3,$B$4,$B$5,$B$6,$B$7,$B$8,K127,E127,F127,G127,L127,M127,N127,O127,P127,Q127,$R$40)	-2.7277120252262151E-5
R128	ManAcceleration($B$3,$B$4,$B$5,$B$6,$B$7,$B$8,K128,E128,F128,G128,L128,M128,N128,O128,P128,Q128,$R$40)	-2.574297378612805E-5
R129	ManAcceleration($B$3,$B$4,$B$5,$B$6,$B$7,$B$8,K129,E129,F129,G129,L129,M129,N129,O129,P129,Q129,$R$40)	-2.4303956959150954E-5
R130	ManAcceleration($B$3,$B$4,$B$5,$B$6,$B$7,$B$8,K130,E130,F130,G130,L130,M130,N130,O130,P130,Q130,$R$40)	-2.2953147134236556E-5
R131	ManAcceleration($B$3,$B$4,$B$5,$B$6,$B$7,$B$8,K131,E131,F131,G131,L131,M131,N131,O131,P131,Q131,$R$40)	-2.1684232865234678E-5
R135		Accelerations (boat axes)
R136		X
R137	ManAcceleration($C$3,$C$4,$C$5,$C$6,$C$7,$C$8,K137,E137,F137,G137,L137,0,N137,O137,P137,Q137,$R$136)	-0.53467887923113
R138	ManAcceleration($C$3,$C$4,$C$5,$C$6,$C$7,$C$8,K138,E138,F138,G138,L138,0,N138,O138,P138,Q138,$R$136)	-0.38501442262830587
R139	ManAcceleration($C$3,$C$4,$C$5,$C$6,$C$7,$C$8,K139,E139,F139,G139,L139,0,N139,O139,P139,Q139,$R$136)	-0.29163911826457078
R140	ManAcceleration($C$3,$C$4,$C$5,$C$6,$C$7,$C$8,K140,E140,F140,G140,L140,0,N140,O140,P140,Q140,$R$136)	-0.23274615546403066
R141	ManAcceleration($C$3,$C$4,$C$5,$C$6,$C$7,$C$8,K141,E141,F141,G141,L141,0,N141,O141,P141,Q141,$R$136)	-0.18921907654832273
R142	ManAcceleration($C$3,$C$4,$C$5,$C$6,$C$7,$C$8,K142,E142,F142,G142,L142,0,N142,O142,P142,Q142,$R$136)	-0.15795875609322671
R143	ManAcceleration($C$3,$C$4,$C$5,$C$6,$C$7,$C$8,K143,E143,F143,G143,L143,0,N143,O143,P143,Q143,$R$136)	-0.13321493974350854
R144	ManAcceleration($C$3,$C$4,$C$5,$C$6,$C$7,$C$8,K144,E144,F144,G144,L144,0,N144,O144,P144,Q144,$R$136)	-0.11327064856581225
R145	ManAcceleration($C$3,$C$4,$C$5,$C$6,$C$7,$C$8,K145,E145,F145,G145,L145,0,N145,O145,P145,Q145,$R$136)	-9.7597723510547046E-2
R146	ManAcceleration($C$3,$C$4,$C$5,$C$6,$C$7,$C$8,K146,E146,F146,G146,L146,0,N146,O146,P146,Q146,$R$136)	-8.4641970244856757E-2
R147	ManAcceleration($C$3,$C$4,$C$5,$C$6,$C$7,$C$8,K147,E147,F147,G147,L147,0,N147,O147,P147,Q147,$R$136)	-7.3707034715112973E-2
R148	ManAcceleration($C$3,$C$4,$C$5,$C$6,$C$7,$C$8,K148,E148,F148,G148,L148,0,N148,O148,P148,Q148,$R$136)	-6.439519573946792E-2
R149	ManAcceleration($C$3,$C$4,$C$5,$C$6,$C$7,$C$8,K149,E149,F149,G149,L149,0,N149,O149,P149,Q149,$R$136)	-5.6405501135332575E-2
R150	ManAcceleration($C$3,$C$4,$C$5,$C$6,$C$7,$C$8,K150,E150,F150,G150,L150,0,N150,O150,P150,Q150,$R$136)	-4.9506294187000283E-2
R151	ManAcceleration($C$3,$C$4,$C$5,$C$6,$C$7,$C$8,K151,E151,F151,G151,L151,0,N151,O151,P151,Q151,$R$136)	-4.3544766272169931E-2
R152	ManAcceleration($C$3,$C$4,$C$5,$C$6,$C$7,$C$8,K152,E152,F152,G152,L152,0,N152,O152,P152,Q152,$R$136)	-3.8522536428285563E-2
R153	ManAcceleration($C$3,$C$4,$C$5,$C$6,$C$7,$C$8,K153,E153,F153,G153,L153,0,N153,O153,P153,Q153,$R$136)	-3.4101124039296139E-2
R154	ManAcceleration($C$3,$C$4,$C$5,$C$6,$C$7,$C$8,K154,E154,F154,G154,L154,0,N154,O154,P154,Q154,$R$136)	-3.0196504730532071E-2
R155	ManAcceleration($C$3,$C$4,$C$5,$C$6,$C$7,$C$8,K155,E155,F155,G155,L155,0,N155,O155,P155,Q155,$R$136)	-2.6739405336877606E-2
R156	ManAcceleration($C$3,$C$4,$C$5,$C$6,$C$7,$C$8,K156,E156,F156,G156,L156,0,N156,O156,P156,Q156,$R$136)	-2.3672125374843877E-2
R157	ManAcceleration($C$3,$C$4,$C$5,$C$6,$C$7,$C$8,K157,E157,F157,G157,L157,0,N157,O157,P157,Q157,$R$136)	-2.0946153218551426E-2
R158	ManAcceleration($C$3,$C$4,$C$5,$C$6,$C$7,$C$8,K158,E158,F158,G158,L158,0,N158,O158,P158,Q158,$R$136)	-1.8520354423617838E-2
R159	ManAcceleration($C$3,$C$4,$C$5,$C$6,$C$7,$C$8,K159,E159,F159,G159,L159,0,N159,O159,P159,Q159,$R$136)	-1.6359578275688104E-2
R160	ManAcceleration($C$3,$C$4,$C$5,$C$6,$C$7,$C$8,K160,E160,F160,G160,L160,0,N160,O160,P160,Q160,$R$136)	-1.4433574242901842E-2
R161	ManAcceleration($C$3,$C$4,$C$5,$C$6,$C$7,$C$8,K161,E161,F161,G161,L161,0,N161,O161,P161,Q161,$R$136)	-1.2716140899296655E-2
R162	ManAcceleration($C$3,$C$4,$C$5,$C$6,$C$7,$C$8,K162,E162,F162,G162,L162,0,N162,O162,P162,Q162,$R$136)	-1.1184451176565394E-2
R163	ManAcceleration($C$3,$C$4,$C$5,$C$6,$C$7,$C$8,K163,E163,F163,G163,L163,0,N163,O163,P163,Q163,$R$136)	-9.8185127129676343E-3
R164	ManAcceleration($C$3,$C$4,$C$5,$C$6,$C$7,$C$8,K164,E164,F164,G164,L164,0,N164,O164,P164,Q164,$R$136)	-8.600732665217551E-3
R165	ManAcceleration($C$3,$C$4,$C$5,$C$6,$C$7,$C$8,K165,E165,F165,G165,L165,0,N165,O165,P165,Q165,$R$136)	-7.51556398111512E-3
R166	ManAcceleration($C$3,$C$4,$C$5,$C$6,$C$7,$C$8,K166,E166,F166,G166,L166,0,N166,O166,P166,Q166,$R$136)	-6.5492156945598252E-3
R167	ManAcceleration($C$3,$C$4,$C$5,$C$6,$C$7,$C$8,K167,E167,F167,G167,L167,0,N167,O167,P167,Q167,$R$136)	-5.689413906249198E-3
R168	ManAcceleration($C$3,$C$4,$C$5,$C$6,$C$7,$C$8,K168,E168,F168,G168,L168,0,N168,O168,P168,Q168,$R$136)	-4.9252031681605579E-3
R169	ManAcceleration($C$3,$C$4,$C$5,$C$6,$C$7,$C$8,K169,E169,F169,G169,L169,0,N169,O169,P169,Q169,$R$136)	-4.2467802864496924E-3
R170	ManAcceleration($C$3,$C$4,$C$5,$C$6,$C$7,$C$8,K170,E170,F170,G170,L170,0,N170,O170,P170,Q170,$R$136)	-3.6453542988384197E-3
R171	ManAcceleration($C$3,$C$4,$C$5,$C$6,$C$7,$C$8,K171,E171,F171,G171,L171,0,N171,O171,P171,Q171,$R$136)	-3.1130277135726077E-3
R172	ManAcceleration($C$3,$C$4,$C$5,$C$6,$C$7,$C$8,K172,E172,F172,G172,L172,0,N172,O172,P172,Q172,$R$136)	-2.6426951218015207E-3
R173	ManAcceleration($C$3,$C$4,$C$5,$C$6,$C$7,$C$8,K173,E173,F173,G173,L173,0,N173,O173,P173,Q173,$R$136)	-2.2279560895405366E-3
R174	ManAcceleration($C$3,$C$4,$C$5,$C$6,$C$7,$C$8,K174,E174,F174,G174,L174,0,N174,O174,P174,Q174,$R$136)	-1.8630398548763302E-3
R175	ManAcceleration($C$3,$C$4,$C$5,$C$6,$C$7,$C$8,K175,E175,F175,G175,L175,0,N175,O175,P175,Q175,$R$136)	-1.5427398420088927E-3
R176	ManAcceleration($C$3,$C$4,$C$5,$C$6,$C$7,$C$8,K176,E176,F176,G176,L176,0,N176,O176,P176,Q176,$R$136)	-1.2623563868770732E-3
R177	ManAcceleration($C$3,$C$4,$C$5,$C$6,$C$7,$C$8,K177,E177,F177,G177,L177,0,N177,O177,P177,Q177,$R$136)	-1.0176463726986314E-3
R178	ManAcceleration($C$3,$C$4,$C$5,$C$6,$C$7,$C$8,K178,E178,F178,G178,L178,0,N178,O178,P178,Q178,$R$136)	-8.0477871534774851E-4
R179	ManAcceleration($C$3,$C$4,$C$5,$C$6,$C$7,$C$8,K179,E179,F179,G179,L179,0,N179,O179,P179,Q179,$R$136)	-6.2029483152876974E-4
R180	ManAcceleration($C$3,$C$4,$C$5,$C$6,$C$7,$C$8,K180,E180,F180,G180,L180,0,N180,O180,P180,Q180,$R$136)	-4.6107337751700881E-4
R181	ManAcceleration($C$3,$C$4,$C$5,$C$6,$C$7,$C$8,K181,E181,F181,G181,L181,0,N181,O181,P181,Q181,$R$136)	-3.2429867080959412E-4
R182	ManAcceleration($C$3,$C$4,$C$5,$C$6,$C$7,$C$8,K182,E182,F182,G182,L182,0,N182,O182,P182,Q182,$R$136)	-2.074323075806663E-4
R183	ManAcceleration($C$3,$C$4,$C$5,$C$6,$C$7,$C$8,K183,E183,F183,G183,L183,0,N183,O183,P183,Q183,$R$136)	-1.0818757023346418E-4
R184	ManAcceleration($C$3,$C$4,$C$5,$C$6,$C$7,$C$8,K184,E184,F184,G184,L184,0,N184,O184,P184,Q184,$R$136)	-2.4506285414031377E-5
R185	ManAcceleration($C$3,$C$4,$C$5,$C$6,$C$7,$C$8,K185,E185,F185,G185,L185,0,N185,O185,P185,Q185,$R$136)	4.5462153381896186E-5
R186	ManAcceleration($C$3,$C$4,$C$5,$C$6,$C$7,$C$8,K186,E186,F186,G186,L186,0,N186,O186,P186,Q186,$R$136)	1.0337984059497923E-4
R187	ManAcceleration($C$3,$C$4,$C$5,$C$6,$C$7,$C$8,K187,E187,F187,G187,L187,0,N187,O187,P187,Q187,$R$136)	1.5073769687965589E-4
R188	ManAcceleration($C$3,$C$4,$C$5,$C$6,$C$7,$C$8,K188,E188,F188,G188,L188,0,N188,O188,P188,Q188,$R$136)	1.8887126751185949E-4
R189	ManAcceleration($C$3,$C$4,$C$5,$C$6,$C$7,$C$8,K189,E189,F189,G189,L189,0,N189,O189,P189,Q189,$R$136)	2.1897513333342904E-4
R190	ManAcceleration($C$3,$C$4,$C$5,$C$6,$C$7,$C$8,K190,E190,F190,G190,L190,0,N190,O190,P190,Q190,$R$136)	2.4211606661840579E-4
R191	ManAcceleration($C$3,$C$4,$C$5,$C$6,$C$7,$C$8,K191,E191,F191,G191,L191,0,N191,O191,P191,Q191,$R$136)	2.5924504765048519E-4
R192	ManAcceleration($C$3,$C$4,$C$5,$C$6,$C$7,$C$8,K192,E192,F192,G192,L192,0,N192,O192,P192,Q192,$R$136)	2.7120824398029549E-4
R193	ManAcceleration($C$3,$C$4,$C$5,$C$6,$C$7,$C$8,K193,E193,F193,G193,L193,0,N193,O193,P193,Q193,$R$136)	2.787570427583274E-4
R194	ManAcceleration($C$3,$C$4,$C$5,$C$6,$C$7,$C$8,K194,E194,F194,G194,L194,0,N194,O194,P194,Q194,$R$136)	2.8255721680052389E-4
R195	ManAcceleration($C$3,$C$4,$C$5,$C$6,$C$7,$C$8,K195,E195,F195,G195,L195,0,N195,O195,P195,Q195,$R$136)	2.8319729678639061E-4
R196	ManAcceleration($C$3,$C$4,$C$5,$C$6,$C$7,$C$8,K196,E196,F196,G196,L196,0,N196,O196,P196,Q196,$R$136)	2.8119621494453873E-4
R197	ManAcceleration($C$3,$C$4,$C$5,$C$6,$C$7,$C$8,K197,E197,F197,G197,L197,0,N197,O197,P197,Q197,$R$136)	2.770102795211649E-4
R198	ManAcceleration($C$3,$C$4,$C$5,$C$6,$C$7,$C$8,K198,E198,F198,G198,L198,0,N198,O198,P198,Q198,$R$136)	2.7103953406934267E-4
R199	ManAcceleration($C$3,$C$4,$C$5,$C$6,$C$7,$C$8,K199,E199,F199,G199,L199,0,N199,O199,P199,Q199,$R$136)	2.6363355100347222E-4
R200	ManAcceleration($C$3,$C$4,$C$5,$C$6,$C$7,$C$8,K200,E200,F200,G200,L200,0,N200,O200,P200,Q200,$R$136)	2.5509670480648234E-4
R201	ManAcceleration($C$3,$C$4,$C$5,$C$6,$C$7,$C$8,K201,E201,F201,G201,L201,0,N201,O201,P201,Q201,$R$136)	2.4569296667178601E-4
R202	ManAcceleration($C$3,$C$4,$C$5,$C$6,$C$7,$C$8,K202,E202,F202,G202,L202,0,N202,O202,P202,Q202,$R$136)	2.3565025912603037E-4
R203	ManAcceleration($C$3,$C$4,$C$5,$C$6,$C$7,$C$8,K203,E203,F203,G203,L203,0,N203,O203,P203,Q203,$R$136)	2.2516440625706643E-4
R204	ManAcceleration($C$3,$C$4,$C$5,$C$6,$C$7,$C$8,K204,E204,F204,G204,L204,0,N204,O204,P204,Q204,$R$136)	2.1440271250909292E-4
R205	ManAcceleration($C$3,$C$4,$C$5,$C$6,$C$7,$C$8,K205,E205,F205,G205,L205,0,N205,O205,P205,Q205,$R$136)	2.0350720057403263E-4
R206	ManAcceleration($C$3,$C$4,$C$5,$C$6,$C$7,$C$8,K206,E206,F206,G206,L206,0,N206,O206,P206,Q206,$R$136)	1.9259753666458736E-4
R207	ManAcceleration($C$3,$C$4,$C$5,$C$6,$C$7,$C$8,K207,E207,F207,G207,L207,0,N207,O207,P207,Q207,$R$136)	1.8177366938245819E-4
R208	ManAcceleration($C$3,$C$4,$C$5,$C$6,$C$7,$C$8,K208,E208,F208,G208,L208,0,N208,O208,P208,Q208,$R$136)	1.7111820647158432E-4
R209	ManAcceleration($C$3,$C$4,$C$5,$C$6,$C$7,$C$8,K209,E209,F209,G209,L209,0,N209,O209,P209,Q209,$R$136)	1.6069855195831225E-4
R210	ManAcceleration($C$3,$C$4,$C$5,$C$6,$C$7,$C$8,K210,E210,F210,G210,L210,0,N210,O210,P210,Q210,$R$136)	1.5056882450777554E-4
R211	ManAcceleration($C$3,$C$4,$C$5,$C$6,$C$7,$C$8,K211,E211,F211,G211,L211,0,N211,O211,P211,Q211,$R$136)	1.4077157627074945E-4
R212	ManAcceleration($C$3,$C$4,$C$5,$C$6,$C$7,$C$8,K212,E212,F212,G212,L212,0,N212,O212,P212,Q212,$R$136)	1.3133933003534401E-4
R213	ManAcceleration($C$3,$C$4,$C$5,$C$6,$C$7,$C$8,K213,E213,F213,G213,L213,0,N213,O213,P213,Q213,$R$136)	1.222959511351475E-4
R214	ManAcceleration($C$3,$C$4,$C$5,$C$6,$C$7,$C$8,K214,E214,F214,G214,L214,0,N214,O214,P214,Q214,$R$136)	1.1365786929182056E-4
R215	ManAcceleration($C$3,$C$4,$C$5,$C$6,$C$7,$C$8,K215,E215,F215,G215,L215,0,N215,O215,P215,Q215,$R$136)	1.0543516437491206E-4
R216	ManAcceleration($C$3,$C$4,$C$5,$C$6,$C$7,$C$8,K216,E216,F216,G216,L216,0,N216,O216,P216,Q216,$R$136)	9.7632528950653273E-5
R217	ManAcceleration($C$3,$C$4,$C$5,$C$6,$C$7,$C$8,K217,E217,F217,G217,L217,0,N217,O217,P217,Q217,$R$136)	9.0250119448096364E-5
R218	ManAcceleration($C$3,$C$4,$C$5,$C$6,$C$7,$C$8,K218,E218,F218,G218,L218,0,N218,O218,P218,Q218,$R$136)	8.3284306799758786E-5
R219	ManAcceleration($C$3,$C$4,$C$5,$C$6,$C$7,$C$8,K219,E219,F219,G219,L219,0,N219,O219,P219,Q219,$R$136)	7.6728336512509266E-5
R220	ManAcceleration($C$3,$C$4,$C$5,$C$6,$C$7,$C$8,K220,E220,F220,G220,L220,0,N220,O220,P220,Q220,$R$136)	7.0572907276134593E-5
R221	ManAcceleration($C$3,$C$4,$C$5,$C$6,$C$7,$C$8,K221,E221,F221,G221,L221,0,N221,O221,P221,Q221,$R$136)	6.4806676439169736E-5
R222	ManAcceleration($C$3,$C$4,$C$5,$C$6,$C$7,$C$8,K222,E222,F222,G222,L222,0,N222,O222,P222,Q222,$R$136)	5.9416699951548946E-5
R223	ManAcceleration($C$3,$C$4,$C$5,$C$6,$C$7,$C$8,K223,E223,F223,G223,L223,0,N223,O223,P223,Q223,$R$136)	5.4388813700810983E-5
R224	ManAcceleration($C$3,$C$4,$C$5,$C$6,$C$7,$C$8,K224,E224,F224,G224,L224,0,N224,O224,P224,Q224,$R$136)	4.9707962542677802E-5
R225	ManAcceleration($C$3,$C$4,$C$5,$C$6,$C$7,$C$8,K225,E225,F225,G225,L225,0,N225,O225,P225,Q225,$R$136)	4.5358482754858429E-5
R226	ManAcceleration($C$3,$C$4,$C$5,$C$6,$C$7,$C$8,K226,E226,F226,G226,L226,0,N226,O226,P226,Q226,$R$136)	4.1324343103994054E-5
R227	ManAcceleration($C$3,$C$4,$C$5,$C$6,$C$7,$C$8,K227,E227,F227,G227,L227,0,N227,O227,P227,Q227,$R$136)	3.7589349231726059E-5
R38		Accelerations (boat axes)
R40		X
R41	ManAcceleration($B$3,$B$4,$B$5,$B$6,$B$7,$B$8,K41,E41,F41,G41,L41,M41,N41,O41,P41,Q41,$R$40)	-0.46091743879570241
R42	ManAcceleration($B$3,$B$4,$B$5,$B$6,$B$7,$B$8,K42,E42,F42,G42,L42,M42,N42,O42,P42,Q42,$R$40)	-0.33840027415532281
R43	ManAcceleration($B$3,$B$4,$B$5,$B$6,$B$7,$B$8,K43,E43,F43,G43,L43,M43,N43,O43,P43,Q43,$R$40)	-0.26229577224772682
R44	ManAcceleration($B$3,$B$4,$B$5,$B$6,$B$7,$B$8,K44,E44,F44,G44,L44,M44,N44,O44,P44,Q44,$R$40)	-0.20899669618753633
R45	ManAcceleration($B$3,$B$4,$B$5,$B$6,$B$7,$B$8,K45,E45,F45,G45,L45,M45,N45,O45,P45,Q45,$R$40)	-0.16985376082172465
R46	ManAcceleration($B$3,$B$4,$B$5,$B$6,$B$7,$B$8,K46,E46,F46,G46,L46,M46,N46,O46,P46,Q46,$R$40)	-0.13957483025125647
R47	ManAcceleration($B$3,$B$4,$B$5,$B$6,$B$7,$B$8,K47,E47,F47,G47,L47,M47,N47,O47,P47,Q47,$R$40)	-0.11610174098601155
R48	ManAcceleration($B$3,$B$4,$B$5,$B$6,$B$7,$B$8,K48,E48,F48,G48,L48,M48,N48,O48,P48,Q48,$R$40)	-9.7243161552138024E-2
R49	ManAcceleration($B$3,$B$4,$B$5,$B$6,$B$7,$B$8,K49,E49,F49,G49,L49,M49,N49,O49,P49,Q49,$R$40)	-8.1917546879663822E-2
R50	ManAcceleration($B$3,$B$4,$B$5,$B$6,$B$7,$B$8,K50,E50,F50,G50,L50,M50,N50,O50,P50,Q50,$R$40)	-6.9344599776274787E-2
R51	ManAcceleration($B$3,$B$4,$B$5,$B$6,$B$7,$B$8,K51,E51,F51,G51,L51,M51,N51,O51,P51,Q51,$R$40)	-5.8949386312794165E-2
R52	ManAcceleration($B$3,$B$4,$B$5,$B$6,$B$7,$B$8,K52,E52,F52,G52,L52,M52,N52,O52,P52,Q52,$R$40)	-5.0483982897787355E-2
R53	ManAcceleration($B$3,$B$4,$B$5,$B$6,$B$7,$B$8,K53,E53,F53,G53,L53,M53,N53,O53,P53,Q53,$R$40)	-4.3368928098336187E-2
R54	ManAcceleration($B$3,$B$4,$B$5,$B$6,$B$7,$B$8,K54,E54,F54,G54,L54,M54,N54,O54,P54,Q54,$R$40)	-3.7358621144559109E-2
R55	ManAcceleration($B$3,$B$4,$B$5,$B$6,$B$7,$B$8,K55,E55,F55,G55,L55,M55,N55,O55,P55,Q55,$R$40)	-3.2259121439545436E-2
R56	ManAcceleration($B$3,$B$4,$B$5,$B$6,$B$7,$B$8,K56,E56,F56,G56,L56,M56,N56,O56,P56,Q56,$R$40)	-2.7915660262854899E-2
R57	ManAcceleration($B$3,$B$4,$B$5,$B$6,$B$7,$B$8,K57,E57,F57,G57,L57,M57,N57,O57,P57,Q57,$R$40)	-2.4203558603652225E-2
R58	ManAcceleration($B$3,$B$4,$B$5,$B$6,$B$7,$B$8,K58,E58,F58,G58,L58,M58,N58,O58,P58,Q58,$R$40)	-2.1021521470884496E-2
R59	ManAcceleration($B$3,$B$4,$B$5,$B$6,$B$7,$B$8,K59,E59,F59,G59,L59,M59,N59,O59,P59,Q59,$R$40)	-1.828662003350618E-2
R60	ManAcceleration($B$3,$B$4,$B$5,$B$6,$B$7,$B$8,K60,E60,F60,G60,L60,M60,N60,O60,P60,Q60,$R$40)	-1.5930491004051379E-2
R61	ManAcceleration($B$3,$B$4,$B$5,$B$6,$B$7,$B$8,K61,E61,F61,G61,L61,M61,N61,O61,P61,Q61,$R$40)	-1.3896425850167576E-2
R62	ManAcceleration($B$3,$B$4,$B$5,$B$6,$B$7,$B$8,K62,E62,F62,G62,L62,M62,N62,O62,P62,Q62,$R$40)	-1.2137118480297093E-2
R63	ManAcceleration($B$3,$B$4,$B$5,$B$6,$B$7,$B$8,K63,E63,F63,G63,L63,M63,N63,O63,P63,Q63,$R$40)	-1.0612905686747718E-2
R64	ManAcceleration($B$3,$B$4,$B$5,$B$6,$B$7,$B$8,K64,E64,F64,G64,L64,M64,N64,O64,P64,Q64,$R$40)	-9.2903801850175508E-3
R65	ManAcceleration($B$3,$B$4,$B$5,$B$6,$B$7,$B$8,K65,E65,F65,G65,L65,M65,N65,O65,P65,Q65,$R$40)	-8.1412881433892432E-3
R66	ManAcceleration($B$3,$B$4,$B$5,$B$6,$B$7,$B$8,K66,E66,F66,G66,L66,M66,N66,O66,P66,Q66,$R$40)	-7.1416459309832179E-3
R67	ManAcceleration($B$3,$B$4,$B$5,$B$6,$B$7,$B$8,K67,E67,F67,G67,L67,M67,N67,O67,P67,Q67,$R$40)	-6.271027260503788E-3
R68	ManAcceleration($B$3,$B$4,$B$5,$B$6,$B$7,$B$8,K68,E68,F68,G68,L68,M68,N68,O68,P68,Q68,$R$40)	-5.5119838719955424E-3
R69	ManAcceleration($B$3,$B$4,$B$5,$B$6,$B$7,$B$8,K69,E69,F69,G69,L69,M69,N69,O69,P69,Q69,$R$40)	-4.8495716985991312E-3
R70	ManAcceleration($B$3,$B$4,$B$5,$B$6,$B$7,$B$8,K70,E70,F70,G70,L70,M70,N70,O70,P70,Q70,$R$40)	-4.2709609749623989E-3
R71	ManAcceleration($B$3,$B$4,$B$5,$B$6,$B$7,$B$8,K71,E71,F71,G71,L71,M71,N71,O71,P71,Q71,$R$40)	-3.7651136231388834E-3
R72	ManAcceleration($B$3,$B$4,$B$5,$B$6,$B$7,$B$8,K72,E72,F72,G72,L72,M72,N72,O72,P72,Q72,$R$40)	-3.3225149241800965E-3
R73	ManAcceleration($B$3,$B$4,$B$5,$B$6,$B$7,$B$8,K73,E73,F73,G73,L73,M73,N73,O73,P73,Q73,$R$40)	-2.9349492734006117E-3
R74	ManAcceleration($B$3,$B$4,$B$5,$B$6,$B$7,$B$8,K74,E74,F74,G74,L74,M74,N74,O74,P74,Q74,$R$40)	-2.5953119516991343E-3
R75	ManAcceleration($B$3,$B$4,$B$5,$B$6,$B$7,$B$8,K75,E75,F75,G75,L75,M75,N75,O75,P75,Q75,$R$40)	-2.2974504900024851E-3
R76	ManAcceleration($B$3,$B$4,$B$5,$B$6,$B$7,$B$8,K76,E76,F76,G76,L76,M76,N76,O76,P76,Q76,$R$40)	-2.0360304799791145E-3
R77	ManAcceleration($B$3,$B$4,$B$5,$B$6,$B$7,$B$8,K77,E77,F77,G77,L77,M77,N77,O77,P77,Q77,$R$40)	-1.8064216809162968E-3
R78	ManAcceleration($B$3,$B$4,$B$5,$B$6,$B$7,$B$8,K78,E78,F78,G78,L78,M78,N78,O78,P78,Q78,$R$40)	-1.6046010562906388E-3
R79	ManAcceleration($B$3,$B$4,$B$5,$B$6,$B$7,$B$8,K79,E79,F79,G79,L79,M79,N79,O79,P79,Q79,$R$40)	-1.4270699935603544E-3
R80	ManAcceleration($B$3,$B$4,$B$5,$B$6,$B$7,$B$8,K80,E80,F80,G80,L80,M80,N80,O80,P80,Q80,$R$40)	-1.2707834542765803E-3
R81	ManAcceleration($B$3,$B$4,$B$5,$B$6,$B$7,$B$8,K81,E81,F81,G81,L81,M81,N81,O81,P81,Q81,$R$40)	-1.1330891968824887E-3
R82	ManAcceleration($B$3,$B$4,$B$5,$B$6,$B$7,$B$8,K82,E82,F82,G82,L82,M82,N82,O82,P82,Q82,$R$40)	-1.0116755329734925E-3
R83	ManAcceleration($B$3,$B$4,$B$5,$B$6,$B$7,$B$8,K83,E83,F83,G83,L83,M83,N83,O83,P83,Q83,$R$40)	-9.0452633571911994E-4
R84	ManAcceleration($B$3,$B$4,$B$5,$B$6,$B$7,$B$8,K84,E84,F84,G84,L84,M84,N84,O84,P84,Q84,$R$40)	-8.0988222922589504E-4
R85	ManAcceleration($B$3,$B$4,$B$5,$B$6,$B$7,$B$8,K85,E85,F85,G85,L85,M85,N85,O85,P85,Q85,$R$40)	-7.2620705962903455E-4
R86	ManAcceleration($B$3,$B$4,$B$5,$B$6,$B$7,$B$8,K86,E86,F86,G86,L86,M86,N86,O86,P86,Q86,$R$40)	-6.5215889023777565E-4
R87	ManAcceleration($B$3,$B$4,$B$5,$B$6,$B$7,$B$8,K87,E87,F87,G87,L87,M87,N87,O87,P87,Q87,$R$40)	-5.8656488009202078E-4
R88	ManAcceleration($B$3,$B$4,$B$5,$B$6,$B$7,$B$8,K88,E88,F88,G88,L88,M88,N88,O88,P88,Q88,$R$40)	-5.2839950249651026E-4
R89	ManAcceleration($B$3,$B$4,$B$5,$B$6,$B$7,$B$8,K89,E89,F89,G89,L89,M89,N89,O89,P89,Q89,$R$40)	-4.767656411890002E-4
R90	ManAcceleration($B$3,$B$4,$B$5,$B$6,$B$7,$B$8,K90,E90,F90,G90,L90,M90,N90,O90,P90,Q90,$R$40)	-4.3087816972188237E-4
R91	ManAcceleration($B$3,$B$4,$B$5,$B$6,$B$7,$B$8,K91,E91,F91,G91,L91,M91,N91,O91,P91,Q91,$R$40)	-3.9004967674562471E-4
R92	ManAcceleration($B$3,$B$4,$B$5,$B$6,$B$7,$B$8,K92,E92,F92,G92,L92,M92,N92,O92,P92,Q92,$R$40)	-3.5367804807181396E-4
R93	ManAcceleration($B$3,$B$4,$B$5,$B$6,$B$7,$B$8,K93,E93,F93,G93,L93,M93,N93,O93,P93,Q93,$R$40)	-3.2123565718882903E-4
R94	ManAcceleration($B$3,$B$4,$B$5,$B$6,$B$7,$B$8,K94,E94,F94,G94,L94,M94,N94,O94,P94,Q94,$R$40)	-2.9225995054662964E-4
R95	ManAcceleration($B$3,$B$4,$B$5,$B$6,$B$7,$B$8,K95,E95,F95,G95,L95,M95,N95,O95,P95,Q95,$R$40)	-2.6634524342975359E-4
R96	ManAcceleration($B$3,$B$4,$B$5,$B$6,$B$7,$B$8,K96,E96,F96,G96,L96,M96,N96,O96,P96,Q96,$R$40)	-2.4313556742517494E-4
R97	ManAcceleration($B$3,$B$4,$B$5,$B$6,$B$7,$B$8,K97,E97,F97,G97,L97,M97,N97,O97,P97,Q97,$R$40)	-2.2231843204865238E-4
R98	ManAcceleration($B$3,$B$4,$B$5,$B$6,$B$7,$B$8,K98,E98,F98,G98,L98,M98,N98,O98,P98,Q98,$R$40)	-2.0361938158162187E-4
R99	ManAcceleration($B$3,$B$4,$B$5,$B$6,$B$7,$B$8,K99,E99,F99,G99,L99,M99,N99,O99,P99,Q99,$R$40)	-1.8679724405867731E-4
S100	ManAcceleration($B$3,$B$4,$B$5,$B$6,$B$7,$B$8,K100,E100,F100,G100,L100,M100,N100,O100,P100,Q100,$S$40)	-1.4434145171106193E-4
S101	ManAcceleration($B$3,$B$4,$B$5,$B$6,$B$7,$B$8,K101,E101,F101,G101,L101,M101,N101,O101,P101,Q101,$S$40)	-1.3636150950280932E-4
S102	ManAcceleration($B$3,$B$4,$B$5,$B$6,$B$7,$B$8,K102,E102,F102,G102,L102,M102,N102,O102,P102,Q102,$S$40)	-1.2886055039507114E-4
S103	ManAcceleration($B$3,$B$4,$B$5,$B$6,$B$7,$B$8,K103,E103,F103,G103,L103,M103,N103,O103,P103,Q103,$S$40)	-1.2180533688801488E-4
S104	ManAcceleration($B$3,$B$4,$B$5,$B$6,$B$7,$B$8,K104,E104,F104,G104,L104,M104,N104,O104,P104,Q104,$S$40)	-1.1516543088978659E-4
S105	ManAcceleration($B$3,$B$4,$B$5,$B$6,$B$7,$B$8,K105,E105,F105,G105,L105,M105,N105,O105,P105,Q105,$S$40)	-1.0891291056938185E-4
S106	ManAcceleration($B$3,$B$4,$B$5,$B$6,$B$7,$B$8,K106,E106,F106,G106,L106,M106,N106,O106,P106,Q106,$S$40)	-1.0302211970615901E-4
S107	ManAcceleration($B$3,$B$4,$B$5,$B$6,$B$7,$B$8,K107,E107,F107,G107,L107,M107,N107,O107,P107,Q107,$S$40)	-9.7469445522484191E-5
S108	ManAcceleration($B$3,$B$4,$B$5,$B$6,$B$7,$B$8,K108,E108,F108,G108,L108,M108,N108,O108,P108,Q108,$S$40)	-9.2233121504127678E-5
S109	ManAcceleration($B$3,$B$4,$B$5,$B$6,$B$7,$B$8,K109,E109,F109,G109,L109,M109,N109,O109,P109,Q109,$S$40)	-8.7293052162865369E-5
S110	ManAcceleration($B$3,$B$4,$B$5,$B$6,$B$7,$B$8,K110,E110,F110,G110,L110,M110,N110,O110,P110,Q110,$S$40)	-8.2630657084925154E-5
S111	ManAcceleration($B$3,$B$4,$B$5,$B$6,$B$7,$B$8,K111,E111,F111,G111,L111,M111,N111,O111,P111,Q111,$S$40)	-7.8228731945911715E-5
S112	ManAcceleration($B$3,$B$4,$B$5,$B$6,$B$7,$B$8,K112,E112,F112,G112,L112,M112,N112,O112,P112,Q112,$S$40)	-7.4071324466769915E-5
S113	ManAcceleration($B$3,$B$4,$B$5,$B$6,$B$7,$B$8,K113,E113,F113,G113,L113,M113,N113,O113,P113,Q113,$S$40)	-7.0143623539852966E-5
S114	ManAcceleration($B$3,$B$4,$B$5,$B$6,$B$7,$B$8,K114,E114,F114,G114,L114,M114,N114,O114,P114,Q114,$S$40)	-6.6431859975539837E-5
S115	ManAcceleration($B$3,$B$4,$B$5,$B$6,$B$7,$B$8,K115,E115,F115,G115,L115,M115,N115,O115,P115,Q115,$S$40)	-6.2923217513054288E-5
S116	ManAcceleration($B$3,$B$4,$B$5,$B$6,$B$7,$B$8,K116,E116,F116,G116,L116,M116,N116,O116,P116,Q116,$S$40)	-5.9605752907101712E-5
S117	ManAcceleration($B$3,$B$4,$B$5,$B$6,$B$7,$B$8,K117,E117,F117,G117,L117,M117,N117,O117,P117,Q117,$S$40)	-5.646832404824275E-5
S118	ManAcceleration($B$3,$B$4,$B$5,$B$6,$B$7,$B$8,K118,E118,F118,G118,L118,M118,N118,O118,P118,Q118,$S$40)	-5.3500525202835065E-5
S119	ManAcceleration($B$3,$B$4,$B$5,$B$6,$B$7,$B$8,K119,E119,F119,G119,L119,M119,N119,O119,P119,Q119,$S$40)	-5.0692628569821134E-5
S120	ManAcceleration($B$3,$B$4,$B$5,$B$6,$B$7,$B$8,K120,E120,F120,G120,L120,M120,N120,O120,P120,Q120,$S$40)	-4.8035531448978497E-5
S121	ManAcceleration($B$3,$B$4,$B$5,$B$6,$B$7,$B$8,K121,E121,F121,G121,L121,M121,N121,O121,P121,Q121,$S$40)	-4.5520708400341396E-5
S122	ManAcceleration($B$3,$B$4,$B$5,$B$6,$B$7,$B$8,K122,E122,F122,G122,L122,M122,N122,O122,P122,Q122,$S$40)	-4.3140167848909647E-5
S123	ManAcceleration($B$3,$B$4,$B$5,$B$6,$B$7,$B$8,K123,E123,F123,G123,L123,M123,N123,O123,P123,Q123,$S$40)	-4.088641265372105E-5
S124	ManAcceleration($B$3,$B$4,$B$5,$B$6,$B$7,$B$8,K124,E124,F124,G124,L124,M124,N124,O124,P124,Q124,$S$40)	-3.8752404217516769E-5
S125	ManAcceleration($B$3,$B$4,$B$5,$B$6,$B$7,$B$8,K125,E125,F125,G125,L125,M125,N125,O125,P125,Q125,$S$40)	-3.6731529763050367E-5
S126	ManAcceleration($B$3,$B$4,$B$5,$B$6,$B$7,$B$8,K126,E126,F126,G126,L126,M126,N126,O126,P126,Q126,$S$40)	-3.4817572445197522E-5
S127	ManAcceleration($B$3,$B$4,$B$5,$B$6,$B$7,$B$8,K127,E127,F127,G127,L127,M127,N127,O127,P127,Q127,$S$40)	-3.3004684007806373E-5
S128	ManAcceleration($B$3,$B$4,$B$5,$B$6,$B$7,$B$8,K128,E128,F128,G128,L128,M128,N128,O128,P128,Q128,$S$40)	-3.128735972599743E-5
S129	ManAcceleration($B$3,$B$4,$B$5,$B$6,$B$7,$B$8,K129,E129,F129,G129,L129,M129,N129,O129,P129,Q129,$S$40)	-2.9660415405432912E-5
S130	ManAcceleration($B$3,$B$4,$B$5,$B$6,$B$7,$B$8,K130,E130,F130,G130,L130,M130,N130,O130,P130,Q130,$S$40)	-2.8118966235796578E-5
S131	ManAcceleration($B$3,$B$4,$B$5,$B$6,$B$7,$B$8,K131,E131,F131,G131,L131,M131,N131,O131,P131,Q131,$S$40)	-2.6658407317759776E-5
S136		Y
S137	ManAcceleration($C$3,$C$4,$C$5,$C$6,$C$7,$C$8,K137,E137,F137,G137,L137,0,N137,O137,P137,Q137,$S$136)	-0.11609265523927083
S138	ManAcceleration($C$3,$C$4,$C$5,$C$6,$C$7,$C$8,K138,E138,F138,G138,L138,0,N138,O138,P138,Q138,$S$136)	-9.6548276619140866E-2
S139	ManAcceleration($C$3,$C$4,$C$5,$C$6,$C$7,$C$8,K139,E139,F139,G139,L139,0,N139,O139,P139,Q139,$S$136)	-7.6160681881729822E-2
S140	ManAcceleration($C$3,$C$4,$C$5,$C$6,$C$7,$C$8,K140,E140,F140,G140,L140,0,N140,O140,P140,Q140,$S$136)	-5.9697896881092886E-2
S141	ManAcceleration($C$3,$C$4,$C$5,$C$6,$C$7,$C$8,K141,E141,F141,G141,L141,0,N141,O141,P141,Q141,$S$136)	-4.6961190707363751E-2
S142	ManAcceleration($C$3,$C$4,$C$5,$C$6,$C$7,$C$8,K142,E142,F142,G142,L142,0,N142,O142,P142,Q142,$S$136)	-3.7227860893343567E-2
S143	ManAcceleration($C$3,$C$4,$C$5,$C$6,$C$7,$C$8,K143,E143,F143,G143,L143,0,N143,O143,P143,Q143,$S$136)	-2.9694418722629606E-2
S144	ManAcceleration($C$3,$C$4,$C$5,$C$6,$C$7,$C$8,K144,E144,F144,G144,L144,0,N144,O144,P144,Q144,$S$136)	-2.3810783946085833E-2
S145	ManAcceleration($C$3,$C$4,$C$5,$C$6,$C$7,$C$8,K145,E145,F145,G145,L145,0,N145,O145,P145,Q145,$S$136)	-1.9166443344949827E-2
S146	ManAcceleration($C$3,$C$4,$C$5,$C$6,$C$7,$C$8,K146,E146,F146,G146,L146,0,N146,O146,P146,Q146,$S$136)	-1.5447670899476957E-2
S147	ManAcceleration($C$3,$C$4,$C$5,$C$6,$C$7,$C$8,K147,E147,F147,G147,L147,0,N147,O147,P147,Q147,$S$136)	-1.2441553729060289E-2
S148	ManAcceleration($C$3,$C$4,$C$5,$C$6,$C$7,$C$8,K148,E148,F148,G148,L148,0,N148,O148,P148,Q148,$S$136)	-9.9935756736370569E-3
S149	ManAcceleration($C$3,$C$4,$C$5,$C$6,$C$7,$C$8,K149,E149,F149,G149,L149,0,N149,O149,P149,Q149,$S$136)	-7.9879768779890659E-3
S150	ManAcceleration($C$3,$C$4,$C$5,$C$6,$C$7,$C$8,K150,E150,F150,G150,L150,0,N150,O150,P150,Q150,$S$136)	-6.3369295744208371E-3
S151	ManAcceleration($C$3,$C$4,$C$5,$C$6,$C$7,$C$8,K151,E151,F151,G151,L151,0,N151,O151,P151,Q151,$S$136)	-4.9729243415697804E-3
S152	ManAcceleration($C$3,$C$4,$C$5,$C$6,$C$7,$C$8,K152,E152,F152,G152,L152,0,N152,O152,P152,Q152,$S$136)	-3.8429142815885236E-3
S153	ManAcceleration($C$3,$C$4,$C$5,$C$6,$C$7,$C$8,K153,E153,F153,G153,L153,0,N153,O153,P153,Q153,$S$136)	-2.9026329640447421E-3
S154	ManAcceleration($C$3,$C$4,$C$5,$C$6,$C$7,$C$8,K154,E154,F154,G154,L154,0,N154,O154,P154,Q154,$S$136)	-2.1202645943481173E-3
S155	ManAcceleration($C$3,$C$4,$C$5,$C$6,$C$7,$C$8,K155,E155,F155,G155,L155,0,N155,O155,P155,Q155,$S$136)	-1.470048893867762E-3
S156	ManAcceleration($C$3,$C$4,$C$5,$C$6,$C$7,$C$8,K156,E156,F156,G156,L156,0,N156,O156,P156,Q156,$S$136)	-9.3092417296448797E-4
S157	ManAcceleration($C$3,$C$4,$C$5,$C$6,$C$7,$C$8,K157,E157,F157,G157,L157,0,N157,O157,P157,Q157,$S$136)	-4.8551902310758834E-4
S158	ManAcceleration($C$3,$C$4,$C$5,$C$6,$C$7,$C$8,K158,E158,F158,G158,L158,0,N158,O158,P158,Q158,$S$136)	-1.1939371528010323E-4
S159	ManAcceleration($C$3,$C$4,$C$5,$C$6,$C$7,$C$8,K159,E159,F159,G159,L159,0,N159,O159,P159,Q159,$S$136)	1.7953730626890478E-4
S160	ManAcceleration($C$3,$C$4,$C$5,$C$6,$C$7,$C$8,K160,E160,F160,G160,L160,0,N160,O160,P160,Q160,$S$136)	4.2145008145972788E-4
S161	ManAcceleration($C$3,$C$4,$C$5,$C$6,$C$7,$C$8,K161,E161,F161,G161,L161,0,N161,O161,P161,Q161,$S$136)	6.1495728072833973E-4
S162	ManAcceleration($C$3,$C$4,$C$5,$C$6,$C$7,$C$8,K162,E162,F162,G162,L162,0,N162,O162,P162,Q162,$S$136)	7.6738054479995538E-4
S163	ManAcceleration($C$3,$C$4,$C$5,$C$6,$C$7,$C$8,K163,E163,F163,G163,L163,0,N163,O163,P163,Q163,$S$136)	8.8496696893134016E-4
S164	ManAcceleration($C$3,$C$4,$C$5,$C$6,$C$7,$C$8,K164,E164,F164,G164,L164,0,N164,O164,P164,Q164,$S$136)	9.7306289723164067E-4
S165	ManAcceleration($C$3,$C$4,$C$5,$C$6,$C$7,$C$8,K165,E165,F165,G165,L165,0,N165,O165,P165,Q165,$S$136)	1.0362547693087885E-3
S166	ManAcceleration($C$3,$C$4,$C$5,$C$6,$C$7,$C$8,K166,E166,F166,G166,L166,0,N166,O166,P166,Q166,$S$136)	1.0784842912142066E-3
S167	ManAcceleration($C$3,$C$4,$C$5,$C$6,$C$7,$C$8,K167,E167,F167,G167,L167,0,N167,O167,P167,Q167,$S$136)	1.1031434057148593E-3
S168	ManAcceleration($C$3,$C$4,$C$5,$C$6,$C$7,$C$8,K168,E168,F168,G168,L168,0,N168,O168,P168,Q168,$S$136)	1.1131532197214764E-3
S169	ManAcceleration($C$3,$C$4,$C$5,$C$6,$C$7,$C$8,K169,E169,F169,G169,L169,0,N169,O169,P169,Q169,$S$136)	1.1110300739210809E-3
S170	ManAcceleration($C$3,$C$4,$C$5,$C$6,$C$7,$C$8,K170,E170,F170,G170,L170,0,N170,O170,P170,Q170,$S$136)	1.0989412158865961E-3
S171	ManAcceleration($C$3,$C$4,$C$5,$C$6,$C$7,$C$8,K171,E171,F171,G171,L171,0,N171,O171,P171,Q171,$S$136)	1.0787519953684207E-3
S172	ManAcceleration($C$3,$C$4,$C$5,$C$6,$C$7,$C$8,K172,E172,F172,G172,L172,0,N172,O172,P172,Q172,$S$136)	1.0520660906220582E-3
S173	ManAcceleration($C$3,$C$4,$C$5,$C$6,$C$7,$C$8,K173,E173,F173,G173,L173,0,N173,O173,P173,Q173,$S$136)	1.0202599625917226E-3
S174	ManAcceleration($C$3,$C$4,$C$5,$C$6,$C$7,$C$8,K174,E174,F174,G174,L174,0,N174,O174,P174,Q174,$S$136)	9.8451249430163185E-4
S175	ManAcceleration($C$3,$C$4,$C$5,$C$6,$C$7,$C$8,K175,E175,F175,G175,L175,0,N175,O175,P175,Q175,$S$136)	9.4583058752537356E-4
S176	ManAcceleration($C$3,$C$4,$C$5,$C$6,$C$7,$C$8,K176,E176,F176,G176,L176,0,N176,O176,P176,Q176,$S$136)	9.0507134427393902E-4
S177	ManAcceleration($C$3,$C$4,$C$5,$C$6,$C$7,$C$8,K177,E177,F177,G177,L177,0,N177,O177,P177,Q177,$S$136)	8.6296134697943009E-4
S178	ManAcceleration($C$3,$C$4,$C$5,$C$6,$C$7,$C$8,K178,E178,F178,G178,L178,0,N178,O178,P178,Q178,$S$136)	8.2011346114363795E-4
S179	ManAcceleration($C$3,$C$4,$C$5,$C$6,$C$7,$C$8,K179,E179,F179,G179,L179,0,N179,O179,P179,Q179,$S$136)	7.7704151223285673E-4
S180	ManAcceleration($C$3,$C$4,$C$5,$C$6,$C$7,$C$8,K180,E180,F180,G180,L180,0,N180,O180,P180,Q180,$S$136)	7.341731306566865E-4
S181	ManAcceleration($C$3,$C$4,$C$5,$C$6,$C$7,$C$8,K181,E181,F181,G181,L181,0,N181,O181,P181,Q181,$S$136)	6.9186101170105798E-4
S182	ManAcceleration($C$3,$C$4,$C$5,$C$6,$C$7,$C$8,K182,E182,F182,G182,L182,0,N182,O182,P182,Q182,$S$136)	6.5039279895945552E-4
S183	ManAcceleration($C$3,$C$4,$C$5,$C$6,$C$7,$C$8,K183,E183,F183,G183,L183,0,N183,O183,P183,Q183,$S$136)	6.0999976833781575E-4
S184	ManAcceleration($C$3,$C$4,$C$5,$C$6,$C$7,$C$8,K184,E184,F184,G184,L184,0,N184,O184,P184,Q184,$S$136)	5.7086446371991991E-4
S185	ManAcceleration($C$3,$C$4,$C$5,$C$6,$C$7,$C$8,K185,E185,F185,G185,L185,0,N185,O185,P185,Q185,$S$136)	5.3312741379921255E-4
S186	ManAcceleration($C$3,$C$4,$C$5,$C$6,$C$7,$C$8,K186,E186,F186,G186,L186,0,N186,O186,P186,Q186,$S$136)	4.9689304157199377E-4
S187	ManAcceleration($C$3,$C$4,$C$5,$C$6,$C$7,$C$8,K187,E187,F187,G187,L187,0,N187,O187,P187,Q187,$S$136)	4.6223486288149012E-4
S188	ManAcceleration($C$3,$C$4,$C$5,$C$6,$C$7,$C$8,K188,E188,F188,G188,L188,0,N188,O188,P188,Q188,$S$136)	4.2920005767452631E-4
S189	ManAcceleration($C$3,$C$4,$C$5,$C$6,$C$7,$C$8,K189,E189,F189,G189,L189,0,N189,O189,P189,Q189,$S$136)	3.9781348686175193E-4
S190	ManAcceleration($C$3,$C$4,$C$5,$C$6,$C$7,$C$8,K190,E190,F190,G190,L190,0,N190,O190,P190,Q190,$S$136)	3.6808121851454151E-4
S191	ManAcceleration($C$3,$C$4,$C$5,$C$6,$C$7,$C$8,K191,E191,F191,G191,L191,0,N191,O191,P191,Q191,$S$136)	3.3999361931502794E-4
S192	ManAcceleration($C$3,$C$4,$C$5,$C$6,$C$7,$C$8,K192,E192,F192,G192,L192,0,N192,O192,P192,Q192,$S$136)	3.1352806047145308E-4
S193	ManAcceleration($C$3,$C$4,$C$5,$C$6,$C$7,$C$8,K193,E193,F193,G193,L193,0,N193,O193,P193,Q193,$S$136)	2.8865128153931358E-4
S194	ManAcceleration($C$3,$C$4,$C$5,$C$6,$C$7,$C$8,K194,E194,F194,G194,L194,0,N194,O194,P194,Q194,$S$136)	2.6532145059526363E-4
S195	ManAcceleration($C$3,$C$4,$C$5,$C$6,$C$7,$C$8,K195,E195,F195,G195,L195,0,N195,O195,P195,Q195,$S$136)	2.4348995487525715E-4
S196	ManAcceleration($C$3,$C$4,$C$5,$C$6,$C$7,$C$8,K196,E196,F196,G196,L196,0,N196,O196,P196,Q196,$S$136)	2.2310295220560818E-4
S197	ManAcceleration($C$3,$C$4,$C$5,$C$6,$C$7,$C$8,K197,E197,F197,G197,L197,0,N197,O197,P197,Q197,$S$136)	2.0410271024294492E-4
S198	ManAcceleration($C$3,$C$4,$C$5,$C$6,$C$7,$C$8,K198,E198,F198,G198,L198,0,N198,O198,P198,Q198,$S$136)	1.864287576259549E-4
S199	ManAcceleration($C$3,$C$4,$C$5,$C$6,$C$7,$C$8,K199,E199,F199,G199,L199,0,N199,O199,P199,Q199,$S$136)	1.700188685699557E-4
S200	ManAcceleration($C$3,$C$4,$C$5,$C$6,$C$7,$C$8,K200,E200,F200,G200,L200,0,N200,O200,P200,Q200,$S$136)	1.5480990015729132E-4
S201	ManAcceleration($C$3,$C$4,$C$5,$C$6,$C$7,$C$8,K201,E201,F201,G201,L201,0,N201,O201,P201,Q201,$S$136)	1.4073849955055593E-4
S202	ManAcceleration($C$3,$C$4,$C$5,$C$6,$C$7,$C$8,K202,E202,F202,G202,L202,0,N202,O202,P202,Q202,$S$136)	1.2774169655022379E-4
S203	ManAcceleration($C$3,$C$4,$C$5,$C$6,$C$7,$C$8,K203,E203,F203,G203,L203,0,N203,O203,P203,Q203,$S$136)	1.1575739530278837E-4
S204	ManAcceleration($C$3,$C$4,$C$5,$C$6,$C$7,$C$8,K204,E204,F204,G204,L204,0,N204,O204,P204,Q204,$S$136)	1.0472477751846257E-4
S205	ManAcceleration($C$3,$C$4,$C$5,$C$6,$C$7,$C$8,K205,E205,F205,G205,L205,0,N205,O205,P205,Q205,$S$136)	9.4584628256794828E-5
S206	ManAcceleration($C$3,$C$4,$C$5,$C$6,$C$7,$C$8,K206,E206,F206,G206,L206,0,N206,O206,P206,Q206,$S$136)	8.5279594169878508E-5
S207	ManAcceleration($C$3,$C$4,$C$5,$C$6,$C$7,$C$8,K207,E207,F207,G207,L207,0,N207,O207,P207,Q207,$S$136)	7.6754383037628041E-5
S208	ManAcceleration($C$3,$C$4,$C$5,$C$6,$C$7,$C$8,K208,E208,F208,G208,L208,0,N208,O208,P208,Q208,$S$136)	6.8955912480577961E-5
S209	ManAcceleration($C$3,$C$4,$C$5,$C$6,$C$7,$C$8,K209,E209,F209,G209,L209,0,N209,O209,P209,Q209,$S$136)	6.1833414877086084E-5
S210	ManAcceleration($C$3,$C$4,$C$5,$C$6,$C$7,$C$8,K210,E210,F210,G210,L210,0,N210,O210,P210,Q210,$S$136)	5.5338504737840212E-5
S211	ManAcceleration($C$3,$C$4,$C$5,$C$6,$C$7,$C$8,K211,E211,F211,G211,L211,0,N211,O211,P211,Q211,$S$136)	4.9425214091798619E-5
S212	ManAcceleration($C$3,$C$4,$C$5,$C$6,$C$7,$C$8,K212,E212,F212,G212,L212,0,N212,O212,P212,Q212,$S$136)	4.4050000806418097E-5
S213	ManAcceleration($C$3,$C$4,$C$5,$C$6,$C$7,$C$8,K213,E213,F213,G213,L213,0,N213,O213,P213,Q213,$S$136)	3.9171734195940787E-5
S214	ManAcceleration($C$3,$C$4,$C$5,$C$6,$C$7,$C$8,K214,E214,F214,G214,L214,0,N214,O214,P214,Q214,$S$136)	3.4751661757971541E-5
S215	ManAcceleration($C$3,$C$4,$C$5,$C$6,$C$7,$C$8,K215,E215,F215,G215,L215,0,N215,O215,P215,Q215,$S$136)	3.0753360417131966E-5
S216	ManAcceleration($C$3,$C$4,$C$5,$C$6,$C$7,$C$8,K216,E216,F216,G216,L216,0,N216,O216,P216,Q216,$S$136)	2.7142675237370868E-5
S217	ManAcceleration($C$3,$C$4,$C$5,$C$6,$C$7,$C$8,K217,E217,F217,G217,L217,0,N217,O217,P217,Q217,$S$136)	2.3887648192327853E-5
S218	ManAcceleration($C$3,$C$4,$C$5,$C$6,$C$7,$C$8,K218,E218,F218,G218,L218,0,N218,O218,P218,Q218,$S$136)	2.0958439246609769E-5
S219	ManAcceleration($C$3,$C$4,$C$5,$C$6,$C$7,$C$8,K219,E219,F219,G219,L219,0,N219,O219,P219,Q219,$S$136)	1.8327241701222888E-5
S220	ManAcceleration($C$3,$C$4,$C$5,$C$6,$C$7,$C$8,K220,E220,F220,G220,L220,0,N220,O220,P220,Q220,$S$136)	1.5968193488310122E-5
S221	ManAcceleration($C$3,$C$4,$C$5,$C$6,$C$7,$C$8,K221,E221,F221,G221,L221,0,N221,O221,P221,Q221,$S$136)	1.385728585988368E-5
S222	ManAcceleration($C$3,$C$4,$C$5,$C$6,$C$7,$C$8,K222,E222,F222,G222,L222,0,N222,O222,P222,Q222,$S$136)	1.1972270703468151E-5
S223	ManAcceleration($C$3,$C$4,$C$5,$C$6,$C$7,$C$8,K223,E223,F223,G223,L223,0,N223,O223,P223,Q223,$S$136)	1.0292567527205448E-5
S224	ManAcceleration($C$3,$C$4,$C$5,$C$6,$C$7,$C$8,K224,E224,F224,G224,L224,0,N224,O224,P224,Q224,$S$136)	8.7991709902147597E-6
S225	ManAcceleration($C$3,$C$4,$C$5,$C$6,$C$7,$C$8,K225,E225,F225,G225,L225,0,N225,O225,P225,Q225,$S$136)	7.4745597054738228E-6
S226	ManAcceleration($C$3,$C$4,$C$5,$C$6,$C$7,$C$8,K226,E226,F226,G226,L226,0,N226,O226,P226,Q226,$S$136)	6.3026069126885269E-6
S227	ManAcceleration($C$3,$C$4,$C$5,$C$6,$C$7,$C$8,K227,E227,F227,G227,L227,0,N227,O227,P227,Q227,$S$136)	5.2684935040302228E-6
S40		Y
S41	ManAcceleration($B$3,$B$4,$B$5,$B$6,$B$7,$B$8,K41,E41,F41,G41,L41,M41,N41,O41,P41,Q41,$S$40)	-8.5166644826865354E-2
S42	ManAcceleration($B$3,$B$4,$B$5,$B$6,$B$7,$B$8,K42,E42,F42,G42,L42,M42,N42,O42,P42,Q42,$S$40)	-6.1920502412789589E-2
S43	ManAcceleration($B$3,$B$4,$B$5,$B$6,$B$7,$B$8,K43,E43,F43,G43,L43,M43,N43,O43,P43,Q43,$S$40)	-4.6857119460179723E-2
S44	ManAcceleration($B$3,$B$4,$B$5,$B$6,$B$7,$B$8,K44,E44,F44,G44,L44,M44,N44,O44,P44,Q44,$S$40)	-3.6408068681399446E-2
S45	ManAcceleration($B$3,$B$4,$B$5,$B$6,$B$7,$B$8,K45,E45,F45,G45,L45,M45,N45,O45,P45,Q45,$S$40)	-2.8874168399828808E-2
S46	ManAcceleration($B$3,$B$4,$B$5,$B$6,$B$7,$B$8,K46,E46,F46,G46,L46,M46,N46,O46,P46,Q46,$S$40)	-2.3282498043947657E-2
S47	ManAcceleration($B$3,$B$4,$B$5,$B$6,$B$7,$B$8,K47,E47,F47,G47,L47,M47,N47,O47,P47,Q47,$S$40)	-1.9045846774840933E-2
S48	ManAcceleration($B$3,$B$4,$B$5,$B$6,$B$7,$B$8,K48,E48,F48,G48,L48,M48,N48,O48,P48,Q48,$S$40)	-1.5770621927787453E-2
S49	ManAcceleration($B$3,$B$4,$B$5,$B$6,$B$7,$B$8,K49,E49,F49,G49,L49,M49,N49,O49,P49,Q49,$S$40)	-1.3199764087310238E-2
S50	ManAcceleration($B$3,$B$4,$B$5,$B$6,$B$7,$B$8,K50,E50,F50,G50,L50,M50,N50,O50,P50,Q50,$S$40)	-1.1154063411822323E-2
S51	ManAcceleration($B$3,$B$4,$B$5,$B$6,$B$7,$B$8,K51,E51,F51,G51,L51,M51,N51,O51,P51,Q51,$S$40)	-9.5061340001336078E-3
S52	ManAcceleration($B$3,$B$4,$B$5,$B$6,$B$7,$B$8,K52,E52,F52,G52,L52,M52,N52,O52,P52,Q52,$S$40)	-8.1638198445233012E-3
S53	ManAcceleration($B$3,$B$4,$B$5,$B$6,$B$7,$B$8,K53,E53,F53,G53,L53,M53,N53,O53,P53,Q53,$S$40)	-7.0568938273795241E-3
S54	ManAcceleration($B$3,$B$4,$B$5,$B$6,$B$7,$B$8,K54,E54,F54,G54,L54,M54,N54,O54,P54,Q54,$S$40)	-6.1360859800786436E-3
S55	ManAcceleration($B$3,$B$4,$B$5,$B$6,$B$7,$B$8,K55,E55,F55,G55,L55,M55,N55,O55,P55,Q55,$S$40)	-5.3640296446237938E-3
S56	ManAcceleration($B$3,$B$4,$B$5,$B$6,$B$7,$B$8,K56,E56,F56,G56,L56,M56,N56,O56,P56,Q56,$S$40)	-4.7120413855681548E-3
S57	ManAcceleration($B$3,$B$4,$B$5,$B$6,$B$7,$B$8,K57,E57,F57,G57,L57,M57,N57,O57,P57,Q57,$S$40)	-4.1578532757634316E-3
S58	ManAcceleration($B$3,$B$4,$B$5,$B$6,$B$7,$B$8,K58,E58,F58,G58,L58,M58,N58,O58,P58,Q58,$S$40)	-3.6839945528114424E-3
S59	ManAcceleration($B$3,$B$4,$B$5,$B$6,$B$7,$B$8,K59,E59,F59,G59,L59,M59,N59,O59,P59,Q59,$S$40)	-3.2766222744162305E-3
S60	ManAcceleration($B$3,$B$4,$B$5,$B$6,$B$7,$B$8,K60,E60,F60,G60,L60,M60,N60,O60,P60,Q60,$S$40)	-2.9246664766805017E-3
S61	ManAcceleration($B$3,$B$4,$B$5,$B$6,$B$7,$B$8,K61,E61,F61,G61,L61,M61,N61,O61,P61,Q61,$S$40)	-2.6191983107356318E-3
S62	ManAcceleration($B$3,$B$4,$B$5,$B$6,$B$7,$B$8,K62,E62,F62,G62,L62,M62,N62,O62,P62,Q62,$S$40)	-2.352958077193764E-3
S63	ManAcceleration($B$3,$B$4,$B$5,$B$6,$B$7,$B$8,K63,E63,F63,G63,L63,M63,N63,O63,P63,Q63,$S$40)	-2.1199991618331892E-3
S64	ManAcceleration($B$3,$B$4,$B$5,$B$6,$B$7,$B$8,K64,E64,F64,G64,L64,M64,N64,O64,P64,Q64,$S$40)	-1.9154168416651925E-3
S65	ManAcceleration($B$3,$B$4,$B$5,$B$6,$B$7,$B$8,K65,E65,F65,G65,L65,M65,N65,O65,P65,Q65,$S$40)	-1.7351398436654599E-3
S66	ManAcceleration($B$3,$B$4,$B$5,$B$6,$B$7,$B$8,K66,E66,F66,G66,L66,M66,N66,O66,P66,Q66,$S$40)	-1.5757687337036249E-3
S67	ManAcceleration($B$3,$B$4,$B$5,$B$6,$B$7,$B$8,K67,E67,F67,G67,L67,M67,N67,O67,P67,Q67,$S$40)	-1.4344495643666116E-3
S68	ManAcceleration($B$3,$B$4,$B$5,$B$6,$B$7,$B$8,K68,E68,F68,G68,L68,M68,N68,O68,P68,Q68,$S$40)	-1.3087742965356562E-3
S69	ManAcceleration($B$3,$B$4,$B$5,$B$6,$B$7,$B$8,K69,E69,F69,G69,L69,M69,N69,O69,P69,Q69,$S$40)	-1.1967017189706789E-3
S70	ManAcceleration($B$3,$B$4,$B$5,$B$6,$B$7,$B$8,K70,E70,F70,G70,L70,M70,N70,O70,P70,Q70,$S$40)	-1.0964941858927096E-3
S71	ManAcceleration($B$3,$B$4,$B$5,$B$6,$B$7,$B$8,K71,E71,F71,G71,L71,M71,N71,O71,P71,Q71,$S$40)	-1.0066666548008639E-3
S72	ManAcceleration($B$3,$B$4,$B$5,$B$6,$B$7,$B$8,K72,E72,F72,G72,L72,M72,N72,O72,P72,Q72,$S$40)	-9.2594536009005929E-4
S73	ManAcceleration($B$3,$B$4,$B$5,$B$6,$B$7,$B$8,K73,E73,F73,G73,L73,M73,N73,O73,P73,Q73,$S$40)	-8.5323408938054195E-4
S74	ManAcceleration($B$3,$B$4,$B$5,$B$6,$B$7,$B$8,K74,E74,F74,G74,L74,M74,N74,O74,P74,Q74,$S$40)	-7.8758650003739425E-4
S75	ManAcceleration($B$3,$B$4,$B$5,$B$6,$B$7,$B$8,K75,E75,F75,G75,L75,M75,N75,O75,P75,Q75,$S$40)	-7.2818326658928621E-4
S76	ManAcceleration($B$3,$B$4,$B$5,$B$6,$B$7,$B$8,K76,E76,F76,G76,L76,M76,N76,O76,P76,Q76,$S$40)	-6.7431311673994492E-4
S77	ManAcceleration($B$3,$B$4,$B$5,$B$6,$B$7,$B$8,K77,E77,F77,G77,L77,M77,N77,O77,P77,Q77,$S$40)	-6.253570168146689E-4
S78	ManAcceleration($B$3,$B$4,$B$5,$B$6,$B$7,$B$8,K78,E78,F78,G78,L78,M78,N78,O78,P78,Q78,$S$40)	-5.8077492306739091E-4
S79	ManAcceleration($B$3,$B$4,$B$5,$B$6,$B$7,$B$8,K79,E79,F79,G79,L79,M79,N79,O79,P79,Q79,$S$40)	-5.4009463519156815E-4
S80	ManAcceleration($B$3,$B$4,$B$5,$B$6,$B$7,$B$8,K80,E80,F80,G80,L80,M80,N80,O80,P80,Q80,$S$40)	-5.0290238138370137E-4
S81	ManAcceleration($B$3,$B$4,$B$5,$B$6,$B$7,$B$8,K81,E81,F81,G81,L81,M81,N81,O81,P81,Q81,$S$40)	-4.6883483688253571E-4
S82	ManAcceleration($B$3,$B$4,$B$5,$B$6,$B$7,$B$8,K82,E82,F82,G82,L82,M82,N82,O82,P82,Q82,$S$40)	-4.3757233488269677E-4
S83	ManAcceleration($B$3,$B$4,$B$5,$B$6,$B$7,$B$8,K83,E83,F83,G83,L83,M83,N83,O83,P83,Q83,$S$40)	-4.0883307371486602E-4
S84	ManAcceleration($B$3,$B$4,$B$5,$B$6,$B$7,$B$8,K84,E84,F84,G84,L84,M84,N84,O84,P84,Q84,$S$40)	-3.8236815992350972E-4
S85	ManAcceleration($B$3,$B$4,$B$5,$B$6,$B$7,$B$8,K85,E85,F85,G85,L85,M85,N85,O85,P85,Q85,$S$40)	-3.5795735542314524E-4
S86	ManAcceleration($B$3,$B$4,$B$5,$B$6,$B$7,$B$8,K86,E86,F86,G86,L86,M86,N86,O86,P86,Q86,$S$40)	-3.3540541984965552E-4
S87	ManAcceleration($B$3,$B$4,$B$5,$B$6,$B$7,$B$8,K87,E87,F87,G87,L87,M87,N87,O87,P87,Q87,$S$40)	-3.1453895774884394E-4
S88	ManAcceleration($B$3,$B$4,$B$5,$B$6,$B$7,$B$8,K88,E88,F88,G88,L88,M88,N88,O88,P88,Q88,$S$40)	-2.9520369528707332E-4
S89	ManAcceleration($B$3,$B$4,$B$5,$B$6,$B$7,$B$8,K89,E89,F89,G89,L89,M89,N89,O89,P89,Q89,$S$40)	-2.7726212344862048E-4
S90	ManAcceleration($B$3,$B$4,$B$5,$B$6,$B$7,$B$8,K90,E90,F90,G90,L90,M90,N90,O90,P90,Q90,$S$40)	-2.6059145475501437E-4
S91	ManAcceleration($B$3,$B$4,$B$5,$B$6,$B$7,$B$8,K91,E91,F91,G91,L91,M91,N91,O91,P91,Q91,$S$40)	-2.4508184884460861E-4
S92	ManAcceleration($B$3,$B$4,$B$5,$B$6,$B$7,$B$8,K92,E92,F92,G92,L92,M92,N92,O92,P92,Q92,$S$40)	-2.3063486912277954E-4
S93	ManAcceleration($B$3,$B$4,$B$5,$B$6,$B$7,$B$8,K93,E93,F93,G93,L93,M93,N93,O93,P93,Q93,$S$40)	-2.1716213841034581E-4
S94	ManAcceleration($B$3,$B$4,$B$5,$B$6,$B$7,$B$8,K94,E94,F94,G94,L94,M94,N94,O94,P94,Q94,$S$40)	-2.0458416628957817E-4
S95	ManAcceleration($B$3,$B$4,$B$5,$B$6,$B$7,$B$8,K95,E95,F95,G95,L95,M95,N95,O95,P95,Q95,$S$40)	-1.9282932484904485E-4
S96	ManAcceleration($B$3,$B$4,$B$5,$B$6,$B$7,$B$8,K96,E96,F96,G96,L96,M96,N96,O96,P96,Q96,$S$40)	-1.8183295289381194E-4
S97	ManAcceleration($B$3,$B$4,$B$5,$B$6,$B$7,$B$8,K97,E97,F97,G97,L97,M97,N97,O97,P97,Q97,$S$40)	-1.7153657152970647E-4
S98	ManAcceleration($B$3,$B$4,$B$5,$B$6,$B$7,$B$8,K98,E98,F98,G98,L98,M98,N98,O98,P98,Q98,$S$40)	-1.618871964360171E-4
S99	ManAcceleration($B$3,$B$4,$B$5,$B$6,$B$7,$B$8,K99,E99,F99,G99,L99,M99,N99,O99,P99,Q99,$S$40)	-1.5283673418559272E-4
T100	ManAcceleration($B$3,$B$4,$B$5,$B$6,$B$7,$B$8,K100,E100,F100,G100,L100,M100,N100,O100,P100,Q100,$T$40)	3.6151402982459739E-6
T101	ManAcceleration($B$3,$B$4,$B$5,$B$6,$B$7,$B$8,K101,E101,F101,G101,L101,M101,N101,O101,P101,Q101,$T$40)	3.4394818070294768E-6
T102	ManAcceleration($B$3,$B$4,$B$5,$B$6,$B$7,$B$8,K102,E102,F102,G102,L102,M102,N102,O102,P102,Q102,$T$40)	3.2715273447436306E-6
T103	ManAcceleration($B$3,$B$4,$B$5,$B$6,$B$7,$B$8,K103,E103,F103,G103,L103,M103,N103,O103,P103,Q103,$T$40)	3.1110476151471042E-6
T104	ManAcceleration($B$3,$B$4,$B$5,$B$6,$B$7,$B$8,K104,E104,F104,G104,L104,M104,N104,O104,P104,Q104,$T$40)	2.9578045710767391E-6
T105	ManAcceleration($B$3,$B$4,$B$5,$B$6,$B$7,$B$8,K105,E105,F105,G105,L105,M105,N105,O105,P105,Q105,$T$40)	2.8115543481271374E-6
T106	ManAcceleration($B$3,$B$4,$B$5,$B$6,$B$7,$B$8,K106,E106,F106,G106,L106,M106,N106,O106,P106,Q106,$T$40)	2.6720497541346899E-6
T107	ManAcceleration($B$3,$B$4,$B$5,$B$6,$B$7,$B$8,K107,E107,F107,G107,L107,M107,N107,O107,P107,Q107,$T$40)	2.539042370653211E-6
T108	ManAcceleration($B$3,$B$4,$B$5,$B$6,$B$7,$B$8,K108,E108,F108,G108,L108,M108,N108,O108,P108,Q108,$T$40)	2.4122843160807422E-6
T109	ManAcceleration($B$3,$B$4,$B$5,$B$6,$B$7,$B$8,K109,E109,F109,G109,L109,M109,N109,O109,P109,Q109,$T$40)	2.2915297145421477E-6
T110	ManAcceleration($B$3,$B$4,$B$5,$B$6,$B$7,$B$8,K110,E110,F110,G110,L110,M110,N110,O110,P110,Q110,$T$40)	2.1765359093710991E-6
T111	ManAcceleration($B$3,$B$4,$B$5,$B$6,$B$7,$B$8,K111,E111,F111,G111,L111,M111,N111,O111,P111,Q111,$T$40)	2.0670644553852458E-6
T112	ManAcceleration($B$3,$B$4,$B$5,$B$6,$B$7,$B$8,K112,E112,F112,G112,L112,M112,N112,O112,P112,Q112,$T$40)	1.962881920112045E-6
T113	ManAcceleration($B$3,$B$4,$B$5,$B$6,$B$7,$B$8,K113,E113,F113,G113,L113,M113,N113,O113,P113,Q113,$T$40)	1.8637605203838419E-6
T114	ManAcceleration($B$3,$B$4,$B$5,$B$6,$B$7,$B$8,K114,E114,F114,G114,L114,M114,N114,O114,P114,Q114,$T$40)	1.76947861743271E-6
T115	ManAcceleration($B$3,$B$4,$B$5,$B$6,$B$7,$B$8,K115,E115,F115,G115,L115,M115,N115,O115,P115,Q115,$T$40)	1.6798210907719298E-6
T116	ManAcceleration($B$3,$B$4,$B$5,$B$6,$B$7,$B$8,K116,E116,F116,G116,L116,M116,N116,O116,P116,Q116,$T$40)	1.5945796086117277E-6
T117	ManAcceleration($B$3,$B$4,$B$5,$B$6,$B$7,$B$8,K117,E117,F117,G117,L117,M117,N117,O117,P117,Q117,$T$40)	1.5135528102087317E-6
T118	ManAcceleration($B$3,$B$4,$B$5,$B$6,$B$7,$B$8,K118,E118,F118,G118,L118,M118,N118,O118,P118,Q118,$T$40)	1.4365464136722907E-6
T119	ManAcceleration($B$3,$B$4,$B$5,$B$6,$B$7,$B$8,K119,E119,F119,G119,L119,M119,N119,O119,P119,Q119,$T$40)	1.363373260893269E-6
T120	ManAcceleration($B$3,$B$4,$B$5,$B$6,$B$7,$B$8,K120,E120,F120,G120,L120,M120,N120,O120,P120,Q120,$T$40)	1.2938533098408468E-6
T121	ManAcceleration($B$3,$B$4,$B$5,$B$6,$B$7,$B$8,K121,E121,F121,G121,L121,M121,N121,O121,P121,Q121,$T$40)	1.2278135829971791E-6
T122	ManAcceleration($B$3,$B$4,$B$5,$B$6,$B$7,$B$8,K122,E122,F122,G122,L122,M122,N122,O122,P122,Q122,$T$40)	1.1650880795824196E-6
T123	ManAcceleration($B$3,$B$4,$B$5,$B$6,$B$7,$B$8,K123,E123,F123,G123,L123,M123,N123,O123,P123,Q123,$T$40)	1.105517658208315E-6
T124	ManAcceleration($B$3,$B$4,$B$5,$B$6,$B$7,$B$8,K124,E124,F124,G124,L124,M124,N124,O124,P124,Q124,$T$40)	1.0489498956165344E-6
T125	ManAcceleration($B$3,$B$4,$B$5,$B$6,$B$7,$B$8,K125,E125,F125,G125,L125,M125,N125,O125,P125,Q125,$T$40)	9.9523892640889285E-7
T126	ManAcceleration($B$3,$B$4,$B$5,$B$6,$B$7,$B$8,K126,E126,F126,G126,L126,M126,N126,O126,P126,Q126,$T$40)	9.44245267957246E-7
T127	ManAcceleration($B$3,$B$4,$B$5,$B$6,$B$7,$B$8,K127,E127,F127,G127,L127,M127,N127,O127,P127,Q127,$T$40)	8.9583563415192589E-7
T128	ManAcceleration($B$3,$B$4,$B$5,$B$6,$B$7,$B$8,K128,E128,F128,G128,L128,M128,N128,O128,P128,Q128,$T$40)	8.4988274094168112E-7
T129	ManAcceleration($B$3,$B$4,$B$5,$B$6,$B$7,$B$8,K129,E129,F129,G129,L129,M129,N129,O129,P129,Q129,$T$40)	8.0626510637849632E-7
T130	ManAcceleration($B$3,$B$4,$B$5,$B$6,$B$7,$B$8,K130,E130,F130,G130,L130,M130,N130,O130,P130,Q130,$T$40)	7.648668473212258E-7
T131	ManAcceleration($B$3,$B$4,$B$5,$B$6,$B$7,$B$8,K131,E131,F131,G131,L131,M131,N131,O131,P131,Q131,$T$40)	7.2557747464604898E-7
T136		Z
T137	ManAcceleration($C$3,$C$4,$C$5,$C$6,$C$7,$C$8,K137,E137,F137,G137,L137,0,N137,O137,P137,Q137,$T$136)	4.1006334338756022E-2
T138	ManAcceleration($C$3,$C$4,$C$5,$C$6,$C$7,$C$8,K138,E138,F138,G138,L138,0,N138,O138,P138,Q138,$T$136)	2.0172552055517188E-2
T139	ManAcceleration($C$3,$C$4,$C$5,$C$6,$C$7,$C$8,K139,E139,F139,G139,L139,0,N139,O139,P139,Q139,$T$136)	1.0844175121296012E-2
T140	ManAcceleration($C$3,$C$4,$C$5,$C$6,$C$7,$C$8,K140,E140,F140,G140,L140,0,N140,O140,P140,Q140,$T$136)	6.393563993638338E-3
T141	ManAcceleration($C$3,$C$4,$C$5,$C$6,$C$7,$C$8,K141,E141,F141,G141,L141,0,N141,O141,P141,Q141,$T$136)	4.0569967298062781E-3
T142	ManAcceleration($C$3,$C$4,$C$5,$C$6,$C$7,$C$8,K142,E142,F142,G142,L142,0,N142,O142,P142,Q142,$T$136)	2.7274365815119547E-3
T143	ManAcceleration($C$3,$C$4,$C$5,$C$6,$C$7,$C$8,K143,E143,F143,G143,L143,0,N143,O143,P143,Q143,$T$136)	1.9076621577470015E-3
T144	ManAcceleration($C$3,$C$4,$C$5,$C$6,$C$7,$C$8,K144,E144,F144,G144,L144,0,N144,O144,P144,Q144,$T$136)	1.3726229780652761E-3
T145	ManAcceleration($C$3,$C$4,$C$5,$C$6,$C$7,$C$8,K145,E145,F145,G145,L145,0,N145,O145,P145,Q145,$T$136)	1.007143205825385E-3
T146	ManAcceleration($C$3,$C$4,$C$5,$C$6,$C$7,$C$8,K146,E146,F146,G146,L146,0,N146,O146,P146,Q146,$T$136)	7.4653822823630316E-4
T147	ManAcceleration($C$3,$C$4,$C$5,$C$6,$C$7,$C$8,K147,E147,F147,G147,L147,0,N147,O147,P147,Q147,$T$136)	5.5546503113380039E-4
T148	ManAcceleration($C$3,$C$4,$C$5,$C$6,$C$7,$C$8,K148,E148,F148,G148,L148,0,N148,O148,P148,Q148,$T$136)	4.1254387473881266E-4
T149	ManAcceleration($C$3,$C$4,$C$5,$C$6,$C$7,$C$8,K149,E149,F149,G149,L149,0,N149,O149,P149,Q149,$T$136)	3.0397232416517068E-4
T150	ManAcceleration($C$3,$C$4,$C$5,$C$6,$C$7,$C$8,K150,E150,F150,G150,L150,0,N150,O150,P150,Q150,$T$136)	2.205068507036043E-4
T151	ManAcceleration($C$3,$C$4,$C$5,$C$6,$C$7,$C$8,K151,E151,F151,G151,L151,0,N151,O151,P151,Q151,$T$136)	1.5576286860570816E-4
T152	ManAcceleration($C$3,$C$4,$C$5,$C$6,$C$7,$C$8,K152,E152,F152,G152,L152,0,N152,O152,P152,Q152,$T$136)	1.0516122683912908E-4
T153	ManAcceleration($C$3,$C$4,$C$5,$C$6,$C$7,$C$8,K153,E153,F153,G153,L153,0,N153,O153,P153,Q153,$T$136)	6.5133636745280175E-5
T154	ManAcceleration($C$3,$C$4,$C$5,$C$6,$C$7,$C$8,K154,E154,F154,G154,L154,0,N154,O154,P154,Q154,$T$136)	3.3465177243450655E-5
T155	ManAcceleration($C$3,$C$4,$C$5,$C$6,$C$7,$C$8,K155,E155,F155,G155,L155,0,N155,O155,P155,Q155,$T$136)	8.4471385793591397E-6
T156	ManAcceleration($C$3,$C$4,$C$5,$C$6,$C$7,$C$8,K156,E156,F156,G156,L156,0,N156,O156,P156,Q156,$T$136)	-1.1249500779586234E-5
T157	ManAcceleration($C$3,$C$4,$C$5,$C$6,$C$7,$C$8,K157,E157,F157,G157,L157,0,N157,O157,P157,Q157,$T$136)	-2.6666489011506329E-5
T158	ManAcceleration($C$3,$C$4,$C$5,$C$6,$C$7,$C$8,K158,E158,F158,G158,L158,0,N158,O158,P158,Q158,$T$136)	-3.8626390171984151E-5
T159	ManAcceleration($C$3,$C$4,$C$5,$C$6,$C$7,$C$8,K159,E159,F159,G159,L159,0,N159,O159,P159,Q159,$T$136)	-4.778318642901378E-5
T160	ManAcceleration($C$3,$C$4,$C$5,$C$6,$C$7,$C$8,K160,E160,F160,G160,L160,0,N160,O160,P160,Q160,$T$136)	-5.4660204533840136E-5
T161	ManAcceleration($C$3,$C$4,$C$5,$C$6,$C$7,$C$8,K161,E161,F161,G161,L161,0,N161,O161,P161,Q161,$T$136)	-5.96787760183857E-5
T162	ManAcceleration($C$3,$C$4,$C$5,$C$6,$C$7,$C$8,K162,E162,F162,G162,L162,0,N162,O162,P162,Q162,$T$136)	-6.3180065954945405E-5
T163	ManAcceleration($C$3,$C$4,$C$5,$C$6,$C$7,$C$8,K163,E163,F163,G163,L163,0,N163,O163,P163,Q163,$T$136)	-6.5441822969360762E-5
T164	ManAcceleration($C$3,$C$4,$C$5,$C$6,$C$7,$C$8,K164,E164,F164,G164,L164,0,N164,O164,P164,Q164,$T$136)	-6.669132242660381E-5
T165	ManAcceleration($C$3,$C$4,$C$5,$C$6,$C$7,$C$8,K165,E165,F165,G165,L165,0,N165,O165,P165,Q165,$T$136)	-6.7115433404539197E-5
T166	ManAcceleration($C$3,$C$4,$C$5,$C$6,$C$7,$C$8,K166,E166,F166,G166,L166,0,N166,O166,P166,Q166,$T$136)	-6.6868495990639047E-5
T167	ManAcceleration($C$3,$C$4,$C$5,$C$6,$C$7,$C$8,K167,E167,F167,G167,L167,0,N167,O167,P167,Q167,$T$136)	-6.6078519569600763E-5
T168	ManAcceleration($C$3,$C$4,$C$5,$C$6,$C$7,$C$8,K168,E168,F168,G168,L168,0,N168,O168,P168,Q168,$T$136)	-6.485208508196763E-5
T169	ManAcceleration($C$3,$C$4,$C$5,$C$6,$C$7,$C$8,K169,E169,F169,G169,L169,0,N169,O169,P169,Q169,$T$136)	-6.3278240793197881E-5
T170	ManAcceleration($C$3,$C$4,$C$5,$C$6,$C$7,$C$8,K170,E170,F170,G170,L170,0,N170,O170,P170,Q170,$T$136)	-6.143161217864415E-5
T171	ManAcceleration($C$3,$C$4,$C$5,$C$6,$C$7,$C$8,K171,E171,F171,G171,L171,0,N171,O171,P171,Q171,$T$136)	-5.9374895249723622E-5
T172	ManAcceleration($C$3,$C$4,$C$5,$C$6,$C$7,$C$8,K172,E172,F172,G172,L172,0,N172,O172,P172,Q172,$T$136)	-5.7160864173341354E-5
T173	ManAcceleration($C$3,$C$4,$C$5,$C$6,$C$7,$C$8,K173,E173,F173,G173,L173,0,N173,O173,P173,Q173,$T$136)	-5.483399492388628E-5
T174	ManAcceleration($C$3,$C$4,$C$5,$C$6,$C$7,$C$8,K174,E174,F174,G174,L174,0,N174,O174,P174,Q174,$T$136)	-5.2431784491626865E-5
T175	ManAcceleration($C$3,$C$4,$C$5,$C$6,$C$7,$C$8,K175,E175,F175,G175,L175,0,N175,O175,P175,Q175,$T$136)	-4.9985828080287178E-5
T176	ManAcceleration($C$3,$C$4,$C$5,$C$6,$C$7,$C$8,K176,E176,F176,G176,L176,0,N176,O176,P176,Q176,$T$136)	-4.7522703479300173E-5
T177	ManAcceleration($C$3,$C$4,$C$5,$C$6,$C$7,$C$8,K177,E177,F177,G177,L177,0,N177,O177,P177,Q177,$T$136)	-4.506470145841923E-5
T178	ManAcceleration($C$3,$C$4,$C$5,$C$6,$C$7,$C$8,K178,E178,F178,G178,L178,0,N178,O178,P178,Q178,$T$136)	-4.2630432918495733E-5
T179	ManAcceleration($C$3,$C$4,$C$5,$C$6,$C$7,$C$8,K179,E179,F179,G179,L179,0,N179,O179,P179,Q179,$T$136)	-4.0235337134269242E-5
T180	ManAcceleration($C$3,$C$4,$C$5,$C$6,$C$7,$C$8,K180,E180,F180,G180,L180,0,N180,O180,P180,Q180,$T$136)	-3.7892110362810906E-5
T181	ManAcceleration($C$3,$C$4,$C$5,$C$6,$C$7,$C$8,K181,E181,F181,G181,L181,0,N181,O181,P181,Q181,$T$136)	-3.5611070077327386E-5
T182	ManAcceleration($C$3,$C$4,$C$5,$C$6,$C$7,$C$8,K182,E182,F182,G182,L182,0,N182,O182,P182,Q182,$T$136)	-3.3400466900239207E-5
T183	ManAcceleration($C$3,$C$4,$C$5,$C$6,$C$7,$C$8,K183,E183,F183,G183,L183,0,N183,O183,P183,Q183,$T$136)	-3.1266753781268355E-5
T184	ManAcceleration($C$3,$C$4,$C$5,$C$6,$C$7,$C$8,K184,E184,F184,G184,L184,0,N184,O184,P184,Q184,$T$136)	-2.9214819963313785E-5
T185	ManAcceleration($C$3,$C$4,$C$5,$C$6,$C$7,$C$8,K185,E185,F185,G185,L185,0,N185,O185,P185,Q185,$T$136)	-2.7248195694911557E-5
T186	ManAcceleration($C$3,$C$4,$C$5,$C$6,$C$7,$C$8,K186,E186,F186,G186,L186,0,N186,O186,P186,Q186,$T$136)	-2.5369232399870578E-5
T187	ManAcceleration($C$3,$C$4,$C$5,$C$6,$C$7,$C$8,K187,E187,F187,G187,L187,0,N187,O187,P187,Q187,$T$136)	-2.3579262034607919E-5
T188	ManAcceleration($C$3,$C$4,$C$5,$C$6,$C$7,$C$8,K188,E188,F188,G188,L188,0,N188,O188,P188,Q188,$T$136)	-2.1878738598046665E-5
T189	ManAcceleration($C$3,$C$4,$C$5,$C$6,$C$7,$C$8,K189,E189,F189,G189,L189,0,N189,O189,P189,Q189,$T$136)	-2.026736416295829E-5
T190	ManAcceleration($C$3,$C$4,$C$5,$C$6,$C$7,$C$8,K190,E190,F190,G190,L190,0,N190,O190,P190,Q190,$T$136)	-1.8744201336498941E-5
T191	ManAcceleration($C$3,$C$4,$C$5,$C$6,$C$7,$C$8,K191,E191,F191,G191,L191,0,N191,O191,P191,Q191,$T$136)	-1.7307773702941997E-5
T192	ManAcceleration($C$3,$C$4,$C$5,$C$6,$C$7,$C$8,K192,E192,F192,G192,L192,0,N192,O192,P192,Q192,$T$136)	-1.5956155528881075E-5
T193	ManAcceleration($C$3,$C$4,$C$5,$C$6,$C$7,$C$8,K193,E193,F193,G193,L193,0,N193,O193,P193,Q193,$T$136)	-1.4687051803264884E-5
T194	ManAcceleration($C$3,$C$4,$C$5,$C$6,$C$7,$C$8,K194,E194,F194,G194,L194,0,N194,O194,P194,Q194,$T$136)	-1.3497869525769061E-5
T195	ManAcceleration($C$3,$C$4,$C$5,$C$6,$C$7,$C$8,K195,E195,F195,G195,L195,0,N195,O195,P195,Q195,$T$136)	-1.238578103570205E-5
T196	ManAcceleration($C$3,$C$4,$C$5,$C$6,$C$7,$C$8,K196,E196,F196,G196,L196,0,N196,O196,P196,Q196,$T$136)	-1.1347780080256397E-5
T197	ManAcceleration($C$3,$C$4,$C$5,$C$6,$C$7,$C$8,K197,E197,F197,G197,L197,0,N197,O197,P197,Q197,$T$136)	-1.0380731248940329E-5
T198	ManAcceleration($C$3,$C$4,$C$5,$C$6,$C$7,$C$8,K198,E198,F198,G198,L198,0,N198,O198,P198,Q198,$T$136)	-9.4814133437586851E-6
T199	ManAcceleration($C$3,$C$4,$C$5,$C$6,$C$7,$C$8,K199,E199,F199,G199,L199,0,N199,O199,P199,Q199,$T$136)	-8.6465572089129568E-6
T200	ManAcceleration($C$3,$C$4,$C$5,$C$6,$C$7,$C$8,K200,E200,F200,G200,L200,0,N200,O200,P200,Q200,$T$136)	-7.8728785054904642E-6
T201	ManAcceleration($C$3,$C$4,$C$5,$C$6,$C$7,$C$8,K201,E201,F201,G201,L201,0,N201,O201,P201,Q201,$T$136)	-7.157105883816975E-6
T202	ManAcceleration($C$3,$C$4,$C$5,$C$6,$C$7,$C$8,K202,E202,F202,G202,L202,0,N202,O202,P202,Q202,$T$136)	-6.4960049772174121E-6
T203	ManAcceleration($C$3,$C$4,$C$5,$C$6,$C$7,$C$8,K203,E203,F203,G203,L203,0,N203,O203,P203,Q203,$T$136)	-5.8863986140846198E-6
T204	ManAcceleration($C$3,$C$4,$C$5,$C$6,$C$7,$C$8,K204,E204,F204,G204,L204,0,N204,O204,P204,Q204,$T$136)	-5.3251836204936056E-6
T205	ManAcceleration($C$3,$C$4,$C$5,$C$6,$C$7,$C$8,K205,E205,F205,G205,L205,0,N205,O205,P205,Q205,$T$136)	-4.8093445615946536E-6
T206	ManAcceleration($C$3,$C$4,$C$5,$C$6,$C$7,$C$8,K206,E206,F206,G206,L206,0,N206,O206,P206,Q206,$T$136)	-4.3359647470941085E-6
T207	ManAcceleration($C$3,$C$4,$C$5,$C$6,$C$7,$C$8,K207,E207,F207,G207,L207,0,N207,O207,P207,Q207,$T$136)	-3.902234803914803E-6
T208	ManAcceleration($C$3,$C$4,$C$5,$C$6,$C$7,$C$8,K208,E208,F208,G208,L208,0,N208,O208,P208,Q208,$T$136)	-3.5054590970306625E-6
T209	ManAcceleration($C$3,$C$4,$C$5,$C$6,$C$7,$C$8,K209,E209,F209,G209,L209,0,N209,O209,P209,Q209,$T$136)	-3.1430602587657987E-6
T210	ManAcceleration($C$3,$C$4,$C$5,$C$6,$C$7,$C$8,K210,E210,F210,G210,L210,0,N210,O210,P210,Q210,$T$136)	-2.8125820657087205E-6
T211	ManAcceleration($C$3,$C$4,$C$5,$C$6,$C$7,$C$8,K211,E211,F211,G211,L211,0,N211,O211,P211,Q211,$T$136)	-2.5116908830226675E-6
T212	ManAcceleration($C$3,$C$4,$C$5,$C$6,$C$7,$C$8,K212,E212,F212,G212,L212,0,N212,O212,P212,Q212,$T$136)	-2.238175876390468E-6
T213	ManAcceleration($C$3,$C$4,$C$5,$C$6,$C$7,$C$8,K213,E213,F213,G213,L213,0,N213,O213,P213,Q213,$T$136)	-1.9899481739312729E-6
T214	ManAcceleration($C$3,$C$4,$C$5,$C$6,$C$7,$C$8,K214,E214,F214,G214,L214,0,N214,O214,P214,Q214,$T$136)	-1.7650391425074095E-6
T215	ManAcceleration($C$3,$C$4,$C$5,$C$6,$C$7,$C$8,K215,E215,F215,G215,L215,0,N215,O215,P215,Q215,$T$136)	-1.5615979270436677E-6
T216	ManAcceleration($C$3,$C$4,$C$5,$C$6,$C$7,$C$8,K216,E216,F216,G216,L216,0,N216,O216,P216,Q216,$T$136)	-1.3778883852794953E-6
T217	ManAcceleration($C$3,$C$4,$C$5,$C$6,$C$7,$C$8,K217,E217,F217,G217,L217,0,N217,O217,P217,Q217,$T$136)	-1.2122855364380929E-6
T218	ManAcceleration($C$3,$C$4,$C$5,$C$6,$C$7,$C$8,K218,E218,F218,G218,L218,0,N218,O218,P218,Q218,$T$136)	-1.0632716286421237E-6
T219	ManAcceleration($C$3,$C$4,$C$5,$C$6,$C$7,$C$8,K219,E219,F219,G219,L219,0,N219,O219,P219,Q219,$T$136)	-9.2943191720965558E-7
T220	ManAcceleration($C$3,$C$4,$C$5,$C$6,$C$7,$C$8,K220,E220,F220,G220,L220,0,N220,O220,P220,Q220,$T$136)	-8.0945023493344189E-7
T221	ManAcceleration($C$3,$C$4,$C$5,$C$6,$C$7,$C$8,K221,E221,F221,G221,L221,0,N221,O221,P221,Q221,$T$136)	-7.0210442448674439E-7
T222	ManAcceleration($C$3,$C$4,$C$5,$C$6,$C$7,$C$8,K222,E222,F222,G222,L222,0,N222,O222,P222,Q222,$T$136)	-6.0626169376381162E-7
T223	ManAcceleration($C$3,$C$4,$C$5,$C$6,$C$7,$C$8,K223,E223,F223,G223,L223,0,N223,O223,P223,Q223,$T$136)	-5.208739462635994E-7
T224	ManAcceleration($C$3,$C$4,$C$5,$C$6,$C$7,$C$8,K224,E224,F224,G224,L224,0,N224,O224,P224,Q224,$T$136)	-4.4497313059468607E-7
T225	ManAcceleration($C$3,$C$4,$C$5,$C$6,$C$7,$C$8,K225,E225,F225,G225,L225,0,N225,O225,P225,Q225,$T$136)	-3.7766664625465186E-7
T226	ManAcceleration($C$3,$C$4,$C$5,$C$6,$C$7,$C$8,K226,E226,F226,G226,L226,0,N226,O226,P226,Q226,$T$136)	-3.1813283659219956E-7
T227	ManAcceleration($C$3,$C$4,$C$5,$C$6,$C$7,$C$8,K227,E227,F227,G227,L227,0,N227,O227,P227,Q227,$T$136)	-2.6561659405966203E-7
T40		Z
T41	ManAcceleration($B$3,$B$4,$B$5,$B$6,$B$7,$B$8,K41,E41,F41,G41,L41,M41,N41,O41,P41,Q41,$T$40)	1.5445515455679461E-2
T42	ManAcceleration($B$3,$B$4,$B$5,$B$6,$B$7,$B$8,K42,E42,F42,G42,L42,M42,N42,O42,P42,Q42,$T$40)	9.6581329171809283E-3
T43	ManAcceleration($B$3,$B$4,$B$5,$B$6,$B$7,$B$8,K43,E43,F43,G43,L43,M43,N43,O43,P43,Q43,$T$40)	6.1243244984198414E-3
T44	ManAcceleration($B$3,$B$4,$B$5,$B$6,$B$7,$B$8,K44,E44,F44,G44,L44,M44,N44,O44,P44,Q44,$T$40)	3.926454521375437E-3
T45	ManAcceleration($B$3,$B$4,$B$5,$B$6,$B$7,$B$8,K45,E45,F45,G45,L45,M45,N45,O45,P45,Q45,$T$40)	2.5449682000960412E-3
T46	ManAcceleration($B$3,$B$4,$B$5,$B$6,$B$7,$B$8,K46,E46,F46,G46,L46,M46,N46,O46,P46,Q46,$T$40)	1.6662813755359326E-3
T47	ManAcceleration($B$3,$B$4,$B$5,$B$6,$B$7,$B$8,K47,E47,F47,G47,L47,M47,N47,O47,P47,Q47,$T$40)	1.101559769173662E-3
T48	ManAcceleration($B$3,$B$4,$B$5,$B$6,$B$7,$B$8,K48,E48,F48,G48,L48,M48,N48,O48,P48,Q48,$T$40)	7.3408528961683083E-4
T49	ManAcceleration($B$3,$B$4,$B$5,$B$6,$B$7,$B$8,K49,E49,F49,G49,L49,M49,N49,O49,P49,Q49,$T$40)	4.9274373473197765E-4
T50	ManAcceleration($B$3,$B$4,$B$5,$B$6,$B$7,$B$8,K50,E50,F50,G50,L50,M50,N50,O50,P50,Q50,$T$40)	3.3298265674873445E-4
T51	ManAcceleration($B$3,$B$4,$B$5,$B$6,$B$7,$B$8,K51,E51,F51,G51,L51,M51,N51,O51,P51,Q51,$T$40)	2.2656364388820861E-4
T52	ManAcceleration($B$3,$B$4,$B$5,$B$6,$B$7,$B$8,K52,E52,F52,G52,L52,M52,N52,O52,P52,Q52,$T$40)	1.5536313279612899E-4
T53	ManAcceleration($B$3,$B$4,$B$5,$B$6,$B$7,$B$8,K53,E53,F53,G53,L53,M53,N53,O53,P53,Q53,$T$40)	1.0736614684418894E-4
T54	ManAcceleration($B$3,$B$4,$B$5,$B$6,$B$7,$B$8,K54,E54,F54,G54,L54,M54,N54,O54,P54,Q54,$T$40)	7.4987142588530818E-5
T55	ManAcceleration($B$3,$B$4,$B$5,$B$6,$B$7,$B$8,K55,E55,F55,G55,L55,M55,N55,O55,P55,Q55,$T$40)	5.3174519768718974E-5
T56	ManAcceleration($B$3,$B$4,$B$5,$B$6,$B$7,$B$8,K56,E56,F56,G56,L56,M56,N56,O56,P56,Q56,$T$40)	3.8534684767744516E-5
T57	ManAcceleration($B$3,$B$4,$B$5,$B$6,$B$7,$B$8,K57,E57,F57,G57,L57,M57,N57,O57,P57,Q57,$T$40)	2.8770977833190447E-5
T58	ManAcceleration($B$3,$B$4,$B$5,$B$6,$B$7,$B$8,K58,E58,F58,G58,L58,M58,N58,O58,P58,Q58,$T$40)	2.2319805401843353E-5
T59	ManAcceleration($B$3,$B$4,$B$5,$B$6,$B$7,$B$8,K59,E59,F59,G59,L59,M59,N59,O59,P59,Q59,$T$40)	1.8111873237925637E-5
T60	ManAcceleration($B$3,$B$4,$B$5,$B$6,$B$7,$B$8,K60,E60,F60,G60,L60,M60,N60,O60,P60,Q60,$T$40)	1.5413787275425115E-5
T61	ManAcceleration($B$3,$B$4,$B$5,$B$6,$B$7,$B$8,K61,E61,F61,G61,L61,M61,N61,O61,P61,Q61,$T$40)	1.3721915497281916E-5
T62	ManAcceleration($B$3,$B$4,$B$5,$B$6,$B$7,$B$8,K62,E62,F62,G62,L62,M62,N62,O62,P62,Q62,$T$40)	1.2690626107716122E-5
T63	ManAcceleration($B$3,$B$4,$B$5,$B$6,$B$7,$B$8,K63,E63,F63,G63,L63,M63,N63,O63,P63,Q63,$T$40)	1.2083380700371302E-5
T64	ManAcceleration($B$3,$B$4,$B$5,$B$6,$B$7,$B$8,K64,E64,F64,G64,L64,M64,N64,O64,P64,Q64,$T$40)	1.1739172519438909E-5
T65	ManAcceleration($B$3,$B$4,$B$5,$B$6,$B$7,$B$8,K65,E65,F65,G65,L65,M65,N65,O65,P65,Q65,$T$40)	1.1549359910150195E-5
T66	ManAcceleration($B$3,$B$4,$B$5,$B$6,$B$7,$B$8,K66,E66,F66,G66,L66,M66,N66,O66,P66,Q66,$T$40)	1.1441598334397684E-5
T67	ManAcceleration($B$3,$B$4,$B$5,$B$6,$B$7,$B$8,K67,E67,F67,G67,L67,M67,N67,O67,P67,Q67,$T$40)	1.1368654224484798E-5
T68	ManAcceleration($B$3,$B$4,$B$5,$B$6,$B$7,$B$8,K68,E68,F68,G68,L68,M68,N68,O68,P68,Q68,$T$40)	1.1300596934521048E-5
T69	ManAcceleration($B$3,$B$4,$B$5,$B$6,$B$7,$B$8,K69,E69,F69,G69,L69,M69,N69,O69,P69,Q69,$T$40)	1.1219340549903178E-5
T70	ManAcceleration($B$3,$B$4,$B$5,$B$6,$B$7,$B$8,K70,E70,F70,G70,L70,M70,N70,O70,P70,Q70,$T$40)	1.1114827415445684E-5
T71	ManAcceleration($B$3,$B$4,$B$5,$B$6,$B$7,$B$8,K71,E71,F71,G71,L71,M71,N71,O71,P71,Q71,$T$40)	1.0982362596940641E-5
T72	ManAcceleration($B$3,$B$4,$B$5,$B$6,$B$7,$B$8,K72,E72,F72,G72,L72,M72,N72,O72,P72,Q72,$T$40)	1.0820757247538083E-5
T73	ManAcceleration($B$3,$B$4,$B$5,$B$6,$B$7,$B$8,K73,E73,F73,G73,L73,M73,N73,O73,P73,Q73,$T$40)	1.0631041388960859E-5
T74	ManAcceleration($B$3,$B$4,$B$5,$B$6,$B$7,$B$8,K74,E74,F74,G74,L74,M74,N74,O74,P74,Q74,$T$40)	1.0415577752795967E-5
T75	ManAcceleration($B$3,$B$4,$B$5,$B$6,$B$7,$B$8,K75,E75,F75,G75,L75,M75,N75,O75,P75,Q75,$T$40)	1.017745795686202E-5
T76	ManAcceleration($B$3,$B$4,$B$5,$B$6,$B$7,$B$8,K76,E76,F76,G76,L76,M76,N76,O76,P76,Q76,$T$40)	9.9200970905689642E-6
T77	ManAcceleration($B$3,$B$4,$B$5,$B$6,$B$7,$B$8,K77,E77,F77,G77,L77,M77,N77,O77,P77,Q77,$T$40)	9.6469672870684112E-6
T78	ManAcceleration($B$3,$B$4,$B$5,$B$6,$B$7,$B$8,K78,E78,F78,G78,L78,M78,N78,O78,P78,Q78,$T$40)	9.3614281764410725E-6
T79	ManAcceleration($B$3,$B$4,$B$5,$B$6,$B$7,$B$8,K79,E79,F79,G79,L79,M79,N79,O79,P79,Q79,$T$40)	9.0666243873756136E-6
T80	ManAcceleration($B$3,$B$4,$B$5,$B$6,$B$7,$B$8,K80,E80,F80,G80,L80,M80,N80,O80,P80,Q80,$T$40)	8.7654289828019279E-6
T81	ManAcceleration($B$3,$B$4,$B$5,$B$6,$B$7,$B$8,K81,E81,F81,G81,L81,M81,N81,O81,P81,Q81,$T$40)	8.4604179174147167E-6
T82	ManAcceleration($B$3,$B$4,$B$5,$B$6,$B$7,$B$8,K82,E82,F82,G82,L82,M82,N82,O82,P82,Q82,$T$40)	8.1538650217682903E-6
T83	ManAcceleration($B$3,$B$4,$B$5,$B$6,$B$7,$B$8,K83,E83,F83,G83,L83,M83,N83,O83,P83,Q83,$T$40)	7.8477501634260366E-6
T84	ManAcceleration($B$3,$B$4,$B$5,$B$6,$B$7,$B$8,K84,E84,F84,G84,L84,M84,N84,O84,P84,Q84,$T$40)	7.5437754745935984E-6
T85	ManAcceleration($B$3,$B$4,$B$5,$B$6,$B$7,$B$8,K85,E85,F85,G85,L85,M85,N85,O85,P85,Q85,$T$40)	7.2433861272759965E-6
T86	ManAcceleration($B$3,$B$4,$B$5,$B$6,$B$7,$B$8,K86,E86,F86,G86,L86,M86,N86,O86,P86,Q86,$T$40)	6.9477932653695268E-6
T87	ManAcceleration($B$3,$B$4,$B$5,$B$6,$B$7,$B$8,K87,E87,F87,G87,L87,M87,N87,O87,P87,Q87,$T$40)	6.6579975004070276E-6
T88	ManAcceleration($B$3,$B$4,$B$5,$B$6,$B$7,$B$8,K88,E88,F88,G88,L88,M88,N88,O88,P88,Q88,$T$40)	6.3748119381469478E-6
T89	ManAcceleration($B$3,$B$4,$B$5,$B$6,$B$7,$B$8,K89,E89,F89,G89,L89,M89,N89,O89,P89,Q89,$T$40)	6.0988840945415787E-6
T90	ManAcceleration($B$3,$B$4,$B$5,$B$6,$B$7,$B$8,K90,E90,F90,G90,L90,M90,N90,O90,P90,Q90,$T$40)	5.8307163302309542E-6
T91	ManAcceleration($B$3,$B$4,$B$5,$B$6,$B$7,$B$8,K91,E91,F91,G91,L91,M91,N91,O91,P91,Q91,$T$40)	5.5706846177787785E-6
T92	ManAcceleration($B$3,$B$4,$B$5,$B$6,$B$7,$B$8,K92,E92,F92,G92,L92,M92,N92,O92,P92,Q92,$T$40)	5.3190555797456977E-6
T93	ManAcceleration($B$3,$B$4,$B$5,$B$6,$B$7,$B$8,K93,E93,F93,G93,L93,M93,N93,O93,P93,Q93,$T$40)	5.0760018171394922E-6
T94	ManAcceleration($B$3,$B$4,$B$5,$B$6,$B$7,$B$8,K94,E94,F94,G94,L94,M94,N94,O94,P94,Q94,$T$40)	4.8416155987701795E-6
T95	ManAcceleration($B$3,$B$4,$B$5,$B$6,$B$7,$B$8,K95,E95,F95,G95,L95,M95,N95,O95,P95,Q95,$T$40)	4.6159210124574077E-6
T96	ManAcceleration($B$3,$B$4,$B$5,$B$6,$B$7,$B$8,K96,E96,F96,G96,L96,M96,N96,O96,P96,Q96,$T$40)	4.3988846949889458E-6
T97	ManAcceleration($B$3,$B$4,$B$5,$B$6,$B$7,$B$8,K97,E97,F97,G97,L97,M97,N97,O97,P97,Q97,$T$40)	4.190425264039586E-6
T98	ManAcceleration($B$3,$B$4,$B$5,$B$6,$B$7,$B$8,K98,E98,F98,G98,L98,M98,N98,O98,P98,Q98,$T$40)	3.9904215751630826E-6
T99	ManAcceleration($B$3,$B$4,$B$5,$B$6,$B$7,$B$8,K99,E99,F99,G99,L99,M99,N99,O99,P99,Q99,$T$40)	3.7987199228954898E-6
