A10		Data
A100	$A$99+1	23
A101	$A$100+1	24
A102		
A103		BOJEAN
A104		
A105		No
A106	$A$46	0
A107	$A$47	1
A108	$A$48	2
A109	$A$49	3
A11		Point
A110	$A$50	4
A111	$A$51	5
A112	$A$52	6
A113	$A$53	7
A114	$A$54	8
A115	$A$55	9
A116	$A$56	10
A117	$A$57	11
A118	$A$58	12
A119	$A$59	13
A12		
A120	$A$60	14
A121	$A$61	15
A122	$A$62	16
A123	$A$63	17
A124	$A$64	18
A125	$A$65	19
A126	$A$66	20
A127	$A$67	21
A128	$A$68	22
A129	$A$99+1	23
A13		1
A130	$A$100+1	24
A131		Vertical Moment
A132		
A133		No
A134	$A$46	0
A135	$A$47	1
A136	$A$48	2
A137	$A$49	3
A138	$A$50	4
A139	$A$51	5
A14		2
A140	$A$52	6
A141	$A$53	7
A142	$A$54	8
A143	$A$55	9
A144	$A$56	10
A145	$A$57	11
A146	$A$58	12
A147	$A$59	13
A148	$A$60	14
A149	$A$61	15
A15		3
A150	$A$62	16
A151	$A$63	17
A152	$A$64	18
A153	$A$65	19
A154	$A$66	20
A155	$A$67	21
A156	$A$68	22
A157	$A$99+1	23
A158	$A$100+1	24
A159		
A16		4
A160		Horizontal Moment
A161		
A162		No
A163	$A$46	0
A164	$A$47	1
A165	$A$48	2
A166	$A$49	3
A167	$A$50	4
A168	$A$51	5
A169	$A$52	6
A17		5
A170	$A$53	7
A171	$A$54	8
A172	$A$55	9
A173	$A$56	10
A174	$A$57	11
A175	$A$58	12
A176	$A$59	13
A177	$A$60	14
A178	$A$61	15
A179	$A$62	16
A18		6
A180	$A$63	17
A181	$A$64	18
A182	$A$65	19
A183	$A$66	20
A184	$A$67	21
A185	$A$68	22
A186	$A$99+1	23
A187	$A$100+1	24
A188		
A189		Section Girth
A19		7
A190		
A191		No
A192	$A$46	0
A193	$A$47	1
A194	$A$48	2
A195	$A$49	3
A196	$A$50	4
A197	$A$51	5
A198	$A$52	6
A199	$A$53	7
A20		8
A200	$A$54	8
A201	$A$55	9
A202	$A$56	10
A203	$A$57	11
A204	$A$58	12
A205	$A$59	13
A206	$A$60	14
A207	$A$61	15
A208	$A$62	16
A209	$A$63	17
A21		9
A210	$A$64	18
A211	$A$65	19
A212	$A$66	20
A213	$A$67	21
A214	$A$68	22
A215	$A$99+1	23
A216	$A$100+1	24
A217		
A218		Hydrostatics to Basis Design Waterline
A219		
A22		10
A220		SM
A221		SM(2)
A222		Station
A223		X coord
A224		Waterline Offset
A225		Bonjean
A226		VMOM
A227		HMOM
A228		Girth
A229		X (from LCF)
A23		11
A233		Whole Hull
A234		Displacement
A235		
A236		Vert. Mom. Area
A237		JT
A238		Long. Mom. Area
A239		Waterplane Area
A24		12
A240		LCB
A241		VCB
A242		BMT
A243		Midship Section Area
A244		JL
A245		BML
A246		LCF
A247		WSA
A248		Cw
A25		13
A250		Forebody
A251		Displacement
A252		Long. Mom. Area
A253		Cpf
A254		Centroid
A256		Afterbody
A257		Displacement
A258		Long. Mom. Area
A259		Cpa
A26		14
A260		Centroid
A266		SM
A267		SM(2)
A268		Station
A269		X coord
A27		15
A270		Girth
A28		16
A29		17
A30		18
A31		19
A32		20
A33		21
A34		22
A35		23
A36		24
A37		25
A38		26
A39		27
A41		SAC at DWL
A42		Offset Data at equally spaced waterlines
A44		WL
A45		No
A46		0
A47	A46+1	1
A48		2
A49		3
A50		4
A51		5
A52		6
A53		7
A54		8
A55		9
A56	A55+1	10
A57		11
A58		12
A59		13
A60		14
A61		15
A62		16
A63		17
A64		18
A65		19
A66		20
A67		21
A68		22
A69		23
A70		24
A71		
A73		OFFSET TABLE FOR BASIS DESIGN (At equally spaced waterlines and sections)
A75		
A76		No
A77	$A$46	0
A78	$A$47	1
A79	$A$48	2
A80	$A$49	3
A81	$A$50	4
A82	$A$51	5
A83	$A$52	6
A84	$A$53	7
A85	$A$54	8
A86	$A$55	9
A87	$A$56	10
A88	$A$57	11
A89	$A$58	12
A9		
A90	$A$59	13
A91	$A$60	14
A92	$A$61	15
A93	$A$62	16
A94	$A$63	17
A95	$A$64	18
A96	$A$65	19
A97	$A$66	20
A98	$A$67	21
A99	$A$68	22
AA10		9
AA11	Y11+$E$5/20	19.41
AA12		Y
AA13		0.08
AA14		0.09
AA15		0.22
AA16		0.98
AA17		1.44
AA18		1.71
AA19		1.89
AA20		2.02
AA21		2.13
AA22		2.1949999999999998
AA23		2.2400000000000002
AA24		2.25
AA25		2.25
AA26		
AA27		
AA28		
AA29		
AA30		
AA31		
AA32		
AA33		
AA34		
AA35		
AA36		
AA37		
AA38		
AA39		
AA40		13
AA41	Interpolate($C$223:$W$223,$C$225:$W$225,AA11)	0.98941719251171989
AA5		
AA9		
AB10		Number:
AB11		X  =
AB12		Z
AB13		0
AB14		0.19999999999999998
AB15		0.39999999999999997
AB16		0.6
AB17		0.79999999999999993
AB18		0.99999999999999989
AB19		1.2
AB20		1.4
AB21		1.5999999999999999
AB22		1.7999999999999998
AB23		1.9999999999999998
AB24		2.1999999999999997
AB25		2.4
AB26		
AB27		
AB28		
AB29		
AB30		
AB31		
AB32		
AB33		
AB34		
AB35		
AB36		
AB37		
AB38		
AB39		
AB40		13
AB7		
AB9		
AC10		8
AC11	AA11+$E$5/20	21.0275
AC12		Y
AC13		0.08
AC14		0.09
AC15		0.22
AC16		0.98
AC17		1.44
AC18		1.71
AC19		1.89
AC20		2.02
AC21		2.13
AC22		2.1949999999999998
AC23		2.2400000000000002
AC24		2.25
AC25		2.25
AC26		
AC27		
AC28		
AC29		
AC30		
AC31		
AC32		
AC33		
AC34		
AC35		
AC36		
AC37		
AC38		
AC39		
AC40		13
AC41	Interpolate($C$223:$W$223,$C$225:$W$225,AC11)	0.98941719251171989
AC9		
AD10		Number:
AD11		X  =
AD12		Z
AD13		0
AD14		0.19999999999999998
AD15		0.39999999999999997
AD16		0.6
AD17		0.79999999999999993
AD18		0.99999999999999989
AD19		1.2
AD20		1.4
AD21		1.5999999999999999
AD22		1.7999999999999998
AD23		1.9999999999999998
AD24		2.1999999999999997
AD25		2.4
AD26		
AD27		
AD28		
AD29		
AD30		
AD31		
AD32		
AD33		
AD34		
AD35		
AD36		
AD37		
AD38		
AD39		
AD40		13
AD9		
AE10		7
AE11	AC11+$E$5/20	22.645
AE12		Y
AE13		0.08
AE14		0.09
AE15		0.22
AE16		0.92
AE17		1.37
AE18		1.65
AE19		1.83
AE20		1.96
AE21		2.06
AE22		2.13
AE23		2.17
AE24		2.19
AE25		2.2000000000000002
AE26		
AE27		
AE28		
AE29		
AE30		
AE31		
AE32		
AE33		
AE34		
AE35		
AE36		
AE37		
AE38		
AE39		
AE40		13
AE41	Interpolate($C$223:$W$223,$C$225:$W$225,AE11)	0.94830474031581546
AE9		
AF10		Number:
AF11		X  =
AF12		Z
AF13		0
AF14		0.19999999999999998
AF15		0.39999999999999997
AF16		0.6
AF17		0.79999999999999993
AF18		0.99999999999999989
AF19		1.2
AF20		1.4
AF21		1.5999999999999999
AF22		1.7999999999999998
AF23		1.9999999999999998
AF24		2.1999999999999997
AF25		2.4
AF26		
AF27		
AF28		
AF29		
AF30		
AF31		
AF32		
AF33		
AF34		
AF35		
AF36		
AF37		
AF38		
AF39		
AF40		13
AF9		
AG10		6
AG11	AE11+$E$5/20	24.262499999999999
AG12		Y
AG13		0
AG14		0.06
AG15		0.17
AG16		0.72
AG17		1.21
AG18		1.48
AG19		1.66
AG20		1.8
AG21		1.9
AG22		1.98
AG23		2.02
AG24		2.04
AG25		2.04
AG26		
AG27		
AG28		
AG29		
AG30		
AG31		
AG32		
AG33		
AG34		
AG35		
AG36		
AG37		
AG38		
AG39		
AG40		13
AG41	Interpolate($C$223:$W$223,$C$225:$W$225,AG11)	0.81065627775721705
AG9		
AH10		Number:
AH11		X  =
AH12		Z
AH13		0
AH14		0.19999999999999998
AH15		0.39999999999999997
AH16		0.6
AH17		0.79999999999999993
AH18		0.99999999999999989
AH19		1.2
AH20		1.4
AH21		1.5999999999999999
AH22		1.7999999999999998
AH23		1.9999999999999998
AH24		2.1999999999999997
AH25		2.4
AH26		
AH27		
AH28		
AH29		
AH30		
AH31		
AH32		
AH33		
AH34		
AH35		
AH36		
AH37		
AH38		
AH39		
AH40		13
AH9		
AI10		5
AI11	AG11+$E$5/20	25.88
AI12		Y
AI13		0
AI14		0
AI15		0.13
AI16		0.45
AI17		0.92
AI18		1.18
AI19		1.37
AI20		1.5
AI21		1.6
AI22		1.66
AI23		1.71
AI24		1.73
AI25		1.73
AI26		
AI27		
AI28		
AI29		
AI30		
AI31		
AI32		
AI33		
AI34		
AI35		
AI36		
AI37		
AI38		
AI39		
AI40		13
AI41	Interpolate($C$223:$W$223,$C$225:$W$225,AI11)	0.60227786786022697
AI9		
AJ10		Number:
AJ11		X  =
AJ12		Z
AJ13		0
AJ14		0.19999999999999998
AJ15		0.39999999999999997
AJ16		0.6
AJ17		0.79999999999999993
AJ18		0.99999999999999989
AJ19		1.2
AJ20		1.4
AJ21		1.5999999999999999
AJ22		1.7999999999999998
AJ23		1.9999999999999998
AJ24		2.1999999999999997
AJ25		2.4
AJ26		
AJ27		
AJ28		
AJ29		
AJ30		
AJ31		
AJ32		
AJ33		
AJ34		
AJ35		
AJ36		
AJ37		
AJ38		
AJ39		
AJ40		13
AJ9		
AK10		4
AK11	AI11+$E$5/20	27.497499999999999
AK12		Y
AK13		0
AK14		0
AK15		0.03
AK16		0.23
AK17		0.56000000000000005
AK18		0.79
AK19		0.95
AK20		1.08
AK21		1.1599999999999999
AK22		1.21
AK23		1.25
AK24		1.2649999999999999
AK25		1.2649999999999999
AK26		
AK27		
AK28		
AK29		
AK30		
AK31		
AK32		
AK33		
AK34		
AK35		
AK36		
AK37		
AK38		
AK39		
AK40		13
AK41	Interpolate($C$223:$W$223,$C$225:$W$225,AK11)	0.36796999695441657
AK9		
AL10		Number:
AL11		X  =
AL12		Z
AL13		0
AL14		0.19999999999999998
AL15		0.39999999999999997
AL16		0.6
AL17		0.79999999999999993
AL18		0.99999999999999989
AL19		1.2
AL20		1.4
AL21		1.5999999999999999
AL22		1.7999999999999998
AL23		1.9999999999999998
AL24		2.1999999999999997
AL25		2.4
AL26		
AL27		
AL28		
AL29		
AL30		
AL31		
AL32		
AL33		
AL34		
AL35		
AL36		
AL37		
AL38		
AL39		
AL40		13
AL9		
AM10		3
AM11	AK11+$E$5/20	29.114999999999998
AM12		Y
AM13		0
AM14		0
AM15		0
AM16		0.08
AM17		0.3
AM18		0.53
AM19		0.66
AM20		0.64
AM21		0.63
AM22		0.65
AM23		0.66
AM24		0.66
AM25		0.66
AM26		
AM27		
AM28		
AM29		
AM30		
AM31		
AM32		
AM33		
AM34		
AM35		
AM36		
AM37		
AM38		
AM39		
AM40		13
AM41	Interpolate($C$223:$W$223,$C$225:$W$225,AM11)	0.21446202581421175
AM9		
AN10		Number:
AN11		X  =
AN12		Z
AN13		0
AN14		0.19999999999999998
AN15		0.39999999999999997
AN16		0.6
AN17		0.79999999999999993
AN18		0.99999999999999989
AN19		1.2
AN20		1.4
AN21		1.5999999999999999
AN22		1.7999999999999998
AN23		1.9999999999999998
AN24		2.1999999999999997
AN25		2.4
AN26		
AN27		
AN28		
AN29		
AN30		
AN31		
AN32		
AN33		
AN34		
AN35		
AN36		
AN37		
AN38		
AN39		
AN40		13
AN9		
AO10		2
AO11	AM11+$E$5/20	30.732499999999998
AO12		Y
AO13		0
AO14		0
AO15		0
AO16		0
AO17		0.11
AO18		0.3
AO19		0.28000000000000003
AO20		0.26
AO21		0.23
AO22		0.21
AO23		0.18
AO24		0.16
AO25		0.13
AO26		
AO27		
AO28		
AO29		
AO30		
AO31		
AO32		
AO33		
AO34		
AO35		
AO36		
AO37		
AO38		
AO39		
AO40		13
AO41	Interpolate($C$223:$W$223,$C$225:$W$225,AO11)	9.6328104567604281E-2
AO9		
AP10		Number:
AP11		X  =
AP12		Z
AP13		0
AP14		0.19999999999999998
AP15		0.39999999999999997
AP16		0.6
AP17		0.79999999999999993
AP18		0.99999999999999989
AP19		1.2
AP20		1.4
AP21		1.5999999999999999
AP22		1.7999999999999998
AP23		1.9999999999999998
AP24		2.1999999999999997
AP25		2.4
AP26		
AP27		
AP28		
AP29		
AP30		
AP31		
AP32		
AP33		
AP34		
AP35		
AP36		
AP37		
AP38		
AP39		
AP40		13
AP9		
AQ10		1
AQ11	AO11+$E$5/20	32.35
AQ12		Y
AQ13		0
AQ14		0
AQ15		0
AQ16		0
AQ17		0
AQ18		0
AQ19		0
AQ20		0
AQ21		0
AQ22		0
AQ23		0
AQ24		0
AQ25		0
AQ26		
AQ27		
AQ28		
AQ29		
AQ30		
AQ31		
AQ32		
AQ33		
AQ34		
AQ35		
AQ36		
AQ37		
AQ38		
AQ39		
AQ40		13
AQ41	Interpolate($C$223:$W$223,$C$225:$W$225,AQ11)	0
AQ9		
B10		Number:
B100	$B$69	2.2999999999999998
B101	$B$70	2.4
B102		
B103		
B104		
B105		Z Offset
B106	$B$46	0
B107	$B$47	9.9999999999999992E-2
B108	$B$48	0.19999999999999998
B109	$B$49	0.3
B11		X  =
B110	$B$50	0.39999999999999997
B111	$B$51	0.5
B112	$B$52	0.6
B113	$B$53	0.70000000000000007
B114	$B$54	0.79999999999999993
B115	$B$55	0.89999999999999991
B116	$B$56	1
B117	$B$57	1.0999999999999999
B118	$B$58	1.2
B119	$B$59	1.3
B12		Z
B120	$B$60	1.4000000000000001
B121	$B$61	1.5
B122	$B$62	1.5999999999999999
B123	$B$63	1.7
B124	$B$64	1.7999999999999998
B125	$B$65	1.9000000000000001
B126	$B$66	2
B127	$B$67	2.1
B128	$B$68	2.1999999999999997
B129	$B$69	2.2999999999999998
B13		0
B130	$B$70	2.4
B131		
B132		
B133		Z Offset
B134	$B$46	0
B135	$B$47	9.9999999999999992E-2
B136	$B$48	0.19999999999999998
B137	$B$49	0.3
B138	$B$50	0.39999999999999997
B139	$B$51	0.5
B14		0.19999999999999998
B140	$B$52	0.6
B141	$B$53	0.70000000000000007
B142	$B$54	0.79999999999999993
B143	$B$55	0.89999999999999991
B144	$B$56	1
B145	$B$57	1.0999999999999999
B146	$B$58	1.2
B147	$B$59	1.3
B148	$B$60	1.4000000000000001
B149	$B$61	1.5
B15		0.39999999999999997
B150	$B$62	1.5999999999999999
B151	$B$63	1.7
B152	$B$64	1.7999999999999998
B153	$B$65	1.9000000000000001
B154	$B$66	2
B155	$B$67	2.1
B156	$B$68	2.1999999999999997
B157	$B$69	2.2999999999999998
B158	$B$70	2.4
B159		
B16		0.6
B160		
B161		
B162		Z Offset
B163	$B$46	0
B164	$B$47	9.9999999999999992E-2
B165	$B$48	0.19999999999999998
B166	$B$49	0.3
B167	$B$50	0.39999999999999997
B168	$B$51	0.5
B169	$B$52	0.6
B17		0.79999999999999993
B170	$B$53	0.70000000000000007
B171	$B$54	0.79999999999999993
B172	$B$55	0.89999999999999991
B173	$B$56	1
B174	$B$57	1.0999999999999999
B175	$B$58	1.2
B176	$B$59	1.3
B177	$B$60	1.4000000000000001
B178	$B$61	1.5
B179	$B$62	1.5999999999999999
B18		0.99999999999999989
B180	$B$63	1.7
B181	$B$64	1.7999999999999998
B182	$B$65	1.9000000000000001
B183	$B$66	2
B184	$B$67	2.1
B185	$B$68	2.1999999999999997
B186	$B$69	2.2999999999999998
B187	$B$70	2.4
B188		
B189		
B19		1.2
B190		
B191		Z Offset
B192	$B$46	0
B193	$B$47	9.9999999999999992E-2
B194	$B$48	0.19999999999999998
B195	$B$49	0.3
B196	$B$50	0.39999999999999997
B197	$B$51	0.5
B198	$B$52	0.6
B199	$B$53	0.70000000000000007
B2		Basis Hull Geometry Definition Table
B20		1.4
B200	$B$54	0.79999999999999993
B201	$B$55	0.89999999999999991
B202	$B$56	1
B203	$B$57	1.0999999999999999
B204	$B$58	1.2
B205	$B$59	1.3
B206	$B$60	1.4000000000000001
B207	$B$61	1.5
B208	$B$62	1.5999999999999999
B209	$B$63	1.7
B21		1.5999999999999999
B210	$B$64	1.7999999999999998
B211	$B$65	1.9000000000000001
B212	$B$66	2
B213	$B$67	2.1
B214	$B$68	2.1999999999999997
B215	$B$69	2.2999999999999998
B216	$B$70	2.4
B217		
B218		
B219		
B22		1.7999999999999998
B220		
B221		
B222		
B223		
B224		
B225		
B226		
B227		
B228		
B229		
B23		1.9999999999999998
B234		
B235		
B236		
B237		
B238		
B239		
B24		2.1999999999999997
B240		
B241		
B242		
B243		
B244		
B245		
B246		
B247		
B248		
B25		2.4
B26		
B263		Total Surface Area of hull over LWL.
B264		Depth
B265		HullSA
B266		
B267		
B268		
B27		
B28		
B29		
B3		Ship Name:
B30		
B31		
B32		
B33		
B34		
B35		
B36		
B37		
B38		
B39		
B4		Hull Length Overall
B40	COUNTA(B13:B39)	13
B44		
B45		Z Offset
B46	'Basis Hull'!$E$7*'Basis Hull'!A46/'Basis Hull'!$A$70	0
B47	'Basis Hull'!$E$7*'Basis Hull'!A47/'Basis Hull'!$A$70	9.9999999999999992E-2
B48	'Basis Hull'!$E$7*'Basis Hull'!A48/'Basis Hull'!$A$70	0.19999999999999998
B49	'Basis Hull'!$E$7*'Basis Hull'!A49/'Basis Hull'!$A$70	0.3
B5		Hull Length between Perps.
B50	'Basis Hull'!$E$7*'Basis Hull'!A50/'Basis Hull'!$A$70	0.39999999999999997
B51	'Basis Hull'!$E$7*'Basis Hull'!A51/'Basis Hull'!$A$70	0.5
B52	'Basis Hull'!$E$7*'Basis Hull'!A52/'Basis Hull'!$A$70	0.6
B53	'Basis Hull'!$E$7*'Basis Hull'!A53/'Basis Hull'!$A$70	0.70000000000000007
B54	'Basis Hull'!$E$7*'Basis Hull'!A54/'Basis Hull'!$A$70	0.79999999999999993
B55	'Basis Hull'!$E$7*'Basis Hull'!A55/'Basis Hull'!$A$70	0.89999999999999991
B56	'Basis Hull'!$E$7*'Basis Hull'!A56/'Basis Hull'!$A$70	1
B57	'Basis Hull'!$E$7*'Basis Hull'!A57/'Basis Hull'!$A$70	1.0999999999999999
B58	'Basis Hull'!$E$7*'Basis Hull'!A58/'Basis Hull'!$A$70	1.2
B59	'Basis Hull'!$E$7*'Basis Hull'!A59/'Basis Hull'!$A$70	1.3
B6		Beam at Waterline
B60	'Basis Hull'!$E$7*'Basis Hull'!A60/'Basis Hull'!$A$70	1.4000000000000001
B61	'Basis Hull'!$E$7*'Basis Hull'!A61/'Basis Hull'!$A$70	1.5
B62	'Basis Hull'!$E$7*'Basis Hull'!A62/'Basis Hull'!$A$70	1.5999999999999999
B63	'Basis Hull'!$E$7*'Basis Hull'!A63/'Basis Hull'!$A$70	1.7
B64	'Basis Hull'!$E$7*'Basis Hull'!A64/'Basis Hull'!$A$70	1.7999999999999998
B65	'Basis Hull'!$E$7*'Basis Hull'!A65/'Basis Hull'!$A$70	1.9000000000000001
B66	'Basis Hull'!$E$7*'Basis Hull'!A66/'Basis Hull'!$A$70	2
B67	'Basis Hull'!$E$7*'Basis Hull'!A67/'Basis Hull'!$A$70	2.1
B68	'Basis Hull'!$E$7*'Basis Hull'!A68/'Basis Hull'!$A$70	2.1999999999999997
B69	'Basis Hull'!$E$7*'Basis Hull'!A69/'Basis Hull'!$A$70	2.2999999999999998
B7		Hull Depth
B70	'Basis Hull'!$E$7*'Basis Hull'!A70/'Basis Hull'!$A$70	2.4
B71		
B75		
B76		Z Offset
B77	$B$46	0
B78	$B$47	9.9999999999999992E-2
B79	$B$48	0.19999999999999998
B8		Number of Sections defined
B80	$B$49	0.3
B81	$B$50	0.39999999999999997
B82	$B$51	0.5
B83	$B$52	0.6
B84	$B$53	0.70000000000000007
B85	$B$54	0.79999999999999993
B86	$B$55	0.89999999999999991
B87	$B$56	1
B88	$B$57	1.0999999999999999
B89	$B$58	1.2
B9		 
B90	$B$59	1.3
B91	$B$60	1.4000000000000001
B92	$B$61	1.5
B93	$B$62	1.5999999999999999
B94	$B$63	1.7
B95	$B$64	1.7999999999999998
B96	$B$65	1.9000000000000001
B97	$B$66	2
B98	$B$67	2.1
B99	$B$68	2.1999999999999997
C10		21
C100	CUBIC($C$45:$W$45,$C$69:$W$69,C76)	1.5144316709844559
C101	CUBIC($C$45:$W$45,$C$70:$W$70,C76)	1.54
C102		
C103		
C104		21
C105		0
C106		0
C107	h/12*(5*C77+8*C78-C79)	3.7780656303972347E-6
C108	h/3*(C77+4*C78+C79)	7.5561312607944693E-6
C109	C107+h/3*(C78+4*C79+C80)	0
C11		0
C110	C108+h/3*(C79+4*C80+C81)	-1.5112262521588944E-5
C111	C109+h/3*(C80+4*C81+C82)	1.5112262521588951E-5
C112	C110+h/3*(C81+4*C82+C83)	6.8005181347150279E-5
C113	C111+h/3*(C82+4*C83+C84)	-4.1558721934369623E-5
C114	C112+h/3*(C83+4*C84+C85)	-2.4179620034542321E-4
C115	C113+h/3*(C84+4*C85+C86)	1.7001295336787549E-4
C116	C114+h/3*(C85+4*C86+C87)	9.1429188255612976E-4
C117	C115+h/3*(C86+4*C87+C88)	-4.9460276338515188E-4
C118	C116+h/3*(C87+4*C88+C89)	-1.9002590673575187E-3
C119	C117+h/3*(C88+4*C89+C90)	1.1327288428324702E-2
C12		Y
C120	C118+h/3*(C89+4*C90+C91)	5.3201856649395564E-2
C121	C119+h/3*(C90+4*C91+C92)	0.12368350604490509
C122	C120+h/3*(C91+4*C92+C93)	0.21635794473229716
C123	C121+h/3*(C92+4*C93+C94)	0.32464507772020734
C124	C122+h/3*(C93+4*C94+C95)	0.4433814766839379
C125	C123+h/3*(C94+4*C95+C96)	0.57015090673575142
C126	C124+h/3*(C95+4*C96+C97)	0.70388126079447333
C127	C125+h/3*(C96+4*C97+C98)	0.84395768566493978
C128	C126+h/3*(C97+4*C98+C99)	0.98960859240069099
C129	C127+h/3*(C98+4*C99+C100)	1.1394539075993093
C13		0
C130	C128+h/3*(C99+4*C100+C101)	1.2921994818652851
C131		
C132		21
C133		0
C134		0
C135	h^2/24*(3*C77+10*C78-C79)	2.3612910189982714E-7
C136	h/3*($B77*C77+4*$B78*C78+$B79*C79)	7.5561312607944691E-7
C137	C135+h/3*($B78*C78+4*$B79*C79+$B80*C80)	-1.2750971502590671E-6
C138	C136+h/3*($B79*C79+4*$B80*C80+$B81*C81)	-6.044905008635577E-6
C139	C137+h/3*($B80*C80+4*$B81*C81+$B82*C82)	7.4144537996545791E-6
C14		0
C140	C138+h/3*($B81*C81+4*$B82*C82+$B83*C83)	3.5513816925734034E-5
C141	C139+h/3*($B82*C82+4*$B83*C83+$B84*C84)	-3.6411107512953388E-5
C142	C140+h/3*($B83*C83+4*$B84*C84+$B85*C85)	-1.8134715025906745E-4
C143	C141+h/3*($B84*C84+4*$B85*C85+$B86*C86)	1.6949346934369585E-4
C144	C142+h/3*($B85*C85+4*$B86*C86+$B87*C87)	8.5913212435232995E-4
C145	C143+h/3*($B86*C86+4*$B87*C87+$B88*C88)	-6.1938822322971142E-4
C146	C144+h/3*($B87*C87+4*$B88*C88+$B89*C89)	-2.1368739205526823E-3
C147	C145+h/3*($B88*C88+4*$B89*C89+$B90*C90)	1.4539797873488781E-2
C148	C146+h/3*($B89*C89+4*$B90*C90+$B91*C91)	7.1295876511226333E-2
C149	C147+h/3*($B90*C90+4*$B91*C91+$B92*C92)	0.17371901851252172
C15		0
C150	C148+h/3*($B91*C91+4*$B92*C92+$B93*C93)	0.31751334196891207
C151	C149+h/3*($B92*C92+4*$B93*C93+$B94*C94)	0.49630421928972379
C152	C150+h/3*($B93*C93+4*$B94*C94+$B95*C95)	0.70417001295336801
C153	C151+h/3*($B94*C94+4*$B95*C95+$B96*C96)	0.93875578448834207
C154	C152+h/3*($B95*C95+4*$B96*C96+$B97*C97)	1.1995862694300521
C155	C153+h/3*($B96*C96+4*$B97*C97+$B98*C98)	1.4867916977007773
C156	C154+h/3*($B97*C97+4*$B98*C98+$B99*C99)	1.7999803324697758
C157	C155+h/3*($B98*C98+4*$B99*C99+$B100*C100)	2.1371633082361834
C158	C156+h/3*($B99*C99+4*$B100*C100+$B101*C101)	2.4961393782383423
C159		
C16		0
C160		
C161		21
C162		0
C163		0
C164	C77/2*(C77*h)+(C77+(C78-C77)/3)*((h*(C78-C77))/2)	5.3526674653458209E-11
C165	h/6*(C77^2+4*C78^2+C79^2)	2.1410669861383281E-10
C166	C164+h/6*(C78^2+4*C79^2+C80^2)	5.8879342118804056E-10
C167	C165+h/6*(C79^2+4*C80^2+C81^2)	2.1410669861383288E-9
C168	C166+h/6*(C80^2+4*C81^2+C82^2)	7.5472611261376155E-9
C169	C167+h/6*(C81^2+4*C82^2+C83^2)	2.8047977518412136E-8
C17		0
C170	C168+h/6*(C82^2+4*C83^2+C84^2)	1.0400232885166947E-7
C171	C169+h/6*(C83^2+4*C84^2+C85^2)	3.8796133788826568E-7
C172	C170+h/6*(C84^2+4*C85^2+C86^2)	1.4469865959069362E-6
C173	C171+h/6*(C85^2+4*C86^2+C87^2)	5.3999850457394799E-6
C174	C172+h/6*(C86^2+4*C87^2+C88^2)	1.6341366538013904E-5
C175	C173+h/6*(C87^2+4*C88^2+C89^2)	7.4965481106316147E-5
C176	C174+h/6*(C88^2+4*C89^2+C90^2)	1.2451313603584603E-3
C177	C175+h/6*(C89^2+4*C90^2+C91^2)	1.0125559960327535E-2
C178	C176+h/6*(C90^2+4*C91^2+C92^2)	3.5470695807226352E-2
C179	C177+h/6*(C91^2+4*C92^2+C93^2)	7.8352639935244398E-2
C18		0
C180	C178+h/6*(C92^2+4*C93^2+C94^2)	0.13727701882171792
C181	C179+h/6*(C93^2+4*C94^2+C95^2)	0.20759501868496055
C182	C180+h/6*(C94^2+4*C95^2+C96^2)	0.28818059001771829
C183	C181+h/6*(C95^2+4*C96^2+C97^2)	0.37740900805257926
C184	C182+h/6*(C96^2+4*C97^2+C98^2)	0.47573994519239932
C185	C183+h/6*(C97^2+4*C98^2+C99^2)	0.581610772717018
C186	C184+h/6*(C98^2+4*C99^2+C100^2)	0.69409502445985516
C187	C185+h/6*(C99^2+4*C100^2+C101^2)	0.81054432512240271
C188		
C189		
C19		0.03
C190		21
C191		0
C192	C77	0
C193	C192+IF(AND(C77=0,C78=0),0,SQRT((C78-C77)^2+($B78-$B77)^2))	0.1000000160580011
C194		0.2000000321160022
C195		0.30000017663791934
C196		0.40000032115983641
C197		0.50000226415925009
C198		0.60000420715866376
C199		0.70003119701842897
C20		0.56999999999999995
C200		0.80005818687819397
C201		0.90043338478892165
C202		1.0008085826996496
C203		1.1048205168269825
C204		1.2207300952420979
C205		1.4745271896221936
C206		1.7971505424813439
C207		2.0733124452031784
C208		2.2858824538158142
C209		2.4470769241986776
C21		1.0149999999999999
C210		2.5806631013951611
C211		2.7049161644354807
C212		2.8248714771264036
C213		2.9417252552373765
C214		3.0533259197002249
C215		3.1590876328424669
C216		3.2623045861430131
C217		
C218		
C219		
C22		1.23
C220		1
C221		1
C222		21
C223		0
C224	Interpolate($B$77:$B$101,C77:C101,$F$218)	-1.0206849093264287E-2
C225	Interpolate($B$106:$B$130,C106:C130,$F$218)	-1.1978357081174501E-3
C226	Interpolate($B$134:$B$158,C134:C158,$F$218)	-1.373260403173581E-3
C227	Interpolate($B$163:$B$187,C163:C187,$F$218)	3.9693082187661544E-5
C228	Interpolate($B$192:$B$216,C192:C216,$F$218)	1.1612881004985673
C229	C223-$C$246	-15.247386877033769
C23		1.37
C234	2*$F$219/3*SUMPRODUCT(C$220:W$220,C225:W225)	44.261555272860519
C235	C234+C247*Q5	44.261555272860519
C236	2*$F$219/3*SUMPRODUCT(C$220:W$220,C226:W226)	37.434205272688899
C237	2/3*F219/3*SUMPRODUCT(C220:W220,C224:W224,C224:W224,C224:W224)	87.061467939801261
C238	2*$F$219/3*SUMPRODUCT(C$220:W$220,C225:W225,C223:W223)	693.52766810021171
C239	2*$F$219/3*SUMPRODUCT(C$220:W$220,C224:W224)	91.872982597960586
C24		1.48
C240	C238/C234	15.668849949460682
C241	C236/C234	0.84574988479092406
C242	C237/C234	1.9669771521378057
C243	2*MAX(C225:W225)	1.9788343850234398
C244	2*F219/3*SUMPRODUCT(C220:AQ220,C229:AQ229,C229:AQ229,C224:AQ224)	5245.5525279154608
C245	C244/C234	118.51261203041891
C246	2*$F$219/3*SUMPRODUCT(C$220:W$220,C224:W224,C223:W223)/C239	15.247386877033769
C247	2*$F$219/3*SUMPRODUCT(C$220:W$220,C228:W228)*'Basis Hull'!Q6	130.48586171516578
C248	C239/(E5*E6)	0.76755906761318837
C25		1.54
C251	2*$F$219/3*SUMPRODUCT(M$221:W$221,M225:W225)	21.042053081773279
C252	2*$F$219/3*SUMPRODUCT(M$221:W$221,M225:W225,M223:W223)	458.99180010075656
C253	C251/(C243*(E5/2))	0.65740707595042913
C254	C252/C251	21.813071106561239
C255	(C254-E5/2)/(E5/2)	0.34856699267766539
C257	2*$F$219/3*SUMPRODUCT(C$221:M$221,C225:M225)	23.219502191087241
C258	2*$F$219/3*SUMPRODUCT(C$221:M$221,C225:M225,C223:M223)	234.53586799945518
C259	C257/(C243*(E5/2))	0.72543610555234117
C26		
C260	C258/C257	10.100813793048557
C261	(E5/2-C260)/(E5/2)	0.37552928636484967
C264	E7	2.4
C265	2*$F$219/3*SUMPRODUCT(C$266:W$266,C270:W270)*'Basis Hull'!Q6	219.81356355866811
C266		1
C267		1
C268		21
C269	C223	0
C27		
C270	Interpolate($B$192:$B$216,C192:C216,$C$264)	3.2623045861430131
C28		
C29		
C30		
C31		
C32		
C33		
C34		
C35		
C36		
C37		
C38		
C39		
C40		13
C41	Interpolate($C$223:$W$223,$C$225:$W$225,C11)	-1.1978357081174501E-3
C44		21
C45	C11	0
C46	IF('Basis Hull'!C$11="",0,CUBIC('Basis Hull'!B$13:B$39,'Basis Hull'!C$13:C$39,B46))	0
C47	IF('Basis Hull'!C$11="",0,CUBIC('Basis Hull'!B$13:B$39,'Basis Hull'!C$13:C$39,B47))	5.6670984455958523E-5
C48	IF('Basis Hull'!C$11="",0,CUBIC('Basis Hull'!B$13:B$39,'Basis Hull'!C$13:C$39,B48))	0
C49	IF('Basis Hull'!C$11="",0,CUBIC('Basis Hull'!B$13:B$39,'Basis Hull'!C$13:C$39,B49))	-1.700129533678756E-4
C50	IF('Basis Hull'!C$11="",0,CUBIC('Basis Hull'!B$13:B$39,'Basis Hull'!C$13:C$39,B50))	0
C51	IF('Basis Hull'!C$11="",0,CUBIC('Basis Hull'!B$13:B$39,'Basis Hull'!C$13:C$39,B51))	6.2338082901554413E-4
C52	IF('Basis Hull'!C$11="",0,CUBIC('Basis Hull'!B$13:B$39,'Basis Hull'!C$13:C$39,B52))	0
C53	IF('Basis Hull'!C$11="",0,CUBIC('Basis Hull'!B$13:B$39,'Basis Hull'!C$13:C$39,B53))	-2.3235103626943012E-3
C54	IF('Basis Hull'!C$11="",0,CUBIC('Basis Hull'!B$13:B$39,'Basis Hull'!C$13:C$39,B54))	0
C55	IF('Basis Hull'!C$11="",0,CUBIC('Basis Hull'!B$13:B$39,'Basis Hull'!C$13:C$39,B55))	8.6706606217616545E-3
C56	IF('Basis Hull'!C$11="",0,CUBIC('Basis Hull'!B$13:B$39,'Basis Hull'!C$13:C$39,B56))	-3.0368147068222655E-17
C57	IF('Basis Hull'!C$11="",0,CUBIC('Basis Hull'!B$13:B$39,'Basis Hull'!C$13:C$39,B57))	-2.8609132124352357E-2
C58	IF('Basis Hull'!C$11="",0,CUBIC('Basis Hull'!B$13:B$39,'Basis Hull'!C$13:C$39,B58))	0.03
C59	IF('Basis Hull'!C$11="",0,CUBIC('Basis Hull'!B$13:B$39,'Basis Hull'!C$13:C$39,B59))	0.26326586787564799
C60	IF('Basis Hull'!C$11="",0,CUBIC('Basis Hull'!B$13:B$39,'Basis Hull'!C$13:C$39,B60))	0.57000000000000051
C61	IF('Basis Hull'!C$11="",0,CUBIC('Basis Hull'!B$13:B$39,'Basis Hull'!C$13:C$39,B61))	0.82742066062176189
C62	IF('Basis Hull'!C$11="",0,CUBIC('Basis Hull'!B$13:B$39,'Basis Hull'!C$13:C$39,B62))	1.0149999999999999
C63	IF('Basis Hull'!C$11="",0,CUBIC('Basis Hull'!B$13:B$39,'Basis Hull'!C$13:C$39,B63))	1.1414264896373056
C64	IF('Basis Hull'!C$11="",0,CUBIC('Basis Hull'!B$13:B$39,'Basis Hull'!C$13:C$39,B64))	1.23
C65	IF('Basis Hull'!C$11="",0,CUBIC('Basis Hull'!B$13:B$39,'Basis Hull'!C$13:C$39,B65))	1.3037483808290158
C66	IF('Basis Hull'!C$11="",0,CUBIC('Basis Hull'!B$13:B$39,'Basis Hull'!C$13:C$39,B66))	1.37
C67	IF('Basis Hull'!C$11="",0,CUBIC('Basis Hull'!B$13:B$39,'Basis Hull'!C$13:C$39,B67))	1.4304549870466323
C68	IF('Basis Hull'!C$11="",0,CUBIC('Basis Hull'!B$13:B$39,'Basis Hull'!C$13:C$39,B68))	1.48
C69	IF('Basis Hull'!C$11="",0,CUBIC('Basis Hull'!B$13:B$39,'Basis Hull'!C$13:C$39,B69))	1.5144316709844559
C70	IF('Basis Hull'!C$11="",0,CUBIC('Basis Hull'!B$13:B$39,'Basis Hull'!C$13:C$39,B70))	1.54
C71		
C75		21
C76		0
C77	CUBIC($C$45:$W$45,$C46:$W46,C76)	0
C78	CUBIC($C$45:$W$45,$C$47:$W$47,C76)	5.6670984455958523E-5
C79	CUBIC($C$45:$W$45,$C$48:$W$48,C76)	0
C80	CUBIC($C$45:$W$45,$C$49:$W$49,C76)	-1.700129533678756E-4
C81	CUBIC($C$45:$W$45,$C$50:$W$50,C76)	0
C82	CUBIC($C$45:$W$45,$C$51:$W$51,C76)	6.2338082901554413E-4
C83	CUBIC($C$45:$W$45,$C$52:$W$52,C76)	0
C84	CUBIC($C$45:$W$45,$C$53:$W$53,C76)	-2.3235103626943012E-3
C85	CUBIC($C$45:$W$45,$C$54:$W$54,C76)	0
C86	CUBIC($C$45:$W$45,$C$55:$W$55,C76)	8.6706606217616545E-3
C87	CUBIC($C$45:$W$45,$C$56:$W$56,C76)	-3.0368147068222655E-17
C88	CUBIC($C$45:$W$45,$C$57:$W$57,C76)	-2.8609132124352357E-2
C89	CUBIC($C$45:$W$45,$C$58:$W$58,C76)	0.03
C9		
C90	CUBIC($C$45:$W$45,$C$59:$W$59,C76)	0.26326586787564799
C91	CUBIC($C$45:$W$45,$C$60:$W$60,C76)	0.57000000000000051
C92	CUBIC($C$45:$W$45,$C$61:$W$61,C76)	0.82742066062176189
C93	CUBIC($C$45:$W$45,$C$62:$W$62,C76)	1.0149999999999999
C94	CUBIC($C$45:$W$45,$C$63:$W$63,C76)	1.1414264896373056
C95	CUBIC($C$45:$W$45,$C$64:$W$64,C76)	1.23
C96	CUBIC($C$45:$W$45,$C$65:$W$65,C76)	1.3037483808290158
C97	CUBIC($C$45:$W$45,$C$66:$W$66,C76)	1.37
C98	CUBIC($C$45:$W$45,$C$67:$W$67,C76)	1.4304549870466323
C99	CUBIC($C$45:$W$45,$C$68:$W$68,C76)	1.48
D10		Number:
D100		1.8989899077606331
D101		1.92
D102		
D103		
D104		20
D105	C105+$W$76/20	1.6175000000000002
D106		0
D107		3.1378466093492012E-5
D108		6.2756932186984024E-5
D109		0
D11		X  =
D110		-1.2551386437396802E-4
D111		1.255138643739681E-4
D112		5.6481238968285634E-4
D113		-3.4516312702841242E-4
D114		-2.0082218299834905E-3
D115		2.6620309742071396E-3
D116		2.2593588794625072E-2
D117		6.4437264894000659E-2
D118		0.13175938051585717
D119		0.22357913511359112
D12		Z
D120		0.33649440300632005
D121		0.46606975364876929
D122		0.60838852132323629
D123		0.76167374262179965
D124		0.92457702556510846
D125		1.0948505015278331
D126		1.2704288902807037
D127		1.4508311435973353
D128		1.6358329271764505
D129		1.8243984830799598
D13		0
D130		2.0153649148778681
D131		
D132		20
D133	C133+$W$76/20	1.6175000000000002
D134		0
D135		1.9611541308432507E-6
D136		6.2756932186984029E-6
D137		-1.0590232306553551E-5
D138		-5.0205545749587209E-5
D139		6.1580239708478087E-5
D14		0.19999999999999998
D140		2.9495758127882498E-4
D141		-3.0240996697602953E-4
D142		-1.5061663724876178E-3
D143		2.5327164351192843E-3
D144		2.163546318966009E-2
D145		6.5755383215661725E-2
D146		0.14338450074968206
D147		0.25834819158173433
D148		0.41094002998728391
D149		0.59894736825997841
D15		0.39999999999999997
D150		0.81964787412932494
D151		1.0726461102649509
D152		1.3578016646738409
D153		1.6728558603076542
D154		2.0152868743001386
D155		2.3851392820844959
D156		2.782935351781207
D157		3.2072239610497446
D158		3.6560255901611347
D159		
D16		0.6
D160		
D161		20
D162	C162+$W$76/20	1.6175000000000002
D163		0
D164		3.692280503926605E-9
D165		1.476912201570642E-8
D166		4.0615085543192641E-8
D167		1.4769122015706415E-7
D168		5.206115510536514E-7
D169		1.9347549840575413E-6
D17		0.79999999999999993
D170		7.1741010191294013E-6
D171		2.6761649092460062E-5
D172		2.1326789346835307E-4
D173		2.326309924780954E-3
D174		1.1340770400213158E-2
D175		3.420343834273832E-2
D176		7.6634325176482943E-2
D177		0.1404738623631934
D178		0.22457789290082539
D179		0.32585770924010798
D18		0.99999999999999989
D180		0.44343523575706167
D181		0.5760982337881384
D182		0.72113674720490351
D183		0.87523375503147482
D184		1.038020122392372
D185		1.2091017345380117
D186		1.3869444117652852
D187		1.569234245856461
D188		
D189		
D19		1.2
D190		20
D191	C191+$W$76/20	1.6175000000000002
D192		0
D193	D192+IF(AND(D77=0,D78=0),0,SQRT((D78-D77)^2+($B78-$B77)^2))	0.10000110767801643
D194		0.20000221535603285
D195		0.30001218401652252
D196		0.40002215267701213
D197		0.50015609275957607
D198		0.60029003284214
D199		0.70213502983082887
D20		1.4
D200		0.80398002681951763
D201		0.95228115336725283
D202		1.1674208203851903
D203		1.4308802357109969
D204		1.7059573623765472
D205		1.9572263226984918
D206		2.1714818914274159
D207		2.3469678964367926
D208		2.4999655320988436
D209		2.6441809059356718
D21		1.5999999999999999
D210		2.7761310365212855
D211		2.8934707464424605
D212		3.0046599129275688
D213		3.1155964149529045
D214		3.2240466693203294
D215		3.3281639817710933
D216		3.4303472679577625
D217		
D218		
D219		
D22		1.7999999999999998
D220		4
D221		4
D222		20
D223	C223+$W$76/20	1.6175000000000002
D224		0.67030757843193078
D225		9.4913517764618816E-2
D226		0.10038129229416956
D227		2.1041078438089118E-2
D228		1.5669665851263042
D229		-13.629886877033769
D23		1.9999999999999998
D234		m3
D235		m3
D236		
D237		
D238		
D239		
D24		2.1999999999999997
D240		
D241		
D242		
D243		m2
D244		
D245		
D246		
D247		m2
D248		
D25		2.4
D254		from AP
D255		from midships as a proportion of LWL/2
D257	C251+C257	44.261555272860519
D26		
D260		from AP
D261		from midships as a proportion of LWL/2
D265		m2
D266		4
D267		4
D268		20
D269	D223	1.6175000000000002
D27		
D270	Interpolate($B$192:$B$216,D192:D216,$C$264)	3.4303472679577629
D28		
D29		
D30		
D31		
D32		
D33		
D34		
D35		
D36		
D37		
D38		
D39		
D40		13
D44	C44-1	20
D45	E11	1.6175000000000002
D46	IF('Basis Hull'!E$11="",0,CUBIC('Basis Hull'!$D$13:$D$39,'Basis Hull'!$E$13:$E$39,$B46))	0
D47	IF('Basis Hull'!E$11="",0,CUBIC('Basis Hull'!$D$13:$D$39,'Basis Hull'!$E$13:$E$39,$B47))	4.7067699140238023E-4
D48	IF('Basis Hull'!E$11="",0,CUBIC('Basis Hull'!$D$13:$D$39,'Basis Hull'!$E$13:$E$39,$B48))	0
D49	IF('Basis Hull'!E$11="",0,CUBIC('Basis Hull'!$D$13:$D$39,'Basis Hull'!$E$13:$E$39,$B49))	-1.4120309742071404E-3
D50	IF('Basis Hull'!E$11="",0,CUBIC('Basis Hull'!$D$13:$D$39,'Basis Hull'!$E$13:$E$39,$B50))	0
D51	IF('Basis Hull'!E$11="",0,CUBIC('Basis Hull'!$D$13:$D$39,'Basis Hull'!$E$13:$E$39,$B51))	5.1774469054261833E-3
D52	IF('Basis Hull'!E$11="",0,CUBIC('Basis Hull'!$D$13:$D$39,'Basis Hull'!$E$13:$E$39,$B52))	0
D53	IF('Basis Hull'!E$11="",0,CUBIC('Basis Hull'!$D$13:$D$39,'Basis Hull'!$E$13:$E$39,$B53))	-1.92977566474976E-2
D54	IF('Basis Hull'!E$11="",0,CUBIC('Basis Hull'!$D$13:$D$39,'Basis Hull'!$E$13:$E$39,$B54))	0
D55	IF('Basis Hull'!E$11="",0,CUBIC('Basis Hull'!$D$13:$D$39,'Basis Hull'!$E$13:$E$39,$B55))	0.10951357968456416
D56	IF('Basis Hull'!E$11="",0,CUBIC('Basis Hull'!$D$13:$D$39,'Basis Hull'!$E$13:$E$39,$B56))	0.30000000000000021
D57	IF('Basis Hull'!E$11="",0,CUBIC('Basis Hull'!$D$13:$D$39,'Basis Hull'!$E$13:$E$39,$B57))	0.54374343790924085
D58	IF('Basis Hull'!E$11="",0,CUBIC('Basis Hull'!$D$13:$D$39,'Basis Hull'!$E$13:$E$39,$B58))	0.8
D59	IF('Basis Hull'!E$11="",0,CUBIC('Basis Hull'!$D$13:$D$39,'Basis Hull'!$E$13:$E$39,$B59))	1.030512668678472
D60	IF('Basis Hull'!E$11="",0,CUBIC('Basis Hull'!$D$13:$D$39,'Basis Hull'!$E$13:$E$39,$B60))	1.2200000000000002
D61	IF('Basis Hull'!E$11="",0,CUBIC('Basis Hull'!$D$13:$D$39,'Basis Hull'!$E$13:$E$39,$B61))	1.3642058873768719
D62	IF('Basis Hull'!E$11="",0,CUBIC('Basis Hull'!$D$13:$D$39,'Basis Hull'!$E$13:$E$39,$B62))	1.48
D63	IF('Basis Hull'!E$11="",0,CUBIC('Basis Hull'!$D$13:$D$39,'Basis Hull'!$E$13:$E$39,$B63))	1.583913781814041
D64	IF('Basis Hull'!E$11="",0,CUBIC('Basis Hull'!$D$13:$D$39,'Basis Hull'!$E$13:$E$39,$B64))	1.67
D65	IF('Basis Hull'!E$11="",0,CUBIC('Basis Hull'!$D$13:$D$39,'Basis Hull'!$E$13:$E$39,$B65))	1.7313889853669646
D66	IF('Basis Hull'!E$11="",0,CUBIC('Basis Hull'!$D$13:$D$39,'Basis Hull'!$E$13:$E$39,$B66))	1.78
D67	IF('Basis Hull'!E$11="",0,CUBIC('Basis Hull'!$D$13:$D$39,'Basis Hull'!$E$13:$E$39,$B67))	1.8280302767181007
D68	IF('Basis Hull'!E$11="",0,CUBIC('Basis Hull'!$D$13:$D$39,'Basis Hull'!$E$13:$E$39,$B68))	1.87
D69	IF('Basis Hull'!E$11="",0,CUBIC('Basis Hull'!$D$13:$D$39,'Basis Hull'!$E$13:$E$39,$B69))	1.8989899077606331
D70	IF('Basis Hull'!E$11="",0,CUBIC('Basis Hull'!$D$13:$D$39,'Basis Hull'!$E$13:$E$39,$B70))	1.92
D71		
D75	C75-1	20
D76	C76+$W$76/20	1.6175000000000002
D77		0
D78		4.7067699140238023E-4
D79		0
D80		-1.4120309742071404E-3
D81		0
D82		5.1774469054261833E-3
D83		0
D84		-1.92977566474976E-2
D85		0
D86		0.10951357968456416
D87		0.30000000000000021
D88		0.54374343790924085
D89		0.8
D9		
D90		1.030512668678472
D91		1.2200000000000002
D92		1.3642058873768719
D93		1.48
D94		1.583913781814041
D95		1.67
D96		1.7313889853669646
D97		1.78
D98		1.8280302767181007
D99		1.87
E10		20
E100		2.1256605728306668
E101		2.145
E102		
E103		
E104		19
E105		3.2350000000000003
E106		0
E107		3.5224086147013568E-5
E108		7.0448172294027136E-5
E109		0
E11	E5/20	1.6175000000000002
E110		-1.408963445880543E-4
E111		4.3256301125472113E-4
E112		4.1340335506462452E-3
E113		1.6654201719049522E-2
E114		4.4745658486591164E-2
E115		9.4418417209948965E-2
E116		0.16952422884757734
E117		0.26980658320522316
E118		0.39229832246768781
E119		0.53203137039989379
E12		Y
E120		0.68442337762625982
E121		0.84774405562593724
E122		1.0211490633718614
E123		1.2031685275270929
E124		1.3921212652308832
E125		1.5868412880297595
E126		1.7865067720491945
E127		1.9907257741179374
E128		2.1989925429169279
E129		2.4103692359292261
E13		0
E130		2.6239139526276833
E131		
E132		19
E133		3.2350000000000003
E134		0
E135		2.2015053841883472E-6
E136		7.0448172294027129E-6
E137		-1.1888129074617082E-5
E138		-5.6358537835221717E-5
E139		2.1496060239684756E-4
E14		0
E140		2.3144397431152618E-3
E141		1.0539694536424829E-2
E142		3.1775910531610031E-2
E143		7.4180240564770406E-2
E144		0.14574329052316423
E145		0.25123496130818934
E146		0.39226146017195235
E147		0.56705514664692225
E148		0.77289069854476256
E149		1.0097845883947256
E15		0
E150		1.2786458938298315
E151		1.5790365730060771
E152		1.9097653036568354
E153		2.2700328745348592
E154		2.65943109994496
E155		3.0781043533124506
E156		3.5259178854338664
E157		4.0015266936016953
E158		4.5033871277686046
E159		
E16		0
E160		
E161		19
E162		3.2350000000000003
E163		0
E164		4.6527609183458736E-9
E165		1.8611043673383491E-8
E166		5.1180370101804623E-8
E167		1.86110436733835E-7
E168		3.6272401019784661E-6
E169		9.5989516637846699E-5
E17		0
E170		9.4878621527055211E-4
E171		5.0441553444443609E-3
E172		1.7614434484626202E-2
E173		4.605358259406047E-2
E174		9.6601881663260461E-2
E175		0.17174727739231457
E176		0.2695148714760191
E177		0.38565887517842845
E178		0.51910305264176404
E179		0.66945333538862761
E18		0.3
E180		0.83516719715703769
E181		1.0136687865728564
E182		1.2032910613881509
E183		1.4026021256464141
E184		1.611166456045092
E185		1.8280170318672879
E186		2.0514507304484235
E187		2.2794296399264078
E188		
E189		
E19		0.8
E190		19
E191		3.2350000000000003
E192		0
E193	E192+IF(AND(E77=0,E78=0),0,SQRT((E78-E77)^2+($B78-$B77)^2))	0.10000139581853396
E194		0.20000279163706791
E195		0.30001535330257023
E196		0.40002791496807255
E197		0.50108260854049747
E198		0.6154214676524401
E199		0.77323553937722511
E20		1.22
E200		0.98609987477000927
E201		1.2468747924415911
E202		1.5246593852094843
E203		1.7854032944161105
E204		2.0082897415043632
E205		2.1852017949433042
E206		2.3368927951165244
E207		2.4822136504065662
E208		2.6198402966107976
E209		2.7462285006788552
E21		1.48
E210		2.8642638946232273
E211		2.9773898851647482
E212		3.0879305089576929
E213		3.1970393354603486
E214		3.3034433343490486
E215		3.406683176454691
E216		3.5085360774601999
E217		
E218		Z=
E219		Interval
E22		1.67
E220		2
E221		2
E222		19
E223		3.2350000000000003
E224		1.2256042766131214
E225		0.32827627972335316
E226		0.3173063572302286
E227		0.13109994244530576
E228		1.9015787007250338
E229		-12.012386877033769
E23		1.78
E230		
E231		
E232		
E233		
E234		moulded
E235		
E236		Extreme
E237		
E238		
E239		
E24		1.87
E240		
E241		
E242		
E243		
E244		
E245		
E25		1.92
E26		
E266		2
E267		2
E268		19
E269	E223	3.2350000000000003
E27		
E270	Interpolate($B$192:$B$216,E192:E216,$C$264)	3.5085360774601999
E28		
E29		
E3		Olympias (outside of planking assumes ram structure included in hydros)
E30		
E31		
E32		
E33		
E34		
E35		
E36		
E37		
E38		
E39		
E4		37
E40		13
E41	Interpolate($C$223:$W$223,$C$225:$W$225,E11)	9.4913517764618816E-2
E44		19
E45	G11	3.2350000000000003
E46	IF('Basis Hull'!G$11="",0,CUBIC('Basis Hull'!$F$13:$F$39,'Basis Hull'!$G$13:$G$39,$B46))	0
E47	IF('Basis Hull'!G$11="",0,CUBIC('Basis Hull'!$F$13:$F$39,'Basis Hull'!$G$13:$G$39,$B47))	5.2836129220520348E-4
E48	IF('Basis Hull'!G$11="",0,CUBIC('Basis Hull'!$F$13:$F$39,'Basis Hull'!$G$13:$G$39,$B48))	0
E49	IF('Basis Hull'!G$11="",0,CUBIC('Basis Hull'!$F$13:$F$39,'Basis Hull'!$G$13:$G$39,$B49))	-1.5850838766156108E-3
E5		32.35
E50	IF('Basis Hull'!G$11="",0,CUBIC('Basis Hull'!$F$13:$F$39,'Basis Hull'!$G$13:$G$39,$B50))	0
E51	IF('Basis Hull'!G$11="",0,CUBIC('Basis Hull'!$F$13:$F$39,'Basis Hull'!$G$13:$G$39,$B51))	1.4561974214257246E-2
E52	IF('Basis Hull'!G$11="",0,CUBIC('Basis Hull'!$F$13:$F$39,'Basis Hull'!$G$13:$G$39,$B52))	7.0000000000000007E-2
E53	IF('Basis Hull'!G$11="",0,CUBIC('Basis Hull'!$F$13:$F$39,'Basis Hull'!$G$13:$G$39,$B53))	0.19208718701958682
E54	IF('Basis Hull'!G$11="",0,CUBIC('Basis Hull'!$F$13:$F$39,'Basis Hull'!$G$13:$G$39,$B54))	0.38
E55	IF('Basis Hull'!G$11="",0,CUBIC('Basis Hull'!$F$13:$F$39,'Basis Hull'!$G$13:$G$39,$B55))	0.62083927770739622
E56	IF('Basis Hull'!G$11="",0,CUBIC('Basis Hull'!$F$13:$F$39,'Basis Hull'!$G$13:$G$39,$B56))	0.88000000000000034
E57	IF('Basis Hull'!G$11="",0,CUBIC('Basis Hull'!$F$13:$F$39,'Basis Hull'!$G$13:$G$39,$B57))	1.1208057021508284
E58	IF('Basis Hull'!G$11="",0,CUBIC('Basis Hull'!$F$13:$F$39,'Basis Hull'!$G$13:$G$39,$B58))	1.32
E59	IF('Basis Hull'!G$11="",0,CUBIC('Basis Hull'!$F$13:$F$39,'Basis Hull'!$G$13:$G$39,$B59))	1.4659379136892901
E6		3.7
E60	IF('Basis Hull'!G$11="",0,CUBIC('Basis Hull'!$F$13:$F$39,'Basis Hull'!$G$13:$G$39,$B60))	1.5800000000000003
E61	IF('Basis Hull'!G$11="",0,CUBIC('Basis Hull'!$F$13:$F$39,'Basis Hull'!$G$13:$G$39,$B61))	1.6854426430920117
E62	IF('Basis Hull'!G$11="",0,CUBIC('Basis Hull'!$F$13:$F$39,'Basis Hull'!$G$13:$G$39,$B62))	1.78
E63	IF('Basis Hull'!G$11="",0,CUBIC('Basis Hull'!$F$13:$F$39,'Basis Hull'!$G$13:$G$39,$B63))	1.8572915139426636
E64	IF('Basis Hull'!G$11="",0,CUBIC('Basis Hull'!$F$13:$F$39,'Basis Hull'!$G$13:$G$39,$B64))	1.92
E65	IF('Basis Hull'!G$11="",0,CUBIC('Basis Hull'!$F$13:$F$39,'Basis Hull'!$G$13:$G$39,$B65))	1.9728913011373344
E66	IF('Basis Hull'!G$11="",0,CUBIC('Basis Hull'!$F$13:$F$39,'Basis Hull'!$G$13:$G$39,$B66))	2.02
E67	IF('Basis Hull'!G$11="",0,CUBIC('Basis Hull'!$F$13:$F$39,'Basis Hull'!$G$13:$G$39,$B67))	2.0636432815080004
E68	IF('Basis Hull'!G$11="",0,CUBIC('Basis Hull'!$F$13:$F$39,'Basis Hull'!$G$13:$G$39,$B68))	2.1
E69	IF('Basis Hull'!G$11="",0,CUBIC('Basis Hull'!$F$13:$F$39,'Basis Hull'!$G$13:$G$39,$B69))	2.1256605728306668
E7		2.4
E70	IF('Basis Hull'!G$11="",0,CUBIC('Basis Hull'!$F$13:$F$39,'Basis Hull'!$G$13:$G$39,$B70))	2.145
E71		
E75		19
E76		3.2350000000000003
E77		0
E78		5.2836129220520348E-4
E79		0
E8	21-COUNTBLANK(B11:AQ11)	21
E80		-1.5850838766156108E-3
E81		0
E82		1.4561974214257246E-2
E83		7.0000000000000007E-2
E84		0.19208718701958682
E85		0.38
E86		0.62083927770739622
E87		0.88000000000000034
E88		1.1208057021508284
E89		1.32
E9		
E90		1.4659379136892901
E91		1.5800000000000003
E92		1.6854426430920117
E93		1.78
E94		1.8572915139426636
E95		1.92
E96		1.9728913011373344
E97		2.02
E98		2.0636432815080004
E99		2.1
F10		Number:
F100		2.2063564951887491
F101		2.2200000000000002
F102		
F103		
F104		18
F105		4.8525000000000009
F106		0
F107		-5.095669874167286E-4
F108		-1.0191339748334572E-3
F109		4.1666666666666707E-4
F11		X  =
F110		7.0382679496669171E-3
F111		2.1503398716999751E-2
F112		4.8327794226498896E-2
F113		9.3855236861584007E-2
F114		0.16411228719467064
F115		0.25948615223291394
F116		0.37818478904515174
F117		0.51611065260301014
F118		0.66961028867505545
F119		0.83519006908462878
F12		Z
F120		1.0108357883049592
F121		1.1948312361213917
F122		1.3865082901554404
F123		1.5844788181593883
F124		1.7880927831236122
F125		1.9962473229706392
F126		2.2085823094004442
F127		2.4239840550209721
F128		2.6420397113249448
F129		2.8618102886750556
F13		0
F130		3.0832205773501111
F131		
F132		18
F133		4.8525000000000009
F134		0
F135		-3.1847936713545538E-5
F136		-1.0191339748334571E-4
F137		2.96978858253146E-4
F138		2.6486405132000999E-3
F139		9.2708081205280044E-3
F14		0.19999999999999998
F140		2.412673698494942E-2
F141		5.3935951841228721E-2
F142		0.10677588206266965
F143		0.18811455102701702
F144		0.30097446706143599
F145		0.44603120967493215
F146		0.62257584998766347
F147		0.82974650945287443
F148		1.066835666173205
F149		1.3338136516931902
F15		0.39999999999999997
F150		1.6308444189489268
F151		1.9576809160652602
F152		2.3139047236614854
F153		2.6991785172248948
F154		3.1131014902541327
F155		3.5548678448834194
F156		4.0235287009622507
F157		4.5182119788582531
F158		5.0383446928201341
F159		
F16		0.6
F160		
F161		18
F162		4.8525000000000009
F163		0
F164		9.7371942999360179E-7
F165		3.894877719974408E-6
F166		2.2869461410659965E-5
F167		2.542496345893321E-4
F168		1.3584011429969734E-3
F169		5.054354937398562E-3
F17		0.79999999999999993
F170		1.5652491873449689E-2
F171		4.049561255640019E-2
F172		8.6338546078502831E-2
F173		0.15683190509094447
F174		0.25224059631136792
F175		0.36996214682119372
F176		0.50727831873706497
F177		0.66138446146039942
F178		0.83087663996518057
F179		1.0143970984003223
F18		0.99999999999999989
F180		1.210579763247152
F181		1.4176736212549519
F182		1.6345373699148733
F183		1.8597558584045415
F184		2.0919694441343943
F185		2.3294902514663702
F186		2.5712111087975447
F187		2.816099183723809
F188		
F189		
F19		1.2
F190		18
F191		4.8525000000000009
F192		0
F193	F192+IF(AND(F77=0,F78=0),0,SQRT((F78-F77)^2+($B78-$B77)^2))	0.1002916904125143
F194		0.20058338082502861
F195		0.30667448013614129
F196		0.42570900649841065
F197		0.56514461933419402
F198		0.74778242097659919
F199		0.99252775025199691
F20		1.4
F200		1.2679400354378363
F201		1.5330659300231706
F202		1.7696911129842285
F203		1.9696791329131755
F204		2.139138965428284
F205		2.2872022237687428
F206		2.4222808289609872
F207		2.5503706573465945
F208		2.672411121833878
F209		2.7887142752753058
F21		1.5999999999999999
F210		2.9007946486817899
F211		3.0099147444008318
F212		3.1163091228121669
F213		3.2202720688601114
F214		3.3225718377141633
F215		3.4239006832363521
F216		3.524827117947654
F217		
F218	I5	1.1499999999999999
F219	D223	1.6175000000000002
F22		1.7999999999999998
F220		4
F221		4
F222		18
F223		4.8525000000000009
F224		1.5361434354182086
F225		0.59091374907475958
F226		0.53036754261889341
F227		0.30831226415510554
F228		2.0582250725974598
F229		-10.394886877033768
F23		1.9999999999999998
F230		
F231		
F232		
F233		
F234		
F235		
F236		
F237		
F238		
F239		
F24		2.1999999999999997
F240		
F241		
F242		
F243		
F244		
F245		
F25		2.4
F26		
F266		4
F267		4
F268		18
F269		4.8525000000000009
F27		
F270		3.5248271179476545
F28		
F29		
F30		
F31		
F32		
F33		
F34		
F35		
F36		
F37		
F38		
F39		
F4		m
F40		13
F44		18
F45	I11	4.8525000000000009
F46	IF('Basis Hull'!I$11="",0,CUBIC('Basis Hull'!$H$13:$H$39,'Basis Hull'!$I$13:$I$39,$B46))	0
F47	IF('Basis Hull'!I$11="",0,CUBIC('Basis Hull'!$H$13:$H$39,'Basis Hull'!$I$13:$I$39,$B47))	-7.6435048112509299E-3
F48	IF('Basis Hull'!I$11="",0,CUBIC('Basis Hull'!$H$13:$H$39,'Basis Hull'!$I$13:$I$39,$B48))	0
F49	IF('Basis Hull'!I$11="",0,CUBIC('Basis Hull'!$H$13:$H$39,'Basis Hull'!$I$13:$I$39,$B49))	3.5430514433752801E-2
F5		m
F50	IF('Basis Hull'!I$11="",0,CUBIC('Basis Hull'!$H$13:$H$39,'Basis Hull'!$I$13:$I$39,$B50))	0.1
F51	IF('Basis Hull'!I$11="",0,CUBIC('Basis Hull'!$H$13:$H$39,'Basis Hull'!$I$13:$I$39,$B51))	0.19717144707623982
F52	IF('Basis Hull'!I$11="",0,CUBIC('Basis Hull'!$H$13:$H$39,'Basis Hull'!$I$13:$I$39,$B52))	0.35
F53	IF('Basis Hull'!I$11="",0,CUBIC('Basis Hull'!$H$13:$H$39,'Basis Hull'!$I$13:$I$39,$B53))	0.57338369726128813
F54	IF('Basis Hull'!I$11="",0,CUBIC('Basis Hull'!$H$13:$H$39,'Basis Hull'!$I$13:$I$39,$B54))	0.83
F55	IF('Basis Hull'!I$11="",0,CUBIC('Basis Hull'!$H$13:$H$39,'Basis Hull'!$I$13:$I$39,$B55))	1.0755437638786085
F56	IF('Basis Hull'!I$11="",0,CUBIC('Basis Hull'!$H$13:$H$39,'Basis Hull'!$I$13:$I$39,$B56))	1.2900000000000003
F57	IF('Basis Hull'!I$11="",0,CUBIC('Basis Hull'!$H$13:$H$39,'Basis Hull'!$I$13:$I$39,$B57))	1.4631912472242781
F58	IF('Basis Hull'!I$11="",0,CUBIC('Basis Hull'!$H$13:$H$39,'Basis Hull'!$I$13:$I$39,$B58))	1.6
F59	IF('Basis Hull'!I$11="",0,CUBIC('Basis Hull'!$H$13:$H$39,'Basis Hull'!$I$13:$I$39,$B59))	1.7091912472242785
F6		m
F60	IF('Basis Hull'!I$11="",0,CUBIC('Basis Hull'!$H$13:$H$39,'Basis Hull'!$I$13:$I$39,$B60))	1.8000000000000003
F61	IF('Basis Hull'!I$11="",0,CUBIC('Basis Hull'!$H$13:$H$39,'Basis Hull'!$I$13:$I$39,$B61))	1.8800437638786085
F62	IF('Basis Hull'!I$11="",0,CUBIC('Basis Hull'!$H$13:$H$39,'Basis Hull'!$I$13:$I$39,$B62))	1.95
F63	IF('Basis Hull'!I$11="",0,CUBIC('Basis Hull'!$H$13:$H$39,'Basis Hull'!$I$13:$I$39,$B63))	2.009383697261288
F64	IF('Basis Hull'!I$11="",0,CUBIC('Basis Hull'!$H$13:$H$39,'Basis Hull'!$I$13:$I$39,$B64))	2.06
F65	IF('Basis Hull'!I$11="",0,CUBIC('Basis Hull'!$H$13:$H$39,'Basis Hull'!$I$13:$I$39,$B65))	2.1036714470762403
F66	IF('Basis Hull'!I$11="",0,CUBIC('Basis Hull'!$H$13:$H$39,'Basis Hull'!$I$13:$I$39,$B66))	2.14
F67	IF('Basis Hull'!I$11="",0,CUBIC('Basis Hull'!$H$13:$H$39,'Basis Hull'!$I$13:$I$39,$B67))	2.1684305144337528
F68	IF('Basis Hull'!I$11="",0,CUBIC('Basis Hull'!$H$13:$H$39,'Basis Hull'!$I$13:$I$39,$B68))	2.19
F69	IF('Basis Hull'!I$11="",0,CUBIC('Basis Hull'!$H$13:$H$39,'Basis Hull'!$I$13:$I$39,$B69))	2.2063564951887491
F7		m
F70	IF('Basis Hull'!I$11="",0,CUBIC('Basis Hull'!$H$13:$H$39,'Basis Hull'!$I$13:$I$39,$B70))	2.2200000000000002
F71		
F75		18
F76		4.8525000000000009
F77		0
F78		-7.6435048112509299E-3
F79		0
F80		3.5430514433752801E-2
F81		0.1
F82		0.19717144707623982
F83		0.35
F84		0.57338369726128813
F85		0.83
F86		1.0755437638786085
F87		1.2900000000000003
F88		1.4631912472242781
F89		1.6
F9		SECTION NUMBER:
F90		1.7091912472242785
F91		1.8000000000000003
F92		1.8800437638786085
F93		1.95
F94		2.009383697261288
F95		2.06
F96		2.1036714470762403
F97		2.14
F98		2.1684305144337528
F99		2.19
G10		19
G100		2.2476560347036383
G101		2.25
G102		
G103		
G104		17
G105		6.4700000000000006
G106		0
G107		2.2174535956271703E-3
G108		8.1849071912543404E-3
G109		1.6999999999999998E-2
G11	E11+$E$5/20	3.2350000000000003
G110		3.0130185617491315E-2
G111		5.6515647715842013E-2
G112		0.10541416472128907
G113		0.18112884378143446
G114		0.28358296987986109
G115		0.40968124513655602
G116		0.55462377014177533
G117		0.71435844365047729
G118		0.88529176393554632
G119		1.0659722482396705
G12		Y
G120		1.255078988498548
G121		1.4515064980356431
G122		1.6537620964527699
G123		1.8612973609292263
G124		2.0732424400728804
G125		2.289016326225588
G126		2.5076379576382166
G127		2.728891268813225
G128		2.9520755437567612
G129		3.1765891998329825
G13		0
G130		3.4014296817172465
G131		
G132		17
G133		6.4700000000000006
G134		0
G135		1.4640334972669812E-4
G136		1.068490719125434E-3
G137		3.2969219114758292E-3
G138		8.0020742469965253E-3
G139		1.9982481848084988E-2
G14		0
G140		4.7110730465562065E-2
G141		9.6514186805476479E-2
G142		0.17359556074322913
G143		0.28091957443382393
G144		0.41879894764561854
G145		0.58657911945270835
G146		0.78330040748543328
G147		1.0091603323956377
G148		1.2645904660840022
G149		1.5493890125281133
G15		0
G150		1.8630151280153351
G151		2.2053993240494933
G152		2.5764317121695228
G153		2.9755413409315752
G154		3.4019831955436617
G155		3.8554589444873457
G156		4.3354354597259395
G157		4.8404756398601938
G158		5.3689833103683888
G159		
G16		7.0000000000000007E-2
G160		
G161		17
G162		6.4700000000000006
G163		0
G164		3.0298284162351859E-5
G165		2.1494313664940747E-4
G166		6.0507361078629765E-4
G167		1.526601306495783E-3
G168		5.1504660300694116E-3
G169		1.7336929480448529E-2
G17		0.38
G170		4.6306676938796691E-2
G171		9.9039778274738227E-2
G172		0.17874097578720369
G173		0.28391245820740979
G174		0.41154396653364994
G175		0.55771007459385658
G176		0.72093705894980176
G177		0.89980816120535034
G178		1.0927031142815979
G179		1.2972992959210412
G18		0.88
G180		1.5126139442409223
G181		1.7372764810426478
G182		1.9700192054575294
G183		2.2090553407874691
G184		2.453765293536871
G185		2.7028808333600134
G186		2.9548542941856688
G187		3.2076796767159923
G188		
G189		
G19		1.32
G190		17
G191		6.4700000000000006
G192		0
G193	G192+IF(AND(G77=0,G78=0),0,SQRT((G78-G77)^2+($B78-$B77)^2))	0.10871015154869904
G194		0.21381665210684708
G195		0.31710113457240935
G196		0.44464081779632125
G197		0.65461267074103691
G198		0.92886422851960648
G199		1.2203223626308815
G20		1.58
G200		1.4953784349670114
G201		1.730509025218586
G202		1.9253264602164391
G203		2.0873720964725822
G204		2.2305650070552936
G205		2.3657077860305709
G206		2.4932073863182036
G207		2.6125432378492408
G208		2.7266109858897729
G209		2.837796463834072
G21		1.78
G210		2.9460265272109041
G211		3.0513203177449566
G212		3.1549099722294955
G213		3.257584441676336
G214		3.358972286140371
G215		3.4592649322685061
G216		3.5592923993628527
G217		
G218		m
G219		m
G22		1.92
G220		2
G221		2
G222		17
G223		6.4700000000000006
G224		1.711882465089962
G225		0.79842527294596599
G226		0.68132212394086644
G227		0.4823101955970075
G228		2.161325142473117
G229		-8.7773868770337682
G23		2.02
G230		
G231		
G232		
G233		
G234		
G235		
G236		
G237		
G238		
G239		
G24		2.1
G240		
G241		
G242		
G243		
G244		
G245		
G25		2.145
G26		
G266		2
G267		2
G268		17
G269		6.4700000000000006
G27		
G270		3.5592923993628527
G28		
G29		
G30		
G31		
G32		
G33		
G34		
G35		
G36		
G37		
G38		
G39		
G40		13
G41	Interpolate($C$223:$W$223,$C$225:$W$225,G11)	0.32827627972335316
G44		17
G45	K11	6.4700000000000006
G46	IF('Basis Hull'!K$11="",0,CUBIC('Basis Hull'!$J$13:$J$39,'Basis Hull'!$K$13:$K$39,$B46))	0
G47	IF('Basis Hull'!K$11="",0,CUBIC('Basis Hull'!$J$13:$J$39,'Basis Hull'!$K$13:$K$39,$B47))	4.2636803934407559E-2
G48	IF('Basis Hull'!K$11="",0,CUBIC('Basis Hull'!$J$13:$J$39,'Basis Hull'!$K$13:$K$39,$B48))	7.4999999999999997E-2
G49	IF('Basis Hull'!K$11="",0,CUBIC('Basis Hull'!$J$13:$J$39,'Basis Hull'!$K$13:$K$39,$B49))	0.10083958819677732
G5		Design Draught
G50	IF('Basis Hull'!K$11="",0,CUBIC('Basis Hull'!$J$13:$J$39,'Basis Hull'!$K$13:$K$39,$B50))	0.18
G51	IF('Basis Hull'!K$11="",0,CUBIC('Basis Hull'!$J$13:$J$39,'Basis Hull'!$K$13:$K$39,$B51))	0.36462984327848319
G52	IF('Basis Hull'!K$11="",0,CUBIC('Basis Hull'!$J$13:$J$39,'Basis Hull'!$K$13:$K$39,$B52))	0.62
G53	IF('Basis Hull'!K$11="",0,CUBIC('Basis Hull'!$J$13:$J$39,'Basis Hull'!$K$13:$K$39,$B53))	0.89376603868929017
G54	IF('Basis Hull'!K$11="",0,CUBIC('Basis Hull'!$J$13:$J$39,'Basis Hull'!$K$13:$K$39,$B54))	1.1499999999999999
G55	IF('Basis Hull'!K$11="",0,CUBIC('Basis Hull'!$J$13:$J$39,'Basis Hull'!$K$13:$K$39,$B55))	1.3628060019643566
G56	IF('Basis Hull'!K$11="",0,CUBIC('Basis Hull'!$J$13:$J$39,'Basis Hull'!$K$13:$K$39,$B56))	1.53
G57	IF('Basis Hull'!K$11="",0,CUBIC('Basis Hull'!$J$13:$J$39,'Basis Hull'!$K$13:$K$39,$B57))	1.6575099534532824
G58	IF('Basis Hull'!K$11="",0,CUBIC('Basis Hull'!$J$13:$J$39,'Basis Hull'!$K$13:$K$39,$B58))	1.76
G59	IF('Basis Hull'!K$11="",0,CUBIC('Basis Hull'!$J$13:$J$39,'Basis Hull'!$K$13:$K$39,$B59))	1.8509041842225133
G6		L/D
G60	IF('Basis Hull'!K$11="",0,CUBIC('Basis Hull'!$J$13:$J$39,'Basis Hull'!$K$13:$K$39,$B60))	1.93
G61	IF('Basis Hull'!K$11="",0,CUBIC('Basis Hull'!$J$13:$J$39,'Basis Hull'!$K$13:$K$39,$B61))	1.9951233096566643
G62	IF('Basis Hull'!K$11="",0,CUBIC('Basis Hull'!$J$13:$J$39,'Basis Hull'!$K$13:$K$39,$B62))	2.0499999999999998
G63	IF('Basis Hull'!K$11="",0,CUBIC('Basis Hull'!$J$13:$J$39,'Basis Hull'!$K$13:$K$39,$B63))	2.0986025771508281
G64	IF('Basis Hull'!K$11="",0,CUBIC('Basis Hull'!$J$13:$J$39,'Basis Hull'!$K$13:$K$39,$B64))	2.14
G65	IF('Basis Hull'!K$11="",0,CUBIC('Basis Hull'!$J$13:$J$39,'Basis Hull'!$K$13:$K$39,$B65))	2.172966381740022
G66	IF('Basis Hull'!K$11="",0,CUBIC('Basis Hull'!$J$13:$J$39,'Basis Hull'!$K$13:$K$39,$B66))	2.2000000000000002
G67	IF('Basis Hull'!K$11="",0,CUBIC('Basis Hull'!$J$13:$J$39,'Basis Hull'!$K$13:$K$39,$B67))	2.2232818958890852
G68	IF('Basis Hull'!K$11="",0,CUBIC('Basis Hull'!$J$13:$J$39,'Basis Hull'!$K$13:$K$39,$B68))	2.2400000000000002
G69	IF('Basis Hull'!K$11="",0,CUBIC('Basis Hull'!$J$13:$J$39,'Basis Hull'!$K$13:$K$39,$B69))	2.2476560347036383
G7		Water Density
G70	IF('Basis Hull'!K$11="",0,CUBIC('Basis Hull'!$J$13:$J$39,'Basis Hull'!$K$13:$K$39,$B70))	2.25
G71		
G75		17
G76		6.4700000000000006
G77		0
G78		4.2636803934407559E-2
G79		7.4999999999999997E-2
G80		0.10083958819677732
G81		0.18
G82		0.36462984327848319
G83		0.62
G84		0.89376603868929017
G85		1.1499999999999999
G86		1.3628060019643566
G87		1.53
G88		1.6575099534532824
G89		1.76
G9		
G90		1.8509041842225133
G91		1.93
G92		1.9951233096566643
G93		2.0499999999999998
G94		2.0986025771508281
G95		2.14
G96		2.172966381740022
G97		2.2000000000000002
G98		2.2232818958890852
G99		2.2400000000000002
H10		Number:
H100		2.2477598893981665
H101		2.25
H102		
H103		
H104		16
H105		8.0875000000000004
H106		0
H107		8.1737362162880283E-3
H108		1.6847472432576057E-2
H109		2.6749999999999996E-2
H11		X  =
H110		4.2305055134847884E-2
H111		7.5236611531818792E-2
H112		0.13712725189318456
H113		0.23121390162083169
H114		0.35488088215756619
H115		0.50023479639962809
H116		0.65954416434170327
H117		0.82979892719542991
H118		1.0101374053407732
H119		1.1993548425667597
H12		Z
H120		1.396101159160356
H121		1.5989003836189717
H122		1.8066529028829545
H123		2.0187873040387938
H124		2.234982174172977
H125		2.4545274146406273
H126		2.676613345290288
H127		2.9002008851468051
H128		3.1245093895310214
H129		3.3491418925202607
H13		0
H130		3.5740440414507768
H131		
H132		16
H133		8.0875000000000004
H134		0
H135		4.1190018018466838E-4
H136		1.7180805765909389E-3
H137		4.2257390270027898E-3
H138		9.7886887206058201E-3
H139		2.4779498991131924E-2
H14		0.19999999999999998
H140		5.9066453766440825E-2
H141		0.12048915888219079
H142		0.21342732828484129
H143		0.33715361600322175
H144		0.48859094891723132
H145		0.66745766243606353
H146		0.87491018068287496
H147		1.1115173570355057
H148		1.3771630606483327
H149		1.6712874809228446
H15		0.39999999999999997
H150		1.993324009565564
H151		2.3434009917837453
H152		2.721750437425269
H153		3.1279574050293943
H154		3.5610163292148265
H155		4.0194068012031687
H156		4.5016480221203663
H157		5.0071013159500799
H158		5.5355943882024707
H159		
H16		0.6
H160		
H161		16
H162		8.0875000000000004
H163		0
H164		3.3567199080231623E-4
H165		7.1045573257288931E-4
H166		1.2073157438168437E-3
H167		2.5099083453914428E-3
H168		8.1930042019890247E-3
H169		2.7634876231928285E-2
H17		0.79999999999999993
H170		7.2396551400746897E-2
H171		0.14899743047375627
H172		0.25494349745874023
H173		0.38176432713056818
H174		0.52688634449898908
H175		0.6893871519680852
H176		0.86857964467079496
H177		1.0619958611511251
H178		1.2677961260192012
H179		1.4834614106950434
H18		0.99999999999999989
H180		1.7086237751887015
H181		1.9421797911624594
H182		2.1833354268623912
H183		2.4297963507231359
H184		2.679905938547571
H185		2.9313255879031792
H186		3.1837764690157027
H187		3.4365293059289965
H188		
H189		
H19		1.2
H190		16
H191		8.0875000000000004
H192		0.08
H193	H192+IF(AND(H77=0,H78=0),0,SQRT((H78-H77)^2+($B78-$B77)^2))	0.18007431773188398
H194		0.28026288097447999
H195		0.38297146164917989
H196		0.52911100549266288
H197		0.79018813776498886
H198		1.1243360335020616
H199		1.45783391885391
H20		1.4
H200		1.7381270800869921
H201		1.9374948139252006
H202		2.0918068866699686
H203		2.236408608083555
H204		2.374719615738631
H205		2.5041857087984494
H206		2.6249872947073771
H207		2.738701548347001
H208		2.8487166195732598
H209		2.9573612760250407
H21		1.5999999999999999
H210		3.0641720237403258
H211		3.1684989036614604
H212		3.2705318372471197
H213		3.3710784823831821
H214		3.471181019283863
H215		3.5712190969817583
H216		3.6712441843124299
H217		
H218		
H219		
H22		1.7999999999999998
H220		4
H221		4
H222		16
H223		8.0875000000000004
H224		1.8033369806197688
H225		0.91870770185664963
H226		0.76761069596847187
H227		0.60596439947095271
H228		2.306350451130907
H229		-7.1598868770337685
H23		1.9999999999999998
H230		
H231		
H232		
H233		
H234		
H235		
H236		
H237		
H238		
H239		
H24		2.1999999999999997
H240		
H241		
H242		
H243		
H244		
H245		
H25		2.4
H26		
H266		4
H267		4
H268		16
H269		8.0875000000000004
H27		
H270		3.6712441843124295
H28		
H29		
H30		
H31		
H32		
H33		
H34		
H35		
H36		
H37		
H38		
H39		
H40		13
H44		16
H45	M11	8.0875000000000004
H46	IF('Basis Hull'!M$11="",0,CUBIC('Basis Hull'!$L$13:$L$39,'Basis Hull'!$M$13:$M$39,$B46))	0.08
H47	IF('Basis Hull'!M$11="",0,CUBIC('Basis Hull'!$L$13:$L$39,'Basis Hull'!$M$13:$M$39,$B47))	8.385604324432043E-2
H48	IF('Basis Hull'!M$11="",0,CUBIC('Basis Hull'!$L$13:$L$39,'Basis Hull'!$M$13:$M$39,$B48))	0.09
H49	IF('Basis Hull'!M$11="",0,CUBIC('Basis Hull'!$L$13:$L$39,'Basis Hull'!$M$13:$M$39,$B49))	0.1134318702670387
H50	IF('Basis Hull'!M$11="",0,CUBIC('Basis Hull'!$L$13:$L$39,'Basis Hull'!$M$13:$M$39,$B50))	0.22
H51	IF('Basis Hull'!M$11="",0,CUBIC('Basis Hull'!$L$13:$L$39,'Basis Hull'!$M$13:$M$39,$B51))	0.461166475687525
H52	IF('Basis Hull'!M$11="",0,CUBIC('Basis Hull'!$L$13:$L$39,'Basis Hull'!$M$13:$M$39,$B52))	0.78
H53	IF('Basis Hull'!M$11="",0,CUBIC('Basis Hull'!$L$13:$L$39,'Basis Hull'!$M$13:$M$39,$B53))	1.0981522269828621
H54	IF('Basis Hull'!M$11="",0,CUBIC('Basis Hull'!$L$13:$L$39,'Basis Hull'!$M$13:$M$39,$B54))	1.36
H55	IF('Basis Hull'!M$11="",0,CUBIC('Basis Hull'!$L$13:$L$39,'Basis Hull'!$M$13:$M$39,$B55))	1.5324746163810281
H56	IF('Basis Hull'!M$11="",0,CUBIC('Basis Hull'!$L$13:$L$39,'Basis Hull'!$M$13:$M$39,$B56))	1.6500000000000001
H57	IF('Basis Hull'!M$11="",0,CUBIC('Basis Hull'!$L$13:$L$39,'Basis Hull'!$M$13:$M$39,$B57))	1.754449307493025
H58	IF('Basis Hull'!M$11="",0,CUBIC('Basis Hull'!$L$13:$L$39,'Basis Hull'!$M$13:$M$39,$B58))	1.85
H59	IF('Basis Hull'!M$11="",0,CUBIC('Basis Hull'!$L$13:$L$39,'Basis Hull'!$M$13:$M$39,$B59))	1.9322281536468715
H60	IF('Basis Hull'!M$11="",0,CUBIC('Basis Hull'!$L$13:$L$39,'Basis Hull'!$M$13:$M$39,$B60))	2
H61	IF('Basis Hull'!M$11="",0,CUBIC('Basis Hull'!$L$13:$L$39,'Basis Hull'!$M$13:$M$39,$B61))	2.0541380779194895
H62	IF('Basis Hull'!M$11="",0,CUBIC('Basis Hull'!$L$13:$L$39,'Basis Hull'!$M$13:$M$39,$B62))	2.1
H63	IF('Basis Hull'!M$11="",0,CUBIC('Basis Hull'!$L$13:$L$39,'Basis Hull'!$M$13:$M$39,$B63))	2.1424695346751697
H64	IF('Basis Hull'!M$11="",0,CUBIC('Basis Hull'!$L$13:$L$39,'Basis Hull'!$M$13:$M$39,$B64))	2.1800000000000002
H65	IF('Basis Hull'!M$11="",0,CUBIC('Basis Hull'!$L$13:$L$39,'Basis Hull'!$M$13:$M$39,$B65))	2.2097337833798325
H66	IF('Basis Hull'!M$11="",0,CUBIC('Basis Hull'!$L$13:$L$39,'Basis Hull'!$M$13:$M$39,$B66))	2.23
H67	IF('Basis Hull'!M$11="",0,CUBIC('Basis Hull'!$L$13:$L$39,'Basis Hull'!$M$13:$M$39,$B67))	2.2404703318055001
H68	IF('Basis Hull'!M$11="",0,CUBIC('Basis Hull'!$L$13:$L$39,'Basis Hull'!$M$13:$M$39,$B68))	2.2450000000000001
H69	IF('Basis Hull'!M$11="",0,CUBIC('Basis Hull'!$L$13:$L$39,'Basis Hull'!$M$13:$M$39,$B69))	2.2477598893981665
H70	IF('Basis Hull'!M$11="",0,CUBIC('Basis Hull'!$L$13:$L$39,'Basis Hull'!$M$13:$M$39,$B70))	2.25
H71		
H75		16
H76		8.0875000000000004
H77		0.08
H78		8.385604324432043E-2
H79		0.09
H80		0.1134318702670387
H81		0.22
H82		0.461166475687525
H83		0.78
H84		1.0981522269828621
H85		1.36
H86		1.5324746163810281
H87		1.6500000000000001
H88		1.754449307493025
H89		1.85
H9		
H90		1.9322281536468715
H91		2
H92		2.0541380779194895
H93		2.1
H94		2.1424695346751697
H95		2.1800000000000002
H96		2.2097337833798325
H97		2.23
H98		2.2404703318055001
H99		2.2450000000000001
I10		18
I100		2.2501258754199167
I101		2.25
I102		
I103		
I104		15
I105		9.7050000000000001
I106		0
I107		8.6994173356867641E-3
I108		1.7898834671373532E-2
I109		2.6749999999999999E-2
I11	G11+$E$5/20	4.8525000000000009
I110		4.0202330657252941E-2
I111		7.8172669342747067E-2
I112		0.15658951204236179
I113		0.26993140930744558
I114		0.40523729051604701
I115		0.55680711343923783
I116		0.72175899523619735
I117		0.89800389028070382
I118		1.083024397881911
I119		1.2755910787830478
I12		Y
I120		1.4744410825789065
I121		1.6795038812655394
I122		1.8900089411452108
I123		2.1050363161665624
I124		2.3230708221829985
I125		2.543952107413312
I126		2.7670054394655432
I127		2.991589840858623
I128		3.2164550892975763
I129		3.4415397824972951
I13		0
I130		3.6664718726868983
I131		
I132		15
I133		9.7050000000000001
I134		0
I135		4.4475525014708937E-4
I136		1.8232168004706862E-3
I137		4.0483216492057167E-3
I138		8.9475989295678422E-3
I139		2.6227814854618614E-2
I14		0
I140		6.9674522955455606E-2
I141		0.14357290709398546
I142		0.2452613012203686
I143		0.37416198522224753
I144		0.53103083546850394
I145		0.71610235451185256
I146		0.92902277837878877
I147		1.1697024294326139
I148		1.4382978018182162
I149		1.7355841322548349
I15		0.1
I150		2.0620162563343394
I151		2.4167275453249255
I152		2.7984381207652449
I153		3.2069561213085271
I154		3.6420638936020802
I155		4.1023236306795532
I156		4.585941491582683
I157		5.0922193472902304
I158		5.6209800933781242
I159		
I16		0.35
I160		
I161		15
I162		9.7050000000000001
I163		0
I164		3.6926265992814872E-4
I165		8.0276391952432014E-4
I166		1.1838664674504455E-3
I167		2.2817485634225206E-3
I168		1.0015176515888921E-2
I169		4.0976337446611555E-2
I17		0.83
I170		0.10596620762369645
I171		0.19735920632798595
I172		0.31260535027210945
I173		0.44843457470693016
I174		0.60406137472353139
I175		0.77498830413367359
I176		0.96067654116704371
I177		1.158146907147646
I178		1.3686627375278657
I179		1.589989756243628
I18		1.29
I180		1.8214222002163218
I181		2.0588818412348044
I182		2.3030642561732142
I183		2.5515938134045313
I184		2.8040201172322852
I185		3.0566073688044222
I186		3.3101575303361619
I187		3.5628951324867053
I188		
I189		
I19		1.6
I190		15
I191		9.7050000000000001
I192		0.08
I193	I192+IF(AND(I77=0,I78=0),0,SQRT((I78-I77)^2+($B78-$B77)^2))	0.18068692659534585
I194		0.28070208537895491
I195		0.38070233576632045
I196		0.54489196060623213
I197		0.91169045389236381
I198		1.3308888161109385
I199		1.6280767863544252
I20		1.8
I200		1.8341132350449798
I201		2.0114172218273323
I202		2.1703945774862685
I203		2.3114561368800337
I204		2.4398375077839711
I205		2.5608376484853799
I206		2.6784322865035279
I207		2.7946717887422805
I208		2.9068085590110511
I209		3.0133352022057549
I21		1.95
I210		3.1172586918435101
I211		3.2205231993865793
I212		3.3223573383204101
I213		3.4227072094814956
I214		3.5227204544405577
I215		3.622720533663633
I216		3.7227206128867083
I217		
I218		
I219		
I22		2.06
I220		2
I221		2
I222		15
I223		9.7050000000000001
I224		1.8521178898821384
I225		0.98941719251171989
I226		0.81908145334237226
I227		0.68761232325441002
I228		2.3772318458932311
I229		-5.5423868770337688
I23		2.14
I230		
I231		
I232		
I233		
I234		
I235		
I236		
I237		
I238		
I239		
I24		2.19
I240		
I241		
I242		
I243		
I244		
I245		
I25		2.2200000000000002
I26		
I266		2
I267		2
I268		15
I269		9.7050000000000001
I27		
I270		3.7227206128867079
I28		
I29		
I30		
I31		
I32		
I33		
I34		
I35		
I36		
I37		
I38		
I39		
I40		13
I41	Interpolate($C$223:$W$223,$C$225:$W$225,I11)	0.59091374907475958
I44		15
I45	O11	9.7050000000000001
I46	IF('Basis Hull'!O$11="",0,CUBIC('Basis Hull'!$N$13:$N$39,'Basis Hull'!$O$13:$O$39,$B46))	0.08
I47	IF('Basis Hull'!O$11="",0,CUBIC('Basis Hull'!$N$13:$N$39,'Basis Hull'!$O$13:$O$39,$B47))	9.1741260035301475E-2
I48	IF('Basis Hull'!O$11="",0,CUBIC('Basis Hull'!$N$13:$N$39,'Basis Hull'!$O$13:$O$39,$B48))	0.09
I49	IF('Basis Hull'!O$11="",0,CUBIC('Basis Hull'!$N$13:$N$39,'Basis Hull'!$O$13:$O$39,$B49))	8.977621989409558E-2
I5		1.1499999999999999
I50	IF('Basis Hull'!O$11="",0,CUBIC('Basis Hull'!$N$13:$N$39,'Basis Hull'!$O$13:$O$39,$B50))	0.22
I51	IF('Basis Hull'!O$11="",0,CUBIC('Basis Hull'!$N$13:$N$39,'Basis Hull'!$O$13:$O$39,$B51))	0.57290386038831642
I52	IF('Basis Hull'!O$11="",0,CUBIC('Basis Hull'!$N$13:$N$39,'Basis Hull'!$O$13:$O$39,$B52))	0.98
I53	IF('Basis Hull'!O$11="",0,CUBIC('Basis Hull'!$N$13:$N$39,'Basis Hull'!$O$13:$O$39,$B53))	1.2598583385526392
I54	IF('Basis Hull'!O$11="",0,CUBIC('Basis Hull'!$N$13:$N$39,'Basis Hull'!$O$13:$O$39,$B54))	1.44
I55	IF('Basis Hull'!O$11="",0,CUBIC('Basis Hull'!$N$13:$N$39,'Basis Hull'!$O$13:$O$39,$B55))	1.5864127854011274
I56	IF('Basis Hull'!O$11="",0,CUBIC('Basis Hull'!$N$13:$N$39,'Basis Hull'!$O$13:$O$39,$B56))	1.7100000000000002
I57	IF('Basis Hull'!O$11="",0,CUBIC('Basis Hull'!$N$13:$N$39,'Basis Hull'!$O$13:$O$39,$B57))	1.8094905198428513
I58	IF('Basis Hull'!O$11="",0,CUBIC('Basis Hull'!$N$13:$N$39,'Basis Hull'!$O$13:$O$39,$B58))	1.89
I59	IF('Basis Hull'!O$11="",0,CUBIC('Basis Hull'!$N$13:$N$39,'Basis Hull'!$O$13:$O$39,$B59))	1.9581251352274669
I6	E4/E7	15.416666666666668
I60	IF('Basis Hull'!O$11="",0,CUBIC('Basis Hull'!$N$13:$N$39,'Basis Hull'!$O$13:$O$39,$B60))	2.02
I61	IF('Basis Hull'!O$11="",0,CUBIC('Basis Hull'!$N$13:$N$39,'Basis Hull'!$O$13:$O$39,$B61))	2.0792589392472816
I62	IF('Basis Hull'!O$11="",0,CUBIC('Basis Hull'!$N$13:$N$39,'Basis Hull'!$O$13:$O$39,$B62))	2.13
I63	IF('Basis Hull'!O$11="",0,CUBIC('Basis Hull'!$N$13:$N$39,'Basis Hull'!$O$13:$O$39,$B63))	2.1667141077834078
I64	IF('Basis Hull'!O$11="",0,CUBIC('Basis Hull'!$N$13:$N$39,'Basis Hull'!$O$13:$O$39,$B64))	2.1949999999999998
I65	IF('Basis Hull'!O$11="",0,CUBIC('Basis Hull'!$N$13:$N$39,'Basis Hull'!$O$13:$O$39,$B65))	2.2207596296190859
I66	IF('Basis Hull'!O$11="",0,CUBIC('Basis Hull'!$N$13:$N$39,'Basis Hull'!$O$13:$O$39,$B66))	2.2400000000000002
I67	IF('Basis Hull'!O$11="",0,CUBIC('Basis Hull'!$N$13:$N$39,'Basis Hull'!$O$13:$O$39,$B67))	2.2483723737402497
I68	IF('Basis Hull'!O$11="",0,CUBIC('Basis Hull'!$N$13:$N$39,'Basis Hull'!$O$13:$O$39,$B68))	2.25
I69	IF('Basis Hull'!O$11="",0,CUBIC('Basis Hull'!$N$13:$N$39,'Basis Hull'!$O$13:$O$39,$B69))	2.2501258754199167
I7		1.0249999999999999
I70	IF('Basis Hull'!O$11="",0,CUBIC('Basis Hull'!$N$13:$N$39,'Basis Hull'!$O$13:$O$39,$B70))	2.25
I71		
I75		15
I76		9.7050000000000001
I77	CUBIC($C$45:$W$45,$C46:$W46,I76)	0.08
I78		9.1741260035301475E-2
I79		0.09
I80		8.977621989409558E-2
I81		0.22
I82		0.57290386038831642
I83		0.98
I84		1.2598583385526392
I85		1.44
I86		1.5864127854011274
I87		1.7100000000000002
I88		1.8094905198428513
I89		1.89
I9		
I90		1.9581251352274669
I91		2.02
I92		2.0792589392472816
I93		2.13
I94		2.1667141077834078
I95		2.1949999999999998
I96		2.2207596296190859
I97		2.2400000000000002
I98		2.2483723737402497
I99		2.25
J10		Number:
J100		2.2501258754199167
J101		2.25
J102		
J103		
J104		14
J105		11.3225
J106		0
J107		8.6994173356867641E-3
J108		1.7898834671373532E-2
J109		2.6749999999999999E-2
J11		X  =
J110		4.0202330657252941E-2
J111		7.8172669342747067E-2
J112		0.15658951204236179
J113		0.26993140930744558
J114		0.40523729051604701
J115		0.55680711343923783
J116		0.72175899523619735
J117		0.89800389028070382
J118		1.083024397881911
J119		1.2755910787830478
J12		Z
J120		1.4744410825789065
J121		1.6795038812655394
J122		1.8900089411452108
J123		2.1050363161665624
J124		2.3230708221829985
J125		2.543952107413312
J126		2.7670054394655432
J127		2.991589840858623
J128		3.2164550892975763
J129		3.4415397824972951
J13		0
J130		3.6664718726868983
J131		
J132		14
J133		11.3225
J134		0
J135		4.4475525014708937E-4
J136		1.8232168004706862E-3
J137		4.0483216492057167E-3
J138		8.9475989295678422E-3
J139		2.6227814854618614E-2
J14		0.19999999999999998
J140		6.9674522955455606E-2
J141		0.14357290709398546
J142		0.2452613012203686
J143		0.37416198522224753
J144		0.53103083546850394
J145		0.71610235451185256
J146		0.92902277837878877
J147		1.1697024294326139
J148		1.4382978018182162
J149		1.7355841322548349
J15		0.39999999999999997
J150		2.0620162563343394
J151		2.4167275453249255
J152		2.7984381207652449
J153		3.2069561213085271
J154		3.6420638936020802
J155		4.1023236306795532
J156		4.585941491582683
J157		5.0922193472902304
J158		5.6209800933781242
J159		
J16		0.6
J160		
J161		14
J162		11.3225
J163		0
J164		3.6926265992814872E-4
J165		8.0276391952432014E-4
J166		1.1838664674504455E-3
J167		2.2817485634225206E-3
J168		1.0015176515888921E-2
J169		4.0976337446611555E-2
J17		0.79999999999999993
J170		0.10596620762369645
J171		0.19735920632798595
J172		0.31260535027210945
J173		0.44843457470693016
J174		0.60406137472353139
J175		0.77498830413367359
J176		0.96067654116704371
J177		1.158146907147646
J178		1.3686627375278657
J179		1.589989756243628
J18		0.99999999999999989
J180		1.8214222002163218
J181		2.0588818412348044
J182		2.3030642561732142
J183		2.5515938134045313
J184		2.8040201172322852
J185		3.0566073688044222
J186		3.3101575303361619
J187		3.5628951324867053
J188		
J189		
J19		1.2
J190		14
J191		11.3225
J192		0.08
J193	J192+IF(AND(J77=0,J78=0),0,SQRT((J78-J77)^2+($B78-$B77)^2))	0.18068692659534585
J194		0.28070208537895491
J195		0.38070233576632045
J196		0.54489196060623213
J197		0.91169045389236381
J198		1.3308888161109385
J199		1.6280767863544252
J20		1.4
J200		1.8341132350449798
J201		2.0114172218273323
J202		2.1703945774862685
J203		2.3114561368800337
J204		2.4398375077839711
J205		2.5608376484853799
J206		2.6784322865035279
J207		2.7946717887422805
J208		2.9068085590110511
J209		3.0133352022057549
J21		1.5999999999999999
J210		3.1172586918435101
J211		3.2205231993865793
J212		3.3223573383204101
J213		3.4227072094814956
J214		3.5227204544405577
J215		3.622720533663633
J216		3.7227206128867083
J217		
J218		
J219		
J22		1.7999999999999998
J220		4
J221		4
J222		14
J223		11.3225
J224		1.8521178898821384
J225		0.98941719251171989
J226		0.81908145334237226
J227		0.68761232325441002
J228		2.3772318458932311
J229		-3.924886877033769
J23		1.9999999999999998
J230		
J231		
J232		
J233		
J234		
J235		
J236		
J237		
J238		
J239		
J24		2.1999999999999997
J240		
J241		
J242		
J243		
J244		
J245		
J25		2.4
J26		
J266		4
J267		4
J268		14
J269		11.3225
J27		
J270		3.7227206128867079
J28		
J29		
J30		
J31		
J32		
J33		
J34		
J35		
J36		
J37		
J38		
J39		
J40		13
J44		14
J45	Q11	11.3225
J46	IF('Basis Hull'!Q$11="",0,CUBIC('Basis Hull'!$P$13:$P$39,'Basis Hull'!$Q$13:$Q$39,$B46))	0.08
J47	IF('Basis Hull'!Q$11="",0,CUBIC('Basis Hull'!$P$13:$P$39,'Basis Hull'!$Q$13:$Q$39,$B47))	9.1741260035301475E-2
J48	IF('Basis Hull'!Q$11="",0,CUBIC('Basis Hull'!$P$13:$P$39,'Basis Hull'!$Q$13:$Q$39,$B48))	0.09
J49	IF('Basis Hull'!Q$11="",0,CUBIC('Basis Hull'!$P$13:$P$39,'Basis Hull'!$Q$13:$Q$39,$B49))	8.977621989409558E-2
J5		m
J50	IF('Basis Hull'!Q$11="",0,CUBIC('Basis Hull'!$P$13:$P$39,'Basis Hull'!$Q$13:$Q$39,$B50))	0.22
J51	IF('Basis Hull'!Q$11="",0,CUBIC('Basis Hull'!$P$13:$P$39,'Basis Hull'!$Q$13:$Q$39,$B51))	0.57290386038831642
J52	IF('Basis Hull'!Q$11="",0,CUBIC('Basis Hull'!$P$13:$P$39,'Basis Hull'!$Q$13:$Q$39,$B52))	0.98
J53	IF('Basis Hull'!Q$11="",0,CUBIC('Basis Hull'!$P$13:$P$39,'Basis Hull'!$Q$13:$Q$39,$B53))	1.2598583385526392
J54	IF('Basis Hull'!Q$11="",0,CUBIC('Basis Hull'!$P$13:$P$39,'Basis Hull'!$Q$13:$Q$39,$B54))	1.44
J55	IF('Basis Hull'!Q$11="",0,CUBIC('Basis Hull'!$P$13:$P$39,'Basis Hull'!$Q$13:$Q$39,$B55))	1.5864127854011274
J56	IF('Basis Hull'!Q$11="",0,CUBIC('Basis Hull'!$P$13:$P$39,'Basis Hull'!$Q$13:$Q$39,$B56))	1.7100000000000002
J57	IF('Basis Hull'!Q$11="",0,CUBIC('Basis Hull'!$P$13:$P$39,'Basis Hull'!$Q$13:$Q$39,$B57))	1.8094905198428513
J58	IF('Basis Hull'!Q$11="",0,CUBIC('Basis Hull'!$P$13:$P$39,'Basis Hull'!$Q$13:$Q$39,$B58))	1.89
J59	IF('Basis Hull'!Q$11="",0,CUBIC('Basis Hull'!$P$13:$P$39,'Basis Hull'!$Q$13:$Q$39,$B59))	1.9581251352274669
J60	IF('Basis Hull'!Q$11="",0,CUBIC('Basis Hull'!$P$13:$P$39,'Basis Hull'!$Q$13:$Q$39,$B60))	2.02
J61	IF('Basis Hull'!Q$11="",0,CUBIC('Basis Hull'!$P$13:$P$39,'Basis Hull'!$Q$13:$Q$39,$B61))	2.0792589392472816
J62	IF('Basis Hull'!Q$11="",0,CUBIC('Basis Hull'!$P$13:$P$39,'Basis Hull'!$Q$13:$Q$39,$B62))	2.13
J63	IF('Basis Hull'!Q$11="",0,CUBIC('Basis Hull'!$P$13:$P$39,'Basis Hull'!$Q$13:$Q$39,$B63))	2.1667141077834078
J64	IF('Basis Hull'!Q$11="",0,CUBIC('Basis Hull'!$P$13:$P$39,'Basis Hull'!$Q$13:$Q$39,$B64))	2.1949999999999998
J65	IF('Basis Hull'!Q$11="",0,CUBIC('Basis Hull'!$P$13:$P$39,'Basis Hull'!$Q$13:$Q$39,$B65))	2.2207596296190859
J66	IF('Basis Hull'!Q$11="",0,CUBIC('Basis Hull'!$P$13:$P$39,'Basis Hull'!$Q$13:$Q$39,$B66))	2.2400000000000002
J67	IF('Basis Hull'!Q$11="",0,CUBIC('Basis Hull'!$P$13:$P$39,'Basis Hull'!$Q$13:$Q$39,$B67))	2.2483723737402497
J68	IF('Basis Hull'!Q$11="",0,CUBIC('Basis Hull'!$P$13:$P$39,'Basis Hull'!$Q$13:$Q$39,$B68))	2.25
J69	IF('Basis Hull'!Q$11="",0,CUBIC('Basis Hull'!$P$13:$P$39,'Basis Hull'!$Q$13:$Q$39,$B69))	2.2501258754199167
J7		tons/m3
J70	IF('Basis Hull'!Q$11="",0,CUBIC('Basis Hull'!$P$13:$P$39,'Basis Hull'!$Q$13:$Q$39,$B70))	2.25
J71		
J75		14
J76		11.3225
J77		0.08
J78		9.1741260035301475E-2
J79		0.09
J80		8.977621989409558E-2
J81		0.22
J82		0.57290386038831642
J83		0.98
J84		1.2598583385526392
J85		1.44
J86		1.5864127854011274
J87		1.7100000000000002
J88		1.8094905198428513
J89		1.89
J9		
J90		1.9581251352274669
J91		2.02
J92		2.0792589392472816
J93		2.13
J94		2.1667141077834078
J95		2.1949999999999998
J96		2.2207596296190859
J97		2.2400000000000002
J98		2.2483723737402497
J99		2.25
K10		17
K100		2.2501258754199167
K101		2.25
K102		
K103		
K104		13
K105		12.94
K106		0
K107		8.6994173356867641E-3
K108		1.7898834671373532E-2
K109		2.6749999999999999E-2
K11	I11+$E$5/20	6.4700000000000006
K110		4.0202330657252941E-2
K111		7.8172669342747067E-2
K112		0.15658951204236179
K113		0.26993140930744558
K114		0.40523729051604701
K115		0.55680711343923783
K116		0.72175899523619735
K117		0.89800389028070382
K118		1.083024397881911
K119		1.2755910787830478
K12		Y
K120		1.4744410825789065
K121		1.6795038812655394
K122		1.8900089411452108
K123		2.1050363161665624
K124		2.3230708221829985
K125		2.543952107413312
K126		2.7670054394655432
K127		2.991589840858623
K128		3.2164550892975763
K129		3.4415397824972951
K13		0
K130		3.6664718726868983
K131		
K132		13
K133		12.94
K134		0
K135		4.4475525014708937E-4
K136		1.8232168004706862E-3
K137		4.0483216492057167E-3
K138		8.9475989295678422E-3
K139		2.6227814854618614E-2
K14		7.4999999999999997E-2
K140		6.9674522955455606E-2
K141		0.14357290709398546
K142		0.2452613012203686
K143		0.37416198522224753
K144		0.53103083546850394
K145		0.71610235451185256
K146		0.92902277837878877
K147		1.1697024294326139
K148		1.4382978018182162
K149		1.7355841322548349
K15		0.18
K150		2.0620162563343394
K151		2.4167275453249255
K152		2.7984381207652449
K153		3.2069561213085271
K154		3.6420638936020802
K155		4.1023236306795532
K156		4.585941491582683
K157		5.0922193472902304
K158		5.6209800933781242
K159		
K16		0.62
K160		
K161		13
K162		12.94
K163		0
K164		3.6926265992814872E-4
K165		8.0276391952432014E-4
K166		1.1838664674504455E-3
K167		2.2817485634225206E-3
K168		1.0015176515888921E-2
K169		4.0976337446611555E-2
K17		1.1499999999999999
K170		0.10596620762369645
K171		0.19735920632798595
K172		0.31260535027210945
K173		0.44843457470693016
K174		0.60406137472353139
K175		0.77498830413367359
K176		0.96067654116704371
K177		1.158146907147646
K178		1.3686627375278657
K179		1.589989756243628
K18		1.53
K180		1.8214222002163218
K181		2.0588818412348044
K182		2.3030642561732142
K183		2.5515938134045313
K184		2.8040201172322852
K185		3.0566073688044222
K186		3.3101575303361619
K187		3.5628951324867053
K188		
K189		
K19		1.76
K190		13
K191		12.94
K192		0.08
K193	K192+IF(AND(K77=0,K78=0),0,SQRT((K78-K77)^2+($B78-$B77)^2))	0.18068692659534585
K194		0.28070208537895491
K195		0.38070233576632045
K196		0.54489196060623213
K197		0.91169045389236381
K198		1.3308888161109385
K199		1.6280767863544252
K20		1.93
K200		1.8341132350449798
K201		2.0114172218273323
K202		2.1703945774862685
K203		2.3114561368800337
K204		2.4398375077839711
K205		2.5608376484853799
K206		2.6784322865035279
K207		2.7946717887422805
K208		2.9068085590110511
K209		3.0133352022057549
K21		2.0499999999999998
K210		3.1172586918435101
K211		3.2205231993865793
K212		3.3223573383204101
K213		3.4227072094814956
K214		3.5227204544405577
K215		3.622720533663633
K216		3.7227206128867083
K217		
K218		
K219		
K22		2.14
K220		2
K221		2
K222		13
K223		12.94
K224		1.8521178898821384
K225		0.98941719251171989
K226		0.81908145334237226
K227		0.68761232325441002
K228		2.3772318458932311
K229		-2.3073868770337693
K23		2.2000000000000002
K230		
K231		
K232		
K233		
K234		
K235		
K236		
K237		
K238		
K239		
K24		2.2400000000000002
K240		
K241		
K242		
K243		
K244		
K245		
K25		2.25
K26		
K266		2
K267		2
K268		13
K269		12.94
K27		
K270		3.7227206128867079
K28		
K29		
K30		
K31		
K32		
K33		
K34		
K35		
K36		
K37		
K38		
K39		
K40		13
K41	Interpolate($C$223:$W$223,$C$225:$W$225,K11)	0.79842527294596599
K44		13
K45	S11	12.94
K46	IF('Basis Hull'!S$11="",0,CUBIC('Basis Hull'!$R$13:$R$39,'Basis Hull'!$S$13:$S$39,$B46))	0.08
K47	IF('Basis Hull'!S$11="",0,CUBIC('Basis Hull'!$R$13:$R$39,'Basis Hull'!$S$13:$S$39,$B47))	9.1741260035301475E-2
K48	IF('Basis Hull'!S$11="",0,CUBIC('Basis Hull'!$R$13:$R$39,'Basis Hull'!$S$13:$S$39,$B48))	0.09
K49	IF('Basis Hull'!S$11="",0,CUBIC('Basis Hull'!$R$13:$R$39,'Basis Hull'!$S$13:$S$39,$B49))	8.977621989409558E-2
K50	IF('Basis Hull'!S$11="",0,CUBIC('Basis Hull'!$R$13:$R$39,'Basis Hull'!$S$13:$S$39,$B50))	0.22
K51	IF('Basis Hull'!S$11="",0,CUBIC('Basis Hull'!$R$13:$R$39,'Basis Hull'!$S$13:$S$39,$B51))	0.57290386038831642
K52	IF('Basis Hull'!S$11="",0,CUBIC('Basis Hull'!$R$13:$R$39,'Basis Hull'!$S$13:$S$39,$B52))	0.98
K53	IF('Basis Hull'!S$11="",0,CUBIC('Basis Hull'!$R$13:$R$39,'Basis Hull'!$S$13:$S$39,$B53))	1.2598583385526392
K54	IF('Basis Hull'!S$11="",0,CUBIC('Basis Hull'!$R$13:$R$39,'Basis Hull'!$S$13:$S$39,$B54))	1.44
K55	IF('Basis Hull'!S$11="",0,CUBIC('Basis Hull'!$R$13:$R$39,'Basis Hull'!$S$13:$S$39,$B55))	1.5864127854011274
K56	IF('Basis Hull'!S$11="",0,CUBIC('Basis Hull'!$R$13:$R$39,'Basis Hull'!$S$13:$S$39,$B56))	1.7100000000000002
K57	IF('Basis Hull'!S$11="",0,CUBIC('Basis Hull'!$R$13:$R$39,'Basis Hull'!$S$13:$S$39,$B57))	1.8094905198428513
K58	IF('Basis Hull'!S$11="",0,CUBIC('Basis Hull'!$R$13:$R$39,'Basis Hull'!$S$13:$S$39,$B58))	1.89
K59	IF('Basis Hull'!S$11="",0,CUBIC('Basis Hull'!$R$13:$R$39,'Basis Hull'!$S$13:$S$39,$B59))	1.9581251352274669
K60	IF('Basis Hull'!S$11="",0,CUBIC('Basis Hull'!$R$13:$R$39,'Basis Hull'!$S$13:$S$39,$B60))	2.02
K61	IF('Basis Hull'!S$11="",0,CUBIC('Basis Hull'!$R$13:$R$39,'Basis Hull'!$S$13:$S$39,$B61))	2.0792589392472816
K62	IF('Basis Hull'!S$11="",0,CUBIC('Basis Hull'!$R$13:$R$39,'Basis Hull'!$S$13:$S$39,$B62))	2.13
K63	IF('Basis Hull'!S$11="",0,CUBIC('Basis Hull'!$R$13:$R$39,'Basis Hull'!$S$13:$S$39,$B63))	2.1667141077834078
K64	IF('Basis Hull'!S$11="",0,CUBIC('Basis Hull'!$R$13:$R$39,'Basis Hull'!$S$13:$S$39,$B64))	2.1949999999999998
K65	IF('Basis Hull'!S$11="",0,CUBIC('Basis Hull'!$R$13:$R$39,'Basis Hull'!$S$13:$S$39,$B65))	2.2207596296190859
K66	IF('Basis Hull'!S$11="",0,CUBIC('Basis Hull'!$R$13:$R$39,'Basis Hull'!$S$13:$S$39,$B66))	2.2400000000000002
K67	IF('Basis Hull'!S$11="",0,CUBIC('Basis Hull'!$R$13:$R$39,'Basis Hull'!$S$13:$S$39,$B67))	2.2483723737402497
K68	IF('Basis Hull'!S$11="",0,CUBIC('Basis Hull'!$R$13:$R$39,'Basis Hull'!$S$13:$S$39,$B68))	2.25
K69	IF('Basis Hull'!S$11="",0,CUBIC('Basis Hull'!$R$13:$R$39,'Basis Hull'!$S$13:$S$39,$B69))	2.2501258754199167
K70	IF('Basis Hull'!S$11="",0,CUBIC('Basis Hull'!$R$13:$R$39,'Basis Hull'!$S$13:$S$39,$B70))	2.25
K71		
K75		13
K76		12.94
K77	CUBIC($C$45:$W$45,$C46:$W46,K76)	0.08
K78		9.1741260035301475E-2
K79		0.09
K80		8.977621989409558E-2
K81		0.22
K82		0.57290386038831642
K83		0.98
K84		1.2598583385526392
K85		1.44
K86		1.5864127854011274
K87		1.7100000000000002
K88		1.8094905198428513
K89		1.89
K9		
K90		1.9581251352274669
K91		2.02
K92		2.0792589392472816
K93		2.13
K94		2.1667141077834078
K95		2.1949999999999998
K96		2.2207596296190859
K97		2.2400000000000002
K98		2.2483723737402497
K99		2.25
L10		Number:
L100		2.2501258754199167
L101		2.25
L102		
L103		
L104		12
L105		14.557499999999999
L106		0
L107		8.6994173356867641E-3
L108		1.7898834671373532E-2
L109		2.6749999999999999E-2
L11		X  =
L110		4.0202330657252941E-2
L111		7.8172669342747067E-2
L112		0.15658951204236179
L113		0.26993140930744558
L114		0.40523729051604701
L115		0.55680711343923783
L116		0.72175899523619735
L117		0.89800389028070382
L118		1.083024397881911
L119		1.2755910787830478
L12		Z
L120		1.4744410825789065
L121		1.6795038812655394
L122		1.8900089411452108
L123		2.1050363161665624
L124		2.3230708221829985
L125		2.543952107413312
L126		2.7670054394655432
L127		2.991589840858623
L128		3.2164550892975763
L129		3.4415397824972951
L13		0
L130		3.6664718726868983
L131		
L132		12
L133		14.557499999999999
L134		0
L135		4.4475525014708937E-4
L136		1.8232168004706862E-3
L137		4.0483216492057167E-3
L138		8.9475989295678422E-3
L139		2.6227814854618614E-2
L14		0.19999999999999998
L140		6.9674522955455606E-2
L141		0.14357290709398546
L142		0.2452613012203686
L143		0.37416198522224753
L144		0.53103083546850394
L145		0.71610235451185256
L146		0.92902277837878877
L147		1.1697024294326139
L148		1.4382978018182162
L149		1.7355841322548349
L15		0.39999999999999997
L150		2.0620162563343394
L151		2.4167275453249255
L152		2.7984381207652449
L153		3.2069561213085271
L154		3.6420638936020802
L155		4.1023236306795532
L156		4.585941491582683
L157		5.0922193472902304
L158		5.6209800933781242
L159		
L16		0.6
L160		
L161		12
L162		14.557499999999999
L163		0
L164		3.6926265992814872E-4
L165		8.0276391952432014E-4
L166		1.1838664674504455E-3
L167		2.2817485634225206E-3
L168		1.0015176515888921E-2
L169		4.0976337446611555E-2
L17		0.79999999999999993
L170		0.10596620762369645
L171		0.19735920632798595
L172		0.31260535027210945
L173		0.44843457470693016
L174		0.60406137472353139
L175		0.77498830413367359
L176		0.96067654116704371
L177		1.158146907147646
L178		1.3686627375278657
L179		1.589989756243628
L18		0.99999999999999989
L180		1.8214222002163218
L181		2.0588818412348044
L182		2.3030642561732142
L183		2.5515938134045313
L184		2.8040201172322852
L185		3.0566073688044222
L186		3.3101575303361619
L187		3.5628951324867053
L188		
L189		
L19		1.2
L190		12
L191		14.557499999999999
L192		0.08
L193	L192+IF(AND(L77=0,L78=0),0,SQRT((L78-L77)^2+($B78-$B77)^2))	0.18068692659534585
L194		0.28070208537895491
L195		0.38070233576632045
L196		0.54489196060623213
L197		0.91169045389236381
L198		1.3308888161109385
L199		1.6280767863544252
L20		1.4
L200		1.8341132350449798
L201		2.0114172218273323
L202		2.1703945774862685
L203		2.3114561368800337
L204		2.4398375077839711
L205		2.5608376484853799
L206		2.6784322865035279
L207		2.7946717887422805
L208		2.9068085590110511
L209		3.0133352022057549
L21		1.5999999999999999
L210		3.1172586918435101
L211		3.2205231993865793
L212		3.3223573383204101
L213		3.4227072094814956
L214		3.5227204544405577
L215		3.622720533663633
L216		3.7227206128867083
L217		
L218		
L219		
L22		1.7999999999999998
L220		4
L221		4
L222		12
L223		14.557499999999999
L224		1.8521178898821384
L225		0.98941719251171989
L226		0.81908145334237226
L227		0.68761232325441002
L228		2.3772318458932311
L229		-0.68988687703376961
L23		1.9999999999999998
L230		
L231		
L232		
L233		
L234		
L235		
L236		
L237		
L238		
L239		
L24		2.1999999999999997
L240		
L241		
L242		
L243		
L244		
L245		
L25		2.4
L26		
L266		4
L267		4
L268		12
L269		14.557499999999999
L27		
L270		3.7227206128867079
L28		
L29		
L30		
L31		
L32		
L33		
L34		
L35		
L36		
L37		
L38		
L39		
L40		13
L44		12
L45	U11	14.557499999999999
L46	IF('Basis Hull'!U$11="",0,CUBIC('Basis Hull'!$T$13:$T$39,'Basis Hull'!$U$13:$U$39,$B46))	0.08
L47	IF('Basis Hull'!U$11="",0,CUBIC('Basis Hull'!$T$13:$T$39,'Basis Hull'!$U$13:$U$39,$B47))	9.1741260035301475E-2
L48	IF('Basis Hull'!U$11="",0,CUBIC('Basis Hull'!$T$13:$T$39,'Basis Hull'!$U$13:$U$39,$B48))	0.09
L49	IF('Basis Hull'!U$11="",0,CUBIC('Basis Hull'!$T$13:$T$39,'Basis Hull'!$U$13:$U$39,$B49))	8.977621989409558E-2
L5		
L50	IF('Basis Hull'!U$11="",0,CUBIC('Basis Hull'!$T$13:$T$39,'Basis Hull'!$U$13:$U$39,$B50))	0.22
L51	IF('Basis Hull'!U$11="",0,CUBIC('Basis Hull'!$T$13:$T$39,'Basis Hull'!$U$13:$U$39,$B51))	0.57290386038831642
L52	IF('Basis Hull'!U$11="",0,CUBIC('Basis Hull'!$T$13:$T$39,'Basis Hull'!$U$13:$U$39,$B52))	0.98
L53	IF('Basis Hull'!U$11="",0,CUBIC('Basis Hull'!$T$13:$T$39,'Basis Hull'!$U$13:$U$39,$B53))	1.2598583385526392
L54	IF('Basis Hull'!U$11="",0,CUBIC('Basis Hull'!$T$13:$T$39,'Basis Hull'!$U$13:$U$39,$B54))	1.44
L55	IF('Basis Hull'!U$11="",0,CUBIC('Basis Hull'!$T$13:$T$39,'Basis Hull'!$U$13:$U$39,$B55))	1.5864127854011274
L56	IF('Basis Hull'!U$11="",0,CUBIC('Basis Hull'!$T$13:$T$39,'Basis Hull'!$U$13:$U$39,$B56))	1.7100000000000002
L57	IF('Basis Hull'!U$11="",0,CUBIC('Basis Hull'!$T$13:$T$39,'Basis Hull'!$U$13:$U$39,$B57))	1.8094905198428513
L58	IF('Basis Hull'!U$11="",0,CUBIC('Basis Hull'!$T$13:$T$39,'Basis Hull'!$U$13:$U$39,$B58))	1.89
L59	IF('Basis Hull'!U$11="",0,CUBIC('Basis Hull'!$T$13:$T$39,'Basis Hull'!$U$13:$U$39,$B59))	1.9581251352274669
L6		
L60	IF('Basis Hull'!U$11="",0,CUBIC('Basis Hull'!$T$13:$T$39,'Basis Hull'!$U$13:$U$39,$B60))	2.02
L61	IF('Basis Hull'!U$11="",0,CUBIC('Basis Hull'!$T$13:$T$39,'Basis Hull'!$U$13:$U$39,$B61))	2.0792589392472816
L62	IF('Basis Hull'!U$11="",0,CUBIC('Basis Hull'!$T$13:$T$39,'Basis Hull'!$U$13:$U$39,$B62))	2.13
L63	IF('Basis Hull'!U$11="",0,CUBIC('Basis Hull'!$T$13:$T$39,'Basis Hull'!$U$13:$U$39,$B63))	2.1667141077834078
L64	IF('Basis Hull'!U$11="",0,CUBIC('Basis Hull'!$T$13:$T$39,'Basis Hull'!$U$13:$U$39,$B64))	2.1949999999999998
L65	IF('Basis Hull'!U$11="",0,CUBIC('Basis Hull'!$T$13:$T$39,'Basis Hull'!$U$13:$U$39,$B65))	2.2207596296190859
L66	IF('Basis Hull'!U$11="",0,CUBIC('Basis Hull'!$T$13:$T$39,'Basis Hull'!$U$13:$U$39,$B66))	2.2400000000000002
L67	IF('Basis Hull'!U$11="",0,CUBIC('Basis Hull'!$T$13:$T$39,'Basis Hull'!$U$13:$U$39,$B67))	2.2483723737402497
L68	IF('Basis Hull'!U$11="",0,CUBIC('Basis Hull'!$T$13:$T$39,'Basis Hull'!$U$13:$U$39,$B68))	2.25
L69	IF('Basis Hull'!U$11="",0,CUBIC('Basis Hull'!$T$13:$T$39,'Basis Hull'!$U$13:$U$39,$B69))	2.2501258754199167
L7		
L70	IF('Basis Hull'!U$11="",0,CUBIC('Basis Hull'!$T$13:$T$39,'Basis Hull'!$U$13:$U$39,$B70))	2.25
L71		
L75		12
L76		14.557499999999999
L77		0.08
L78		9.1741260035301475E-2
L79		0.09
L8		
L80		8.977621989409558E-2
L81		0.22
L82		0.57290386038831642
L83		0.98
L84		1.2598583385526392
L85		1.44
L86		1.5864127854011274
L87		1.7100000000000002
L88		1.8094905198428513
L89		1.89
L9		
L90		1.9581251352274669
L91		2.02
L92		2.0792589392472816
L93		2.13
L94		2.1667141077834078
L95		2.1949999999999998
L96		2.2207596296190859
L97		2.2400000000000002
L98		2.2483723737402497
L99		2.25
M10		16
M100		2.2501258754199167
M101		2.25
M102		
M103		
M104		11
M105		16.175000000000001
M106		0
M107		8.6994173356867641E-3
M108		1.7898834671373532E-2
M109		2.6749999999999999E-2
M11	K11+$E$5/20	8.0875000000000004
M110		4.0202330657252941E-2
M111		7.8172669342747067E-2
M112		0.15658951204236179
M113		0.26993140930744558
M114		0.40523729051604701
M115		0.55680711343923783
M116		0.72175899523619735
M117		0.89800389028070382
M118		1.083024397881911
M119		1.2755910787830478
M12		Y
M120		1.4744410825789065
M121		1.6795038812655394
M122		1.8900089411452108
M123		2.1050363161665624
M124		2.3230708221829985
M125		2.543952107413312
M126		2.7670054394655432
M127		2.991589840858623
M128		3.2164550892975763
M129		3.4415397824972951
M13		0.08
M130		3.6664718726868983
M131		
M132		11
M133		16.175000000000001
M134		0
M135		4.4475525014708937E-4
M136		1.8232168004706862E-3
M137		4.0483216492057167E-3
M138		8.9475989295678422E-3
M139		2.6227814854618614E-2
M14		0.09
M140		6.9674522955455606E-2
M141		0.14357290709398546
M142		0.2452613012203686
M143		0.37416198522224753
M144		0.53103083546850394
M145		0.71610235451185256
M146		0.92902277837878877
M147		1.1697024294326139
M148		1.4382978018182162
M149		1.7355841322548349
M15		0.22
M150		2.0620162563343394
M151		2.4167275453249255
M152		2.7984381207652449
M153		3.2069561213085271
M154		3.6420638936020802
M155		4.1023236306795532
M156		4.585941491582683
M157		5.0922193472902304
M158		5.6209800933781242
M159		
M16		0.78
M160		
M161		11
M162		16.175000000000001
M163		0
M164		3.6926265992814872E-4
M165		8.0276391952432014E-4
M166		1.1838664674504455E-3
M167		2.2817485634225206E-3
M168		1.0015176515888921E-2
M169		4.0976337446611555E-2
M17		1.36
M170		0.10596620762369645
M171		0.19735920632798595
M172		0.31260535027210945
M173		0.44843457470693016
M174		0.60406137472353139
M175		0.77498830413367359
M176		0.96067654116704371
M177		1.158146907147646
M178		1.3686627375278657
M179		1.589989756243628
M18		1.65
M180		1.8214222002163218
M181		2.0588818412348044
M182		2.3030642561732142
M183		2.5515938134045313
M184		2.8040201172322852
M185		3.0566073688044222
M186		3.3101575303361619
M187		3.5628951324867053
M188		
M189		
M19		1.85
M190		11
M191		16.175000000000001
M192		0.08
M193	M192+IF(AND(M77=0,M78=0),0,SQRT((M78-M77)^2+($B78-$B77)^2))	0.18068692659534585
M194		0.28070208537895491
M195		0.38070233576632045
M196		0.54489196060623213
M197		0.91169045389236381
M198		1.3308888161109385
M199		1.6280767863544252
M20		2
M200		1.8341132350449798
M201		2.0114172218273323
M202		2.1703945774862685
M203		2.3114561368800337
M204		2.4398375077839711
M205		2.5608376484853799
M206		2.6784322865035279
M207		2.7946717887422805
M208		2.9068085590110511
M209		3.0133352022057549
M21		2.1
M210		3.1172586918435101
M211		3.2205231993865793
M212		3.3223573383204101
M213		3.4227072094814956
M214		3.5227204544405577
M215		3.622720533663633
M216		3.7227206128867083
M217		
M218		
M219		
M22		2.1800000000000002
M220		2
M221		1
M222		11
M223		16.175000000000001
M224		1.8521178898821384
M225		0.98941719251171989
M226		0.81908145334237226
M227		0.68761232325441002
M228		2.3772318458932311
M229		0.92761312296623188
M23		2.23
M230		
M231		
M232		
M233		
M234		
M235		
M236		
M237		
M238		
M239		
M24		2.2450000000000001
M240		
M241		
M242		
M243		
M244		
M245		
M25		2.25
M26		
M266		2
M267		1
M268		11
M269		16.175000000000001
M27		
M270		3.7227206128867079
M28		
M29		
M30		
M31		
M32		
M33		
M34		
M35		
M36		
M37		
M38		
M39		
M40		13
M41	Interpolate($C$223:$W$223,$C$225:$W$225,M11)	0.91870770185664963
M44		11
M45	W11	16.175000000000001
M46	IF('Basis Hull'!W$11="",0,CUBIC('Basis Hull'!$V$13:$V$39,'Basis Hull'!$W$13:$W$39,$B46))	0.08
M47	IF('Basis Hull'!W$11="",0,CUBIC('Basis Hull'!$V$13:$V$39,'Basis Hull'!$W$13:$W$39,$B47))	9.1741260035301475E-2
M48	IF('Basis Hull'!W$11="",0,CUBIC('Basis Hull'!$V$13:$V$39,'Basis Hull'!$W$13:$W$39,$B48))	0.09
M49	IF('Basis Hull'!W$11="",0,CUBIC('Basis Hull'!$V$13:$V$39,'Basis Hull'!$W$13:$W$39,$B49))	8.977621989409558E-2
M50	IF('Basis Hull'!W$11="",0,CUBIC('Basis Hull'!$V$13:$V$39,'Basis Hull'!$W$13:$W$39,$B50))	0.22
M51	IF('Basis Hull'!W$11="",0,CUBIC('Basis Hull'!$V$13:$V$39,'Basis Hull'!$W$13:$W$39,$B51))	0.57290386038831642
M52	IF('Basis Hull'!W$11="",0,CUBIC('Basis Hull'!$V$13:$V$39,'Basis Hull'!$W$13:$W$39,$B52))	0.98
M53	IF('Basis Hull'!W$11="",0,CUBIC('Basis Hull'!$V$13:$V$39,'Basis Hull'!$W$13:$W$39,$B53))	1.2598583385526392
M54	IF('Basis Hull'!W$11="",0,CUBIC('Basis Hull'!$V$13:$V$39,'Basis Hull'!$W$13:$W$39,$B54))	1.44
M55	IF('Basis Hull'!W$11="",0,CUBIC('Basis Hull'!$V$13:$V$39,'Basis Hull'!$W$13:$W$39,$B55))	1.5864127854011274
M56	IF('Basis Hull'!W$11="",0,CUBIC('Basis Hull'!$V$13:$V$39,'Basis Hull'!$W$13:$W$39,$B56))	1.7100000000000002
M57	IF('Basis Hull'!W$11="",0,CUBIC('Basis Hull'!$V$13:$V$39,'Basis Hull'!$W$13:$W$39,$B57))	1.8094905198428513
M58	IF('Basis Hull'!W$11="",0,CUBIC('Basis Hull'!$V$13:$V$39,'Basis Hull'!$W$13:$W$39,$B58))	1.89
M59	IF('Basis Hull'!W$11="",0,CUBIC('Basis Hull'!$V$13:$V$39,'Basis Hull'!$W$13:$W$39,$B59))	1.9581251352274669
M60	IF('Basis Hull'!W$11="",0,CUBIC('Basis Hull'!$V$13:$V$39,'Basis Hull'!$W$13:$W$39,$B60))	2.02
M61	IF('Basis Hull'!W$11="",0,CUBIC('Basis Hull'!$V$13:$V$39,'Basis Hull'!$W$13:$W$39,$B61))	2.0792589392472816
M62	IF('Basis Hull'!W$11="",0,CUBIC('Basis Hull'!$V$13:$V$39,'Basis Hull'!$W$13:$W$39,$B62))	2.13
M63	IF('Basis Hull'!W$11="",0,CUBIC('Basis Hull'!$V$13:$V$39,'Basis Hull'!$W$13:$W$39,$B63))	2.1667141077834078
M64	IF('Basis Hull'!W$11="",0,CUBIC('Basis Hull'!$V$13:$V$39,'Basis Hull'!$W$13:$W$39,$B64))	2.1949999999999998
M65	IF('Basis Hull'!W$11="",0,CUBIC('Basis Hull'!$V$13:$V$39,'Basis Hull'!$W$13:$W$39,$B65))	2.2207596296190859
M66	IF('Basis Hull'!W$11="",0,CUBIC('Basis Hull'!$V$13:$V$39,'Basis Hull'!$W$13:$W$39,$B66))	2.2400000000000002
M67	IF('Basis Hull'!W$11="",0,CUBIC('Basis Hull'!$V$13:$V$39,'Basis Hull'!$W$13:$W$39,$B67))	2.2483723737402497
M68	IF('Basis Hull'!W$11="",0,CUBIC('Basis Hull'!$V$13:$V$39,'Basis Hull'!$W$13:$W$39,$B68))	2.25
M69	IF('Basis Hull'!W$11="",0,CUBIC('Basis Hull'!$V$13:$V$39,'Basis Hull'!$W$13:$W$39,$B69))	2.2501258754199167
M70	IF('Basis Hull'!W$11="",0,CUBIC('Basis Hull'!$V$13:$V$39,'Basis Hull'!$W$13:$W$39,$B70))	2.25
M71		
M75		11
M76		16.175000000000001
M77		0.08
M78		9.1741260035301475E-2
M79		0.09
M8		
M80		8.977621989409558E-2
M81		0.22
M82		0.57290386038831642
M83		0.98
M84		1.2598583385526392
M85		1.44
M86		1.5864127854011274
M87		1.7100000000000002
M88		1.8094905198428513
M89		1.89
M9		
M90		1.9581251352274669
M91		2.02
M92		2.0792589392472816
M93		2.13
M94		2.1667141077834078
M95		2.1949999999999998
M96		2.2207596296190859
M97		2.2400000000000002
M98		2.2483723737402497
M99		2.25
N10		Number:
N100		2.2501258754199167
N101		2.25
N102		
N103		
N104		10
N105		17.7925
N106		0
N107		8.6994173356867641E-3
N108		1.7898834671373532E-2
N109		2.6749999999999999E-2
N11		X  =
N110		4.0202330657252941E-2
N111		7.8172669342747067E-2
N112		0.15658951204236179
N113		0.26993140930744558
N114		0.40523729051604701
N115		0.55680711343923783
N116		0.72175899523619735
N117		0.89800389028070382
N118		1.083024397881911
N119		1.2755910787830478
N12		Z
N120		1.4744410825789065
N121		1.6795038812655394
N122		1.8900089411452108
N123		2.1050363161665624
N124		2.3230708221829985
N125		2.543952107413312
N126		2.7670054394655432
N127		2.991589840858623
N128		3.2164550892975763
N129		3.4415397824972951
N13		0
N130		3.6664718726868983
N131		
N132		10
N133		17.7925
N134		0
N135		4.4475525014708937E-4
N136		1.8232168004706862E-3
N137		4.0483216492057167E-3
N138		8.9475989295678422E-3
N139		2.6227814854618614E-2
N14		0.19999999999999998
N140		6.9674522955455606E-2
N141		0.14357290709398546
N142		0.2452613012203686
N143		0.37416198522224753
N144		0.53103083546850394
N145		0.71610235451185256
N146		0.92902277837878877
N147		1.1697024294326139
N148		1.4382978018182162
N149		1.7355841322548349
N15		0.39999999999999997
N150		2.0620162563343394
N151		2.4167275453249255
N152		2.7984381207652449
N153		3.2069561213085271
N154		3.6420638936020802
N155		4.1023236306795532
N156		4.585941491582683
N157		5.0922193472902304
N158		5.6209800933781242
N159		
N16		0.6
N160		
N161		10
N162		17.7925
N163		0
N164		3.6926265992814872E-4
N165		8.0276391952432014E-4
N166		1.1838664674504455E-3
N167		2.2817485634225206E-3
N168		1.0015176515888921E-2
N169		4.0976337446611555E-2
N17		0.79999999999999993
N170		0.10596620762369645
N171		0.19735920632798595
N172		0.31260535027210945
N173		0.44843457470693016
N174		0.60406137472353139
N175		0.77498830413367359
N176		0.96067654116704371
N177		1.158146907147646
N178		1.3686627375278657
N179		1.589989756243628
N18		0.99999999999999989
N180		1.8214222002163218
N181		2.0588818412348044
N182		2.3030642561732142
N183		2.5515938134045313
N184		2.8040201172322852
N185		3.0566073688044222
N186		3.3101575303361619
N187		3.5628951324867053
N188		
N189		
N19		1.2
N190		10
N191		17.7925
N192		0.08
N193	N192+IF(AND(N77=0,N78=0),0,SQRT((N78-N77)^2+($B78-$B77)^2))	0.18068692659534585
N194		0.28070208537895491
N195		0.38070233576632045
N196		0.54489196060623213
N197		0.91169045389236381
N198		1.3308888161109385
N199		1.6280767863544252
N20		1.4
N200		1.8341132350449798
N201		2.0114172218273323
N202		2.1703945774862685
N203		2.3114561368800337
N204		2.4398375077839711
N205		2.5608376484853799
N206		2.6784322865035279
N207		2.7946717887422805
N208		2.9068085590110511
N209		3.0133352022057549
N21		1.5999999999999999
N210		3.1172586918435101
N211		3.2205231993865793
N212		3.3223573383204101
N213		3.4227072094814956
N214		3.5227204544405577
N215		3.622720533663633
N216		3.7227206128867083
N217		
N218		
N219		
N22		1.7999999999999998
N220		4
N221		4
N222		10
N223		17.7925
N224		1.8521178898821384
N225		0.98941719251171989
N226		0.81908145334237226
N227		0.68761232325441002
N228		2.3772318458932311
N229		2.5451131229662316
N23		1.9999999999999998
N230		
N231		
N232		
N233		
N234		
N235		
N236		
N237		
N238		
N239		
N24		2.1999999999999997
N240		
N241		
N242		
N243		
N244		
N245		
N25		2.4
N26		
N266		4
N267		4
N268		10
N269		17.7925
N27		
N270		3.7227206128867079
N28		
N29		
N30		
N31		
N32		
N33		
N34		
N35		
N36		
N37		
N38		
N39		
N40		13
N44		10
N45	Y11	17.7925
N46	IF('Basis Hull'!Y$11="",0,CUBIC('Basis Hull'!$X$13:$X$39,'Basis Hull'!$Y$13:$Y$39,$B46))	0.08
N47	IF('Basis Hull'!Y$11="",0,CUBIC('Basis Hull'!$X$13:$X$39,'Basis Hull'!$Y$13:$Y$39,$B47))	9.1741260035301475E-2
N48	IF('Basis Hull'!Y$11="",0,CUBIC('Basis Hull'!$X$13:$X$39,'Basis Hull'!$Y$13:$Y$39,$B48))	0.09
N49	IF('Basis Hull'!Y$11="",0,CUBIC('Basis Hull'!$X$13:$X$39,'Basis Hull'!$Y$13:$Y$39,$B49))	8.977621989409558E-2
N5		Mean Skin Thickness
N50	IF('Basis Hull'!Y$11="",0,CUBIC('Basis Hull'!$X$13:$X$39,'Basis Hull'!$Y$13:$Y$39,$B50))	0.22
N51	IF('Basis Hull'!Y$11="",0,CUBIC('Basis Hull'!$X$13:$X$39,'Basis Hull'!$Y$13:$Y$39,$B51))	0.57290386038831642
N52	IF('Basis Hull'!Y$11="",0,CUBIC('Basis Hull'!$X$13:$X$39,'Basis Hull'!$Y$13:$Y$39,$B52))	0.98
N53	IF('Basis Hull'!Y$11="",0,CUBIC('Basis Hull'!$X$13:$X$39,'Basis Hull'!$Y$13:$Y$39,$B53))	1.2598583385526392
N54	IF('Basis Hull'!Y$11="",0,CUBIC('Basis Hull'!$X$13:$X$39,'Basis Hull'!$Y$13:$Y$39,$B54))	1.44
N55	IF('Basis Hull'!Y$11="",0,CUBIC('Basis Hull'!$X$13:$X$39,'Basis Hull'!$Y$13:$Y$39,$B55))	1.5864127854011274
N56	IF('Basis Hull'!Y$11="",0,CUBIC('Basis Hull'!$X$13:$X$39,'Basis Hull'!$Y$13:$Y$39,$B56))	1.7100000000000002
N57	IF('Basis Hull'!Y$11="",0,CUBIC('Basis Hull'!$X$13:$X$39,'Basis Hull'!$Y$13:$Y$39,$B57))	1.8094905198428513
N58	IF('Basis Hull'!Y$11="",0,CUBIC('Basis Hull'!$X$13:$X$39,'Basis Hull'!$Y$13:$Y$39,$B58))	1.89
N59	IF('Basis Hull'!Y$11="",0,CUBIC('Basis Hull'!$X$13:$X$39,'Basis Hull'!$Y$13:$Y$39,$B59))	1.9581251352274669
N6		Bilge factor:
N60	IF('Basis Hull'!Y$11="",0,CUBIC('Basis Hull'!$X$13:$X$39,'Basis Hull'!$Y$13:$Y$39,$B60))	2.02
N61	IF('Basis Hull'!Y$11="",0,CUBIC('Basis Hull'!$X$13:$X$39,'Basis Hull'!$Y$13:$Y$39,$B61))	2.0792589392472816
N62	IF('Basis Hull'!Y$11="",0,CUBIC('Basis Hull'!$X$13:$X$39,'Basis Hull'!$Y$13:$Y$39,$B62))	2.13
N63	IF('Basis Hull'!Y$11="",0,CUBIC('Basis Hull'!$X$13:$X$39,'Basis Hull'!$Y$13:$Y$39,$B63))	2.1667141077834078
N64	IF('Basis Hull'!Y$11="",0,CUBIC('Basis Hull'!$X$13:$X$39,'Basis Hull'!$Y$13:$Y$39,$B64))	2.1949999999999998
N65	IF('Basis Hull'!Y$11="",0,CUBIC('Basis Hull'!$X$13:$X$39,'Basis Hull'!$Y$13:$Y$39,$B65))	2.2207596296190859
N66	IF('Basis Hull'!Y$11="",0,CUBIC('Basis Hull'!$X$13:$X$39,'Basis Hull'!$Y$13:$Y$39,$B66))	2.2400000000000002
N67	IF('Basis Hull'!Y$11="",0,CUBIC('Basis Hull'!$X$13:$X$39,'Basis Hull'!$Y$13:$Y$39,$B67))	2.2483723737402497
N68	IF('Basis Hull'!Y$11="",0,CUBIC('Basis Hull'!$X$13:$X$39,'Basis Hull'!$Y$13:$Y$39,$B68))	2.25
N69	IF('Basis Hull'!Y$11="",0,CUBIC('Basis Hull'!$X$13:$X$39,'Basis Hull'!$Y$13:$Y$39,$B69))	2.2501258754199167
N70	IF('Basis Hull'!Y$11="",0,CUBIC('Basis Hull'!$X$13:$X$39,'Basis Hull'!$Y$13:$Y$39,$B70))	2.25
N71		
N75		10
N76		17.7925
N77	CUBIC($C$45:$W$45,$C46:$W46,N76)	0.08
N78		9.1741260035301475E-2
N79		0.09
N80		8.977621989409558E-2
N81		0.22
N82		0.57290386038831642
N83		0.98
N84	CUBIC($C$45:$W$45,$C$53:$W$53,N76)	1.2598583385526392
N85		1.44
N86		1.5864127854011274
N87		1.7100000000000002
N88		1.8094905198428513
N89		1.89
N9		
N90		1.9581251352274669
N91		2.02
N92		2.0792589392472816
N93		2.13
N94		2.1667141077834078
N95		2.1949999999999998
N96		2.2207596296190859
N97		2.2400000000000002
N98		2.2483723737402497
N99		2.25
O10		15
O100		2.2501258754199167
O101		2.25
O102		
O103		
O104		9
O105		19.41
O106		0
O107		8.6994173356867641E-3
O108		1.7898834671373532E-2
O109		2.6749999999999999E-2
O11	M11+$E$5/20	9.7050000000000001
O110		4.0202330657252941E-2
O111		7.8172669342747067E-2
O112		0.15658951204236179
O113		0.26993140930744558
O114		0.40523729051604701
O115		0.55680711343923783
O116		0.72175899523619735
O117		0.89800389028070382
O118		1.083024397881911
O119		1.2755910787830478
O12		Y
O120		1.4744410825789065
O121		1.6795038812655394
O122		1.8900089411452108
O123		2.1050363161665624
O124		2.3230708221829985
O125		2.543952107413312
O126		2.7670054394655432
O127		2.991589840858623
O128		3.2164550892975763
O129		3.4415397824972951
O13		0.08
O130		3.6664718726868983
O131		
O132		9
O133		19.41
O134		0
O135		4.4475525014708937E-4
O136		1.8232168004706862E-3
O137		4.0483216492057167E-3
O138		8.9475989295678422E-3
O139		2.6227814854618614E-2
O14		0.09
O140		6.9674522955455606E-2
O141		0.14357290709398546
O142		0.2452613012203686
O143		0.37416198522224753
O144		0.53103083546850394
O145		0.71610235451185256
O146		0.92902277837878877
O147		1.1697024294326139
O148		1.4382978018182162
O149		1.7355841322548349
O15		0.22
O150		2.0620162563343394
O151		2.4167275453249255
O152		2.7984381207652449
O153		3.2069561213085271
O154		3.6420638936020802
O155		4.1023236306795532
O156		4.585941491582683
O157		5.0922193472902304
O158		5.6209800933781242
O159		
O16		0.98
O160		
O161		9
O162		19.41
O163		0
O164		3.6926265992814872E-4
O165		8.0276391952432014E-4
O166		1.1838664674504455E-3
O167		2.2817485634225206E-3
O168		1.0015176515888921E-2
O169		4.0976337446611555E-2
O17		1.44
O170		0.10596620762369645
O171		0.19735920632798595
O172		0.31260535027210945
O173		0.44843457470693016
O174		0.60406137472353139
O175		0.77498830413367359
O176		0.96067654116704371
O177		1.158146907147646
O178		1.3686627375278657
O179		1.589989756243628
O18		1.71
O180		1.8214222002163218
O181		2.0588818412348044
O182		2.3030642561732142
O183		2.5515938134045313
O184		2.8040201172322852
O185		3.0566073688044222
O186		3.3101575303361619
O187		3.5628951324867053
O188		
O189		
O19		1.89
O190		9
O191		19.41
O192		0.08
O193	O192+IF(AND(O77=0,O78=0),0,SQRT((O78-O77)^2+($B78-$B77)^2))	0.18068692659534585
O194		0.28070208537895491
O195		0.38070233576632045
O196		0.54489196060623213
O197		0.91169045389236381
O198		1.3308888161109385
O199		1.6280767863544252
O20		2.02
O200		1.8341132350449798
O201		2.0114172218273323
O202		2.1703945774862685
O203		2.3114561368800337
O204		2.4398375077839711
O205		2.5608376484853799
O206		2.6784322865035279
O207		2.7946717887422805
O208		2.9068085590110511
O209		3.0133352022057549
O21		2.13
O210		3.1172586918435101
O211		3.2205231993865793
O212		3.3223573383204101
O213		3.4227072094814956
O214		3.5227204544405577
O215		3.622720533663633
O216		3.7227206128867083
O217		
O218		
O219		
O22		2.1949999999999998
O220		2
O221		2
O222		9
O223		19.41
O224		1.8521178898821384
O225		0.98941719251171989
O226		0.81908145334237226
O227		0.68761232325441002
O228		2.3772318458932311
O229		4.1626131229662313
O23		2.2400000000000002
O230		
O231		
O232		
O233		
O234		
O235		
O236		
O237		
O238		
O239		
O24		2.25
O240		
O241		
O242		
O243		
O244		
O245		
O25		2.25
O26		
O266		2
O267		2
O268		9
O269		19.41
O27		
O270		3.7227206128867079
O28		
O29		
O30		
O31		
O32		
O33		
O34		
O35		
O36		
O37		
O38		
O39		
O40		13
O41	Interpolate($C$223:$W$223,$C$225:$W$225,O11)	0.98941719251171989
O44		9
O45	AA11	19.41
O46	IF('Basis Hull'!AA$11="",0,CUBIC('Basis Hull'!$Z$13:$Z$39,'Basis Hull'!$AA$13:$AA$39,$B46))	0.08
O47	IF('Basis Hull'!AA$11="",0,CUBIC('Basis Hull'!$Z$13:$Z$39,'Basis Hull'!$AA$13:$AA$39,$B47))	9.1741260035301475E-2
O48	IF('Basis Hull'!AA$11="",0,CUBIC('Basis Hull'!$Z$13:$Z$39,'Basis Hull'!$AA$13:$AA$39,$B48))	0.09
O49	IF('Basis Hull'!AA$11="",0,CUBIC('Basis Hull'!$Z$13:$Z$39,'Basis Hull'!$AA$13:$AA$39,$B49))	8.977621989409558E-2
O50	IF('Basis Hull'!AA$11="",0,CUBIC('Basis Hull'!$Z$13:$Z$39,'Basis Hull'!$AA$13:$AA$39,$B50))	0.22
O51	IF('Basis Hull'!AA$11="",0,CUBIC('Basis Hull'!$Z$13:$Z$39,'Basis Hull'!$AA$13:$AA$39,$B51))	0.57290386038831642
O52	IF('Basis Hull'!AA$11="",0,CUBIC('Basis Hull'!$Z$13:$Z$39,'Basis Hull'!$AA$13:$AA$39,$B52))	0.98
O53	IF('Basis Hull'!AA$11="",0,CUBIC('Basis Hull'!$Z$13:$Z$39,'Basis Hull'!$AA$13:$AA$39,$B53))	1.2598583385526392
O54	IF('Basis Hull'!AA$11="",0,CUBIC('Basis Hull'!$Z$13:$Z$39,'Basis Hull'!$AA$13:$AA$39,$B54))	1.44
O55	IF('Basis Hull'!AA$11="",0,CUBIC('Basis Hull'!$Z$13:$Z$39,'Basis Hull'!$AA$13:$AA$39,$B55))	1.5864127854011274
O56	IF('Basis Hull'!AA$11="",0,CUBIC('Basis Hull'!$Z$13:$Z$39,'Basis Hull'!$AA$13:$AA$39,$B56))	1.7100000000000002
O57	IF('Basis Hull'!AA$11="",0,CUBIC('Basis Hull'!$Z$13:$Z$39,'Basis Hull'!$AA$13:$AA$39,$B57))	1.8094905198428513
O58	IF('Basis Hull'!AA$11="",0,CUBIC('Basis Hull'!$Z$13:$Z$39,'Basis Hull'!$AA$13:$AA$39,$B58))	1.89
O59	IF('Basis Hull'!AA$11="",0,CUBIC('Basis Hull'!$Z$13:$Z$39,'Basis Hull'!$AA$13:$AA$39,$B59))	1.9581251352274669
O60	IF('Basis Hull'!AA$11="",0,CUBIC('Basis Hull'!$Z$13:$Z$39,'Basis Hull'!$AA$13:$AA$39,$B60))	2.02
O61	IF('Basis Hull'!AA$11="",0,CUBIC('Basis Hull'!$Z$13:$Z$39,'Basis Hull'!$AA$13:$AA$39,$B61))	2.0792589392472816
O62	IF('Basis Hull'!AA$11="",0,CUBIC('Basis Hull'!$Z$13:$Z$39,'Basis Hull'!$AA$13:$AA$39,$B62))	2.13
O63	IF('Basis Hull'!AA$11="",0,CUBIC('Basis Hull'!$Z$13:$Z$39,'Basis Hull'!$AA$13:$AA$39,$B63))	2.1667141077834078
O64	IF('Basis Hull'!AA$11="",0,CUBIC('Basis Hull'!$Z$13:$Z$39,'Basis Hull'!$AA$13:$AA$39,$B64))	2.1949999999999998
O65	IF('Basis Hull'!AA$11="",0,CUBIC('Basis Hull'!$Z$13:$Z$39,'Basis Hull'!$AA$13:$AA$39,$B65))	2.2207596296190859
O66	IF('Basis Hull'!AA$11="",0,CUBIC('Basis Hull'!$Z$13:$Z$39,'Basis Hull'!$AA$13:$AA$39,$B66))	2.2400000000000002
O67	IF('Basis Hull'!AA$11="",0,CUBIC('Basis Hull'!$Z$13:$Z$39,'Basis Hull'!$AA$13:$AA$39,$B67))	2.2483723737402497
O68	IF('Basis Hull'!AA$11="",0,CUBIC('Basis Hull'!$Z$13:$Z$39,'Basis Hull'!$AA$13:$AA$39,$B68))	2.25
O69	IF('Basis Hull'!AA$11="",0,CUBIC('Basis Hull'!$Z$13:$Z$39,'Basis Hull'!$AA$13:$AA$39,$B69))	2.2501258754199167
O70	IF('Basis Hull'!AA$11="",0,CUBIC('Basis Hull'!$Z$13:$Z$39,'Basis Hull'!$AA$13:$AA$39,$B70))	2.25
O71		
O75		9
O76		19.41
O77		0.08
O78		9.1741260035301475E-2
O79		0.09
O80		8.977621989409558E-2
O81		0.22
O82		0.57290386038831642
O83		0.98
O84	CUBIC($C$45:$W$45,$C$53:$W$53,O76)	1.2598583385526392
O85		1.44
O86		1.5864127854011274
O87		1.7100000000000002
O88		1.8094905198428513
O89		1.89
O9		
O90		1.9581251352274669
O91		2.02
O92		2.0792589392472816
O93		2.13
O94		2.1667141077834078
O95		2.1949999999999998
O96		2.2207596296190859
O97		2.2400000000000002
O98		2.2483723737402497
O99		2.25
P10		Number:
P100		2.2501258754199167
P101		2.25
P102		
P103		
P104		8
P105		21.0275
P106		0
P107		8.6994173356867641E-3
P108		1.7898834671373532E-2
P109		2.6749999999999999E-2
P11		X  =
P110		4.0202330657252941E-2
P111		7.8172669342747067E-2
P112		0.15658951204236179
P113		0.26993140930744558
P114		0.40523729051604701
P115		0.55680711343923783
P116		0.72175899523619735
P117		0.89800389028070382
P118		1.083024397881911
P119		1.2755910787830478
P12		Z
P120		1.4744410825789065
P121		1.6795038812655394
P122		1.8900089411452108
P123		2.1050363161665624
P124		2.3230708221829985
P125		2.543952107413312
P126		2.7670054394655432
P127		2.991589840858623
P128		3.2164550892975763
P129		3.4415397824972951
P13		0
P130		3.6664718726868983
P131		
P132		8
P133		21.0275
P134		0
P135		4.4475525014708937E-4
P136		1.8232168004706862E-3
P137		4.0483216492057167E-3
P138		8.9475989295678422E-3
P139		2.6227814854618614E-2
P14		0.19999999999999998
P140		6.9674522955455606E-2
P141		0.14357290709398546
P142		0.2452613012203686
P143		0.37416198522224753
P144		0.53103083546850394
P145		0.71610235451185256
P146		0.92902277837878877
P147		1.1697024294326139
P148		1.4382978018182162
P149		1.7355841322548349
P15		0.39999999999999997
P150		2.0620162563343394
P151		2.4167275453249255
P152		2.7984381207652449
P153		3.2069561213085271
P154		3.6420638936020802
P155		4.1023236306795532
P156		4.585941491582683
P157		5.0922193472902304
P158		5.6209800933781242
P159		
P16		0.6
P160		
P161		8
P162		21.0275
P163		0
P164		3.6926265992814872E-4
P165		8.0276391952432014E-4
P166		1.1838664674504455E-3
P167		2.2817485634225206E-3
P168		1.0015176515888921E-2
P169		4.0976337446611555E-2
P17		0.79999999999999993
P170		0.10596620762369645
P171		0.19735920632798595
P172		0.31260535027210945
P173		0.44843457470693016
P174		0.60406137472353139
P175		0.77498830413367359
P176		0.96067654116704371
P177		1.158146907147646
P178		1.3686627375278657
P179		1.589989756243628
P18		0.99999999999999989
P180		1.8214222002163218
P181		2.0588818412348044
P182		2.3030642561732142
P183		2.5515938134045313
P184		2.8040201172322852
P185		3.0566073688044222
P186		3.3101575303361619
P187		3.5628951324867053
P188		
P189		
P19		1.2
P190		8
P191		21.0275
P192		0.08
P193	P192+IF(AND(P77=0,P78=0),0,SQRT((P78-P77)^2+($B78-$B77)^2))	0.18068692659534585
P194		0.28070208537895491
P195		0.38070233576632045
P196		0.54489196060623213
P197		0.91169045389236381
P198		1.3308888161109385
P199		1.6280767863544252
P20		1.4
P200		1.8341132350449798
P201		2.0114172218273323
P202		2.1703945774862685
P203		2.3114561368800337
P204		2.4398375077839711
P205		2.5608376484853799
P206		2.6784322865035279
P207		2.7946717887422805
P208		2.9068085590110511
P209		3.0133352022057549
P21		1.5999999999999999
P210		3.1172586918435101
P211		3.2205231993865793
P212		3.3223573383204101
P213		3.4227072094814956
P214		3.5227204544405577
P215		3.622720533663633
P216		3.7227206128867083
P217		
P218		
P219		
P22		1.7999999999999998
P220		4
P221		4
P222		8
P223		21.0275
P224		1.8521178898821384
P225		0.98941719251171989
P226		0.81908145334237226
P227		0.68761232325441002
P228		2.3772318458932311
P229		5.780113122966231
P23		1.9999999999999998
P230		
P231		
P232		
P233		
P234		
P235		
P236		
P237		
P238		
P239		
P24		2.1999999999999997
P240		
P241		
P242		
P243		
P244		
P245		
P25		2.4
P26		
P266		4
P267		4
P268		8
P269		21.0275
P27		
P270		3.7227206128867079
P28		
P29		
P30		
P31		
P32		
P33		
P34		
P35		
P36		
P37		
P38		
P39		
P40		13
P44		8
P45	AC11	21.0275
P46	IF('Basis Hull'!AC$11="",0,CUBIC('Basis Hull'!$AB$13:$AB$39,'Basis Hull'!$AC$13:$AC$39,$B46))	0.08
P47	IF('Basis Hull'!AC$11="",0,CUBIC('Basis Hull'!$AB$13:$AB$39,'Basis Hull'!$AC$13:$AC$39,$B47))	9.1741260035301475E-2
P48	IF('Basis Hull'!AC$11="",0,CUBIC('Basis Hull'!$AB$13:$AB$39,'Basis Hull'!$AC$13:$AC$39,$B48))	0.09
P49	IF('Basis Hull'!AC$11="",0,CUBIC('Basis Hull'!$AB$13:$AB$39,'Basis Hull'!$AC$13:$AC$39,$B49))	8.977621989409558E-2
P50	IF('Basis Hull'!AC$11="",0,CUBIC('Basis Hull'!$AB$13:$AB$39,'Basis Hull'!$AC$13:$AC$39,$B50))	0.22
P51	IF('Basis Hull'!AC$11="",0,CUBIC('Basis Hull'!$AB$13:$AB$39,'Basis Hull'!$AC$13:$AC$39,$B51))	0.57290386038831642
P52	IF('Basis Hull'!AC$11="",0,CUBIC('Basis Hull'!$AB$13:$AB$39,'Basis Hull'!$AC$13:$AC$39,$B52))	0.98
P53	IF('Basis Hull'!AC$11="",0,CUBIC('Basis Hull'!$AB$13:$AB$39,'Basis Hull'!$AC$13:$AC$39,$B53))	1.2598583385526392
P54	IF('Basis Hull'!AC$11="",0,CUBIC('Basis Hull'!$AB$13:$AB$39,'Basis Hull'!$AC$13:$AC$39,$B54))	1.44
P55	IF('Basis Hull'!AC$11="",0,CUBIC('Basis Hull'!$AB$13:$AB$39,'Basis Hull'!$AC$13:$AC$39,$B55))	1.5864127854011274
P56	IF('Basis Hull'!AC$11="",0,CUBIC('Basis Hull'!$AB$13:$AB$39,'Basis Hull'!$AC$13:$AC$39,$B56))	1.7100000000000002
P57	IF('Basis Hull'!AC$11="",0,CUBIC('Basis Hull'!$AB$13:$AB$39,'Basis Hull'!$AC$13:$AC$39,$B57))	1.8094905198428513
P58	IF('Basis Hull'!AC$11="",0,CUBIC('Basis Hull'!$AB$13:$AB$39,'Basis Hull'!$AC$13:$AC$39,$B58))	1.89
P59	IF('Basis Hull'!AC$11="",0,CUBIC('Basis Hull'!$AB$13:$AB$39,'Basis Hull'!$AC$13:$AC$39,$B59))	1.9581251352274669
P60	IF('Basis Hull'!AC$11="",0,CUBIC('Basis Hull'!$AB$13:$AB$39,'Basis Hull'!$AC$13:$AC$39,$B60))	2.02
P61	IF('Basis Hull'!AC$11="",0,CUBIC('Basis Hull'!$AB$13:$AB$39,'Basis Hull'!$AC$13:$AC$39,$B61))	2.0792589392472816
P62	IF('Basis Hull'!AC$11="",0,CUBIC('Basis Hull'!$AB$13:$AB$39,'Basis Hull'!$AC$13:$AC$39,$B62))	2.13
P63	IF('Basis Hull'!AC$11="",0,CUBIC('Basis Hull'!$AB$13:$AB$39,'Basis Hull'!$AC$13:$AC$39,$B63))	2.1667141077834078
P64	IF('Basis Hull'!AC$11="",0,CUBIC('Basis Hull'!$AB$13:$AB$39,'Basis Hull'!$AC$13:$AC$39,$B64))	2.1949999999999998
P65	IF('Basis Hull'!AC$11="",0,CUBIC('Basis Hull'!$AB$13:$AB$39,'Basis Hull'!$AC$13:$AC$39,$B65))	2.2207596296190859
P66	IF('Basis Hull'!AC$11="",0,CUBIC('Basis Hull'!$AB$13:$AB$39,'Basis Hull'!$AC$13:$AC$39,$B66))	2.2400000000000002
P67	IF('Basis Hull'!AC$11="",0,CUBIC('Basis Hull'!$AB$13:$AB$39,'Basis Hull'!$AC$13:$AC$39,$B67))	2.2483723737402497
P68	IF('Basis Hull'!AC$11="",0,CUBIC('Basis Hull'!$AB$13:$AB$39,'Basis Hull'!$AC$13:$AC$39,$B68))	2.25
P69	IF('Basis Hull'!AC$11="",0,CUBIC('Basis Hull'!$AB$13:$AB$39,'Basis Hull'!$AC$13:$AC$39,$B69))	2.2501258754199167
P70	IF('Basis Hull'!AC$11="",0,CUBIC('Basis Hull'!$AB$13:$AB$39,'Basis Hull'!$AC$13:$AC$39,$B70))	2.25
P71		
P75		8
P76		21.0275
P77		0.08
P78		9.1741260035301475E-2
P79		0.09
P80		8.977621989409558E-2
P81		0.22
P82		0.57290386038831642
P83		0.98
P84		1.2598583385526392
P85		1.44
P86		1.5864127854011274
P87		1.7100000000000002
P88		1.8094905198428513
P89		1.89
P9		
P90		1.9581251352274669
P91		2.02
P92		2.0792589392472816
P93		2.13
P94		2.1667141077834078
P95		2.1949999999999998
P96		2.2207596296190859
P97		2.2400000000000002
P98		2.2483723737402497
P99		2.25
Q10		14
Q100		2.1956364445140353
Q101		2.2000000000000002
Q102		
Q103		
Q104		7
Q105		22.645
Q106		0
Q107		8.57063476247414E-3
Q108		1.764126952494828E-2
Q109		2.6749999999999996E-2
Q11	O11+$E$5/20	11.3225
Q110		4.0717460950103437E-2
Q111		7.7407539049896557E-2
Q112		0.15127142572453456
Q113		0.25780635094611781
Q114		0.38597937520165504
Q115		0.53080356431133635
Q116		0.68959361251874207
Q117		0.85987423228757431
Q118		1.0389287137732732
Q119		1.2255110136840708
Q12		Y
Q120		1.418474071438061
Q121		1.6172682201218471
Q122		1.8209575395243789
Q123		2.0290192796409117
Q124		2.2404783095143199
Q125		2.4547578351268764
Q126		2.6709117614682381
Q127		2.888594220330619
Q128		3.1071571836626237
Q129		3.3265101240296833
Q13		0.08
Q130		3.5462420429311616
Q131		
Q132		7
Q133		22.645
Q134		0
Q135		4.3670633932130025E-4
Q136		1.7974602858281613E-3
Q137		4.0917857676649773E-3
Q138		9.1536510467080424E-3
Q139		2.5850079054688831E-2
Q14		0.09
Q140		6.6763966767256933E-2
Q141		0.13623488247665547
Q142		0.2325595314012413
Q143		0.35574697703149616
Q144		0.50674567831995287
Q145		0.68557733327283688
Q146		0.89161428969993728
Q147		1.1248383940255557
Q148		1.3854565879974947
Q149		1.6736802691323143
Q15		0.22
Q150		1.9895151234603046
Q151		2.3327662302437417
Q152		2.7029337657765375
Q153		3.0992767805009112
Q154		3.5208906578223154
Q155		3.9670448501644082
Q156		4.4370727110971924
Q157		4.9305058242292032
Q158		5.4470012207481631
Q159		
Q16		0.98
Q160		
Q161		7
Q162		22.645
Q163		0
Q164		3.6084186426220112E-4
Q165		7.7938334271753992E-4
Q166		1.1875026886014591E-3
Q167		2.3299766306903655E-3
Q168		9.5014739523034668E-3
Q169		3.6983601730858913E-2
Q17		1.44
Q170		9.4378075159452623E-2
Q171		0.17643138145928702
Q172		0.28163308758074368
Q173		0.40754198474935632
Q174		0.55278901187171536
Q175		0.71290174528984029
Q176		0.88720051069374239
Q177		1.0731796467041308
Q178		1.2709943978932432
Q179		1.4782456274211773
Q18		1.71
Q180		1.6949026506060325
Q181		1.9182809908886209
Q182		2.1480608980361837
Q183		2.3814769504751148
Q184		2.6186028661629641
Q185		2.8572555300624098
Q186		3.0980303343344251
Q187		3.3392451564942922
Q188		
Q189		
Q19		1.89
Q190		7
Q191		22.645
Q192		0.08
Q193	Q192+IF(AND(Q77=0,Q78=0),0,SQRT((Q78-Q77)^2+($B78-$B77)^2))	0.18047998164224135
Q194		0.2804801630524914
Q195		0.38063524727507553
Q196		0.5402675360407897
Q197		0.87949650406519875
Q198		1.268417656248233
Q199		1.5542882443508887
Q20		2.02
Q200		1.762118305149597
Q201		1.9441525669930775
Q202		2.1064999591899811
Q203		2.2479306915560717
Q204		2.3759848936361849
Q205		2.4975309890730029
Q206		2.6146207233352343
Q207		2.7280920810337888
Q208		2.8383216001676241
Q209		2.9456233211346259
Q21		2.13
Q210		3.0503460542590162
Q211		3.1530134973445461
Q212		3.2544064591188699
Q213		3.355105026050913
Q214		3.4554373474825
Q215		3.5555960690536135
Q216		3.6556912268609674
Q217		
Q218		
Q219		
Q22		2.1949999999999998
Q220		2
Q221		2
Q222		7
Q223		22.645
Q224		1.7925099445567385
Q225		0.94830474031581546
Q226		0.78519514880211005
Q227		0.63098716529380727
Q228		2.3136298588818756
Q229		7.3976131229662307
Q23		2.2400000000000002
Q230		
Q231		
Q232		
Q233		
Q234		
Q235		
Q236		
Q237		
Q238		
Q239		
Q24		2.25
Q240		
Q241		
Q242		
Q243		
Q244		
Q245		
Q25		2.25
Q26		
Q266		2
Q267		2
Q268		7
Q269		22.645
Q27		
Q270		3.6556912268609669
Q28		
Q29		
Q30		
Q31		
Q32		
Q33		
Q34		
Q35		
Q36		
Q37		
Q38		
Q39		
Q40		13
Q41	Interpolate($C$223:$W$223,$C$225:$W$225,Q11)	0.98941719251171989
Q44		7
Q45	AE11	22.645
Q46	IF('Basis Hull'!AE$11="",0,CUBIC('Basis Hull'!$AD$13:$AD$39,'Basis Hull'!$AE$13:$AE$39,$B46))	0.08
Q47	IF('Basis Hull'!AE$11="",0,CUBIC('Basis Hull'!$AD$13:$AD$39,'Basis Hull'!$AE$13:$AE$39,$B47))	8.98095214371121E-2
Q48	IF('Basis Hull'!AE$11="",0,CUBIC('Basis Hull'!$AD$13:$AD$39,'Basis Hull'!$AE$13:$AE$39,$B48))	0.09
Q49	IF('Basis Hull'!AE$11="",0,CUBIC('Basis Hull'!$AD$13:$AD$39,'Basis Hull'!$AE$13:$AE$39,$B49))	9.5571435688663692E-2
Q5		0
Q50	IF('Basis Hull'!AE$11="",0,CUBIC('Basis Hull'!$AD$13:$AD$39,'Basis Hull'!$AE$13:$AE$39,$B50))	0.22
Q51	IF('Basis Hull'!AE$11="",0,CUBIC('Basis Hull'!$AD$13:$AD$39,'Basis Hull'!$AE$13:$AE$39,$B51))	0.54415473580823326
Q52	IF('Basis Hull'!AE$11="",0,CUBIC('Basis Hull'!$AD$13:$AD$39,'Basis Hull'!$AE$13:$AE$39,$B52))	0.92
Q53	IF('Basis Hull'!AE$11="",0,CUBIC('Basis Hull'!$AD$13:$AD$39,'Basis Hull'!$AE$13:$AE$39,$B53))	1.1878096210784039
Q54	IF('Basis Hull'!AE$11="",0,CUBIC('Basis Hull'!$AD$13:$AD$39,'Basis Hull'!$AE$13:$AE$39,$B54))	1.37
Q55	IF('Basis Hull'!AE$11="",0,CUBIC('Basis Hull'!$AD$13:$AD$39,'Basis Hull'!$AE$13:$AE$39,$B55))	1.5221067798781529
Q56	IF('Basis Hull'!AE$11="",0,CUBIC('Basis Hull'!$AD$13:$AD$39,'Basis Hull'!$AE$13:$AE$39,$B56))	1.6500000000000001
Q57	IF('Basis Hull'!AE$11="",0,CUBIC('Basis Hull'!$AD$13:$AD$39,'Basis Hull'!$AE$13:$AE$39,$B57))	1.7500132594089846
Q58	IF('Basis Hull'!AE$11="",0,CUBIC('Basis Hull'!$AD$13:$AD$39,'Basis Hull'!$AE$13:$AE$39,$B58))	1.83
Q59	IF('Basis Hull'!AE$11="",0,CUBIC('Basis Hull'!$AD$13:$AD$39,'Basis Hull'!$AE$13:$AE$39,$B59))	1.8990901824859079
Q6		1
Q60	IF('Basis Hull'!AE$11="",0,CUBIC('Basis Hull'!$AD$13:$AD$39,'Basis Hull'!$AE$13:$AE$39,$B60))	1.96
Q61	IF('Basis Hull'!AE$11="",0,CUBIC('Basis Hull'!$AD$13:$AD$39,'Basis Hull'!$AE$13:$AE$39,$B61))	2.0136260106473833
Q62	IF('Basis Hull'!AE$11="",0,CUBIC('Basis Hull'!$AD$13:$AD$39,'Basis Hull'!$AE$13:$AE$39,$B62))	2.06
Q63	IF('Basis Hull'!AE$11="",0,CUBIC('Basis Hull'!$AD$13:$AD$39,'Basis Hull'!$AE$13:$AE$39,$B63))	2.0989057749245572
Q64	IF('Basis Hull'!AE$11="",0,CUBIC('Basis Hull'!$AD$13:$AD$39,'Basis Hull'!$AE$13:$AE$39,$B64))	2.13
Q65	IF('Basis Hull'!AE$11="",0,CUBIC('Basis Hull'!$AD$13:$AD$39,'Basis Hull'!$AE$13:$AE$39,$B65))	2.1532508896543869
Q66	IF('Basis Hull'!AE$11="",0,CUBIC('Basis Hull'!$AD$13:$AD$39,'Basis Hull'!$AE$13:$AE$39,$B66))	2.17
Q67	IF('Basis Hull'!AE$11="",0,CUBIC('Basis Hull'!$AD$13:$AD$39,'Basis Hull'!$AE$13:$AE$39,$B67))	2.181840666457894
Q68	IF('Basis Hull'!AE$11="",0,CUBIC('Basis Hull'!$AD$13:$AD$39,'Basis Hull'!$AE$13:$AE$39,$B68))	2.19
Q69	IF('Basis Hull'!AE$11="",0,CUBIC('Basis Hull'!$AD$13:$AD$39,'Basis Hull'!$AE$13:$AE$39,$B69))	2.1956364445140353
Q70	IF('Basis Hull'!AE$11="",0,CUBIC('Basis Hull'!$AD$13:$AD$39,'Basis Hull'!$AE$13:$AE$39,$B70))	2.2000000000000002
Q71		
Q75		7
Q76		22.645
Q77		0.08
Q78		8.98095214371121E-2
Q79		0.09
Q80		9.5571435688663692E-2
Q81		0.22
Q82		0.54415473580823326
Q83		0.92
Q84		1.1878096210784039
Q85		1.37
Q86		1.5221067798781529
Q87		1.6500000000000001
Q88		1.7500132594089846
Q89		1.83
Q9		
Q90		1.8990901824859079
Q91		1.96
Q92		2.0136260106473833
Q93		2.06
Q94		2.0989057749245572
Q95		2.13
Q96		2.1532508896543869
Q97		2.17
Q98		2.181840666457894
Q99		2.19
R10		Number:
R100		2.0417378366452201
R101		2.04
R102		
R103		
R104		6
R105		24.262499999999999
R106		0
R107		1.958163468655696E-3
R108		6.9163269373113921E-3
R109		1.3708333333333336E-2
R11		X  =
R110		2.4667346125377219E-2
R111		5.262432054128946E-2
R112		0.10924694243580255
R113		0.19550186851145404
R114		0.30617753800603542
R115		0.43549235608950643
R116		0.57787555941467861
R117		0.73086119114046577
R118		0.89265287820987305
R119		1.0625620300252425
R12		Z
R120		1.2393455816204522
R121		1.422181506101843
R122		1.6097974491829414
R123		1.802086096243998
R124		1.9982972755224051
R125		2.1976815929321112
R126		2.3988461026020613
R127		2.6015616827041699
R128		2.8051509679439732
R129		3.0093624935944887
R13		0
R130		3.2133826794966693
R131		
R132		6
R133		24.262499999999999
R134		0
R135		1.2863521679098096E-4
R136		8.91632693731139E-4
R137		2.6078698293287021E-3
R138		6.5836051168175541E-3
R139		1.9294979140570139E-2
R14		0.19999999999999998
R140		5.0706736605363553E-2
R141		0.10696361623749741
R142		0.19019148683785991
R143		0.3001918586125662
R144		0.43561970610563872
R145		0.59626267609818939
R146		0.7824747567803525
R147		0.99483490070863934
R148		1.2336419378807719
R149		1.4986961463196777
R15		0.39999999999999997
R150		1.7896530725578392
R151		2.1068446895165498
R152		2.450369444001594
R153		2.8191178085736586
R154		3.2115455487862739
R155		3.6269718890743325
R156		4.0648524326709561
R157		4.5241651775216365
R158		5.0037853692421566
R159		
R16		0.6
R160		
R161		6
R162		24.262499999999999
R163		0
R164		2.2659628644875259E-5
R165		1.5063851457950106E-4
R166		3.8065753770460953E-4
R167		1.0736583029056039E-3
R168		5.2296279617177512E-3
R169		2.1503186877298734E-2
R17		0.79999999999999993
R170		5.9099750269325402E-2
R171		0.12047748086666957
R172		0.20425402449404245
R173		0.30564361710950028
R174		0.42273247264234148
R175		0.55362627345986559
R176		0.6980081808031473
R177		0.85427978308605712
R178		1.0214407383801223
R179		1.1974498371010984
R18		0.99999999999999989
R180		1.3823275685374106
R181		1.5748337703818773
R182		1.7735982477828989
R183		1.9759458874163855
R184		2.1814027500031599
R185		2.3886584459295879
R186		2.5971574461912721
R187		2.8052913388355014
R188		
R189		
R19		1.2
R190		6
R191		24.262499999999999
R192		0
R193	R192+IF(AND(R77=0,R78=0),0,SQRT((R78-R77)^2+($B78-$B77)^2))	0.10658131974550003
R194		0.20922090019628062
R195		0.31043542265048329
R196		0.44793159676206967
R197		0.7096374584165468
R198		1.0336101246452014
R199		1.3257384828750167
R2		
R20		1.4
R200		1.563328676782163
R201		1.7479849928820643
R202		1.9002051241741564
R203		2.0387091602242444
R204		2.1694172596486458
R205		2.2945345225241316
R206		2.4136968165069068
R207		2.5270563597240798
R208		2.637385796841615
R209		2.7465368322786157
R21		1.5999999999999999
R210		2.8529048581586376
R211		2.9557717199355777
R212		3.0570253371748763
R213		3.1577772991314612
R214		3.258074349115633
R215		3.3580894483567252
R216		3.4581045475978174
R217		
R218		
R219		
R22		1.7999999999999998
R220		4
R221		4
R222		6
R223		24.262499999999999
R224		1.6193724182229685
R225		0.81065627775721705
R226		0.68617257760306938
R227		0.48645375489051823
R228		2.1050377020146565
R229		9.0151131229662305
R23		1.9999999999999998
R230		
R231		
R232		
R233		
R234		
R235		
R236		
R237		
R238		
R239		
R24		2.1999999999999997
R240		
R241		
R242		
R243		
R244		
R245		
R25		2.4
R26		
R266		4
R267		4
R268		6
R269		24.262499999999999
R27		
R270		3.4581045475978174
R28		
R29		
R30		
R31		
R32		
R33		
R34		
R35		
R36		
R37		
R38		
R39		
R40		13
R44		6
R45	AG11	24.262499999999999
R46	IF('Basis Hull'!AG$11="",0,CUBIC('Basis Hull'!$AF$13:$AF$39,'Basis Hull'!$AG$13:$AG$39,$B46))	0
R47	IF('Basis Hull'!AG$11="",0,CUBIC('Basis Hull'!$AF$13:$AF$39,'Basis Hull'!$AG$13:$AG$39,$B47))	3.687245202983544E-2
R48	IF('Basis Hull'!AG$11="",0,CUBIC('Basis Hull'!$AF$13:$AF$39,'Basis Hull'!$AG$13:$AG$39,$B48))	0.06
R49	IF('Basis Hull'!AG$11="",0,CUBIC('Basis Hull'!$AF$13:$AF$39,'Basis Hull'!$AG$13:$AG$39,$B49))	7.5632643910493708E-2
R5		m
R50	IF('Basis Hull'!AG$11="",0,CUBIC('Basis Hull'!$AF$13:$AF$39,'Basis Hull'!$AG$13:$AG$39,$B50))	0.17
R51	IF('Basis Hull'!AG$11="",0,CUBIC('Basis Hull'!$AF$13:$AF$39,'Basis Hull'!$AG$13:$AG$39,$B51))	0.41184697232819001
R52	IF('Basis Hull'!AG$11="",0,CUBIC('Basis Hull'!$AF$13:$AF$39,'Basis Hull'!$AG$13:$AG$39,$B52))	0.72
R53	IF('Basis Hull'!AG$11="",0,CUBIC('Basis Hull'!$AF$13:$AF$39,'Basis Hull'!$AG$13:$AG$39,$B53))	0.99447946677674681
R54	IF('Basis Hull'!AG$11="",0,CUBIC('Basis Hull'!$AF$13:$AF$39,'Basis Hull'!$AG$13:$AG$39,$B54))	1.21
R55	IF('Basis Hull'!AG$11="",0,CUBIC('Basis Hull'!$AF$13:$AF$39,'Basis Hull'!$AG$13:$AG$39,$B55))	1.3652351605648239
R56	IF('Basis Hull'!AG$11="",0,CUBIC('Basis Hull'!$AF$13:$AF$39,'Basis Hull'!$AG$13:$AG$39,$B56))	1.48
R57	IF('Basis Hull'!AG$11="",0,CUBIC('Basis Hull'!$AF$13:$AF$39,'Basis Hull'!$AG$13:$AG$39,$B57))	1.5758298909639581
R58	IF('Basis Hull'!AG$11="",0,CUBIC('Basis Hull'!$AF$13:$AF$39,'Basis Hull'!$AG$13:$AG$39,$B58))	1.66
R59	IF('Basis Hull'!AG$11="",0,CUBIC('Basis Hull'!$AF$13:$AF$39,'Basis Hull'!$AG$13:$AG$39,$B59))	1.7351952755793429
R60	IF('Basis Hull'!AG$11="",0,CUBIC('Basis Hull'!$AF$13:$AF$39,'Basis Hull'!$AG$13:$AG$39,$B60))	1.8000000000000003
R61	IF('Basis Hull'!AG$11="",0,CUBIC('Basis Hull'!$AF$13:$AF$39,'Basis Hull'!$AG$13:$AG$39,$B61))	1.85338900671867
R62	IF('Basis Hull'!AG$11="",0,CUBIC('Basis Hull'!$AF$13:$AF$39,'Basis Hull'!$AG$13:$AG$39,$B62))	1.9
R63	IF('Basis Hull'!AG$11="",0,CUBIC('Basis Hull'!$AF$13:$AF$39,'Basis Hull'!$AG$13:$AG$39,$B63))	1.9437486975459772
R64	IF('Basis Hull'!AG$11="",0,CUBIC('Basis Hull'!$AF$13:$AF$39,'Basis Hull'!$AG$13:$AG$39,$B64))	1.98
R65	IF('Basis Hull'!AG$11="",0,CUBIC('Basis Hull'!$AF$13:$AF$39,'Basis Hull'!$AG$13:$AG$39,$B65))	2.0041162030974209
R66	IF('Basis Hull'!AG$11="",0,CUBIC('Basis Hull'!$AF$13:$AF$39,'Basis Hull'!$AG$13:$AG$39,$B66))	2.02
R67	IF('Basis Hull'!AG$11="",0,CUBIC('Basis Hull'!$AF$13:$AF$39,'Basis Hull'!$AG$13:$AG$39,$B67))	2.0322864900643403
R68	IF('Basis Hull'!AG$11="",0,CUBIC('Basis Hull'!$AF$13:$AF$39,'Basis Hull'!$AG$13:$AG$39,$B68))	2.04
R69	IF('Basis Hull'!AG$11="",0,CUBIC('Basis Hull'!$AF$13:$AF$39,'Basis Hull'!$AG$13:$AG$39,$B69))	2.0417378366452201
R70	IF('Basis Hull'!AG$11="",0,CUBIC('Basis Hull'!$AF$13:$AF$39,'Basis Hull'!$AG$13:$AG$39,$B70))	2.04
R71		
R75		6
R76		24.262499999999999
R77		0
R78		3.687245202983544E-2
R79		0.06
R80		7.5632643910493708E-2
R81		0.17
R82		0.41184697232819001
R83		0.72
R84		0.99447946677674681
R85		1.21
R86		1.3652351605648239
R87		1.48
R88		1.5758298909639581
R89		1.66
R9		
R90		1.7351952755793429
R91		1.8000000000000003
R92		1.85338900671867
R93		1.9
R94		1.9437486975459772
R95		1.98
R96		2.0041162030974209
R97		2.02
R98		2.0322864900643403
R99		2.04
S10		13
S100		1.7312041596680521
S101		1.73
S102		
S103		
S104		5
S105		25.88
S106		0
S107		-6.270944836683182E-4
S108		-1.2541889673366364E-3
S109		5.4166666666666686E-4
S11	Q11+$E$5/20	12.94
S110		9.0083779346732742E-3
S111		2.8074955398660062E-2
S112		6.3212299293970292E-2
S113		0.11985637265368485
S114		0.20113404695477241
S115		0.301364081568259
S116		0.41424313495226717
S117		0.53713516198827072
S118		0.66988503530148613
S119		0.81050146472698281
S12		Y
S120		0.9577083459071154
S121		1.1103485066854561
S122		1.2682732031353794
S123		1.429927369446184
S124		1.5946904636166943
S125		1.7619315431114653
S126		1.9319565644631709
S127		2.1036276523562791
S128		2.2764749005959501
S129		2.4494640417117424
S13		0.08
S130		2.6226354552183571
S131		
S132		5
S133		25.88
S134		0
S135		-3.9193405229269874E-5
S136		-1.2541889673366361E-4
S137		3.7414438823805745E-4
S138		3.3866845072026428E-3
S139		1.2110993742467593E-2
S14		0.09
S140		3.1555311853517815E-2
S141		6.8614456419686748E-2
S142		0.12966720188274594
S143		0.21509197372643007
S144	S142+h/3*($B85*S85+4*$B86*S86+$B87*S87)	0.32233204774715785
S145		0.45155137445523491
S146		0.60417147146463202
S147		0.780128806331433
S148		0.97877510858528338
S149		1.2002915370721947
S15		0.22
S150		1.4449557277610126
S151		1.7118806942373523
S152		2.000065070579248
S153		2.3096677611773209
S154		2.6410373288542202
S155		2.9931829522157729
S156		3.3645925013997231
S157		3.7540473975933657
S158		4.1607617770312588
S159		
S16		0.98
S160		
S161		5
S162		25.88
S163		0
S164		1.4746780929271294E-6
S165		5.8987123717085177E-6
S166		3.5907928728280357E-5
S167		4.1939966920807962E-4
S168		2.3354937078840744E-3
S169		8.6359084956615529E-3
S17		1.44
S170		2.4954516718988108E-2
S171		5.8033825046957553E-2
S172		0.10856044373256965
S173	S171+h/6*(S85^2+4*S86^2+S87^2)	0.17214794988332097
S174		0.24788605029511207
S175		0.33583125129712726
S176		0.43492787380366438
S177		0.54307857725086361
S178		0.65980513659025852
S179		0.78428863577683727
S18		1.71
S180		0.91518451475921947
S181		1.0506894232600401
S182		1.1907756229956552
S183		1.3350814020559132
S184		1.4826780041120433
S185		1.6318172810589262
S186		1.7816856045703293
S187		1.9313851372223907
S188		
S189		
S19		1.89
S190		5
S191		25.88
S192		0
S193	S192+IF(AND(S77=0,S78=0),0,SQRT((S78-S77)^2+($B78-$B77)^2))	0.10044142912949629
S194		0.20088285825899257
S195		0.31032468916722239
S196		0.44191309630716097
S197		0.60714016959169537
S198		0.82049706125809374
S199		1.0822640407628163
S20		2.02
S200		1.3313094794891078
S201		1.5143571732195236
S202		1.6605796577757457
S203		1.8018697318288015
S204		1.9365303015240314
S205		2.0592733516750035
S206		2.1752923185700199
S207		2.2890534290325415
S208		2.3990275369455869
S209		2.5043724974158819
S21		2.13
S210		2.6079197149705053
S211		2.7114994951442033
S212		2.8141113620309048
S213		2.9150710730022125
S214		3.0152577108316962
S215		3.1152649605714333
S216		3.2152722103111704
S217		
S218		
S219		
S22		2.1949999999999998
S220		2
S221		2
S222		5
S223		25.88
S224		1.3261106894643571
S225		0.60227786786022697
S226		0.52493632667226842
S227		0.29033276322234169
S228		1.870028704721145
S229		10.63261312296623
S23		2.2400000000000002
S230		
S231		
S232		
S233		
S234		
S235		
S236		
S237		
S238		
S239		
S24		2.25
S240		
S241		
S242		
S243		
S244		
S245		
S25		2.25
S26		
S266		2
S267		2
S268		5
S269		25.88
S27		
S270		3.2152722103111699
S28		
S29		
S30		
S31		
S32		
S33		
S34		
S35		
S36		
S37		
S38		
S39		
S40		13
S41	Interpolate($C$223:$W$223,$C$225:$W$225,S11)	0.98941719251171989
S44		5
S45	AI11	25.88
S46	IF('Basis Hull'!AI$11="",0,CUBIC('Basis Hull'!$AH$13:$AH$39,'Basis Hull'!$AI$13:$AI$39,$B46))	0
S47	IF('Basis Hull'!AI$11="",0,CUBIC('Basis Hull'!$AH$13:$AH$39,'Basis Hull'!$AI$13:$AI$39,$B47))	-9.4064172550247724E-3
S48	IF('Basis Hull'!AI$11="",0,CUBIC('Basis Hull'!$AH$13:$AH$39,'Basis Hull'!$AI$13:$AI$39,$B48))	0
S49	IF('Basis Hull'!AI$11="",0,CUBIC('Basis Hull'!$AH$13:$AH$39,'Basis Hull'!$AI$13:$AI$39,$B49))	4.4469251765074325E-2
S50	IF('Basis Hull'!AI$11="",0,CUBIC('Basis Hull'!$AH$13:$AH$39,'Basis Hull'!$AI$13:$AI$39,$B50))	0.13
S51	IF('Basis Hull'!AI$11="",0,CUBIC('Basis Hull'!$AH$13:$AH$39,'Basis Hull'!$AI$13:$AI$39,$B51))	0.26152941019472759
S52	IF('Basis Hull'!AI$11="",0,CUBIC('Basis Hull'!$AH$13:$AH$39,'Basis Hull'!$AI$13:$AI$39,$B52))	0.45
S53	IF('Basis Hull'!AI$11="",0,CUBIC('Basis Hull'!$AH$13:$AH$39,'Basis Hull'!$AI$13:$AI$39,$B53))	0.69191310745601575
S54	IF('Basis Hull'!AI$11="",0,CUBIC('Basis Hull'!$AH$13:$AH$39,'Basis Hull'!$AI$13:$AI$39,$B54))	0.92
S55	IF('Basis Hull'!AI$11="",0,CUBIC('Basis Hull'!$AH$13:$AH$39,'Basis Hull'!$AI$13:$AI$39,$B55))	1.0733181599812105
S56	IF('Basis Hull'!AI$11="",0,CUBIC('Basis Hull'!$AH$13:$AH$39,'Basis Hull'!$AI$13:$AI$39,$B56))	1.18
S57	IF('Basis Hull'!AI$11="",0,CUBIC('Basis Hull'!$AH$13:$AH$39,'Basis Hull'!$AI$13:$AI$39,$B57))	1.2798142526191425
S58	IF('Basis Hull'!AI$11="",0,CUBIC('Basis Hull'!$AH$13:$AH$39,'Basis Hull'!$AI$13:$AI$39,$B58))	1.37
S59	IF('Basis Hull'!AI$11="",0,CUBIC('Basis Hull'!$AH$13:$AH$39,'Basis Hull'!$AI$13:$AI$39,$B59))	1.4411748295422195
S60	IF('Basis Hull'!AI$11="",0,CUBIC('Basis Hull'!$AH$13:$AH$39,'Basis Hull'!$AI$13:$AI$39,$B60))	1.5
S61	IF('Basis Hull'!AI$11="",0,CUBIC('Basis Hull'!$AH$13:$AH$39,'Basis Hull'!$AI$13:$AI$39,$B61))	1.5542364292119797
S62	IF('Basis Hull'!AI$11="",0,CUBIC('Basis Hull'!$AH$13:$AH$39,'Basis Hull'!$AI$13:$AI$39,$B62))	1.6
S63	IF('Basis Hull'!AI$11="",0,CUBIC('Basis Hull'!$AH$13:$AH$39,'Basis Hull'!$AI$13:$AI$39,$B63))	1.6331294536098615
S64	IF('Basis Hull'!AI$11="",0,CUBIC('Basis Hull'!$AH$13:$AH$39,'Basis Hull'!$AI$13:$AI$39,$B64))	1.66
S65	IF('Basis Hull'!AI$11="",0,CUBIC('Basis Hull'!$AH$13:$AH$39,'Basis Hull'!$AI$13:$AI$39,$B65))	1.6869957563485738
S66	IF('Basis Hull'!AI$11="",0,CUBIC('Basis Hull'!$AH$13:$AH$39,'Basis Hull'!$AI$13:$AI$39,$B66))	1.71
S67	IF('Basis Hull'!AI$11="",0,CUBIC('Basis Hull'!$AH$13:$AH$39,'Basis Hull'!$AI$13:$AI$39,$B67))	1.7238875209958435
S68	IF('Basis Hull'!AI$11="",0,CUBIC('Basis Hull'!$AH$13:$AH$39,'Basis Hull'!$AI$13:$AI$39,$B68))	1.73
S69	IF('Basis Hull'!AI$11="",0,CUBIC('Basis Hull'!$AH$13:$AH$39,'Basis Hull'!$AI$13:$AI$39,$B69))	1.7312041596680521
S70	IF('Basis Hull'!AI$11="",0,CUBIC('Basis Hull'!$AH$13:$AH$39,'Basis Hull'!$AI$13:$AI$39,$B70))	1.73
S71		
S75		5
S76	R76+$W$76/20	25.88
S77		0
S78		-9.4064172550247724E-3
S79		0
S80		4.4469251765074325E-2
S81		0.13
S82		0.26152941019472759
S83		0.45
S84		0.69191310745601575
S85		0.92
S86		1.0733181599812105
S87		1.18
S88		1.2798142526191425
S89		1.37
S9		
S90		1.4411748295422195
S91		1.5
S92		1.5542364292119797
S93		1.6
S94		1.6331294536098615
S95		1.66
S96		1.6869957563485738
S97		1.71
S98		1.7238875209958435
S99		1.73
T10		Number:
T100		1.2658713799962988
T101		1.2649999999999999
T102		
T103		
T104		4
T105		27.497499999999999
T106		0
T107		3.1008666419935707E-5
T108		6.2017332839871413E-5
T109		1.2500000000000022E-4
T11		X  =
T110		1.3759653343202582E-3
T111		7.7073679990130777E-3
T112		2.4058155995558852E-2
T113		5.5033904669380719E-2
T114		0.10301544534912414
T115		0.16585372332223047
T116		0.24000409727362454
T117		0.3233312453737972
T118		0.41459220022205778
T119		0.51314300518134714
T12		Z
T120		0.61825113650382435
T121		0.72866844389958052
T122		0.84302728842832475
T123		0.96042159588576359
T124		1.0802637444485568
T125		1.2023835492227979
T126		1.3265417684431287
T127		1.4521367505551444
T128		1.5784432164446089
T129		1.7050161585553911
T13		0
T130		1.8315594004441154
T131		
T132		4
T133		27.497499999999999
T134		0
T135		1.9380416512459812E-6
T136		6.2017332839871407E-6
T137		2.7034575083271764E-5
T138		5.0038613372810315E-4
T139		3.4025211745157911E-3
T14		0.19999999999999998
T140		1.2508148131014066E-2
T141		3.2763653977377877E-2
T142		6.8878250678509778E-2
T143		0.12240362629726438
T144	T142+h/3*($B85*T85+4*$B86*T86+$B87*T87)	0.19293470407722679
T145		0.28049613462442946
T146		0.38551495065383667
T147		0.50875535056015608
T148		0.65070490115346669
T149		0.81084389515675126
T15		0.39999999999999997
T150		0.98813579570688392
T151		1.181852112603704
T152		1.3916044376079448
T153		1.6175346678097242
T154		1.8596660165309649
T155		2.1171358227412562
T156		2.3887090573340739
T157		2.6734883887417498
T158		2.9708762805329387
T159		
T16		0.6
T160		
T161		4
T162		27.497499999999999
T163		0
T164		3.6057652242856809E-9
T165		1.4423060897142727E-8
T166		9.9614668855004661E-8
T167		1.5384035614522874E-5
T168		2.4434974859703152E-4
T169		1.6486816254402696E-3
T17		0.79999999999999993
T170		6.5513748465715685E-3
T171		1.8141817760846009E-2
T172		3.7987284791462794E-2
T173	T171+h/6*(T85^2+4*T86^2+T87^2)	6.5502321405005171E-2
T174		0.10027023067563076
T175		0.14191860129751777
T176		0.19051816278996664
T177		0.24575238319568207
T178		0.30674074556443964
T179		0.37211726572874299
T18		0.99999999999999989
T180		0.44104581871068249
T181		0.51284100911398678
T182		0.58742690273491538
T183		0.66448660182567443
T184		0.74337559471626946
T185		0.82312452703940309
T186		0.90324589436459712
T187		0.98329405041898532
T188		
T189		
T19		1.2
T190		4
T191		27.497499999999999
T192		0
T193	T192+IF(AND(T77=0,T78=0),0,SQRT((T78-T77)^2+($B78-$B77)^2))	0.10000108172371665
T194		0.2000021634474333
T195		0.30002988054776697
T196		0.4037808689172192
T197		0.52885076157659927
T198		0.68883796752167803
T199		0.881501907482652
T20		1.4
T200		1.0747137380239975
T201		1.2386584802287546
T202		1.3801400315245258
T203		1.5110032366234185
T204		1.6363576596507499
T205		1.7583899769166704
T206		1.8750388547845926
T207		1.9850369312178076
T208		2.0907166100099337
T209		2.1942386657595256
T21		1.5999999999999999
T210		2.2969006061826813
T211		2.3993103477790463
T212		2.5009023788498492
T213		2.6014532524321958
T214		2.7015539636076906
T215		2.8015577600511157
T216		2.9015615564945407
T217		
T218		
T219		
T22		1.7999999999999998
T220		4
T221		4
T222		4
T223		27.497499999999999
T224		0.91330807908493705
T225		0.36796999695441657
T226		0.33082336945385754
T227		0.1202343583176666
T228		1.5743690458960296
T229		12.25011312296623
T23		1.9999999999999998
T230		
T231		
T232		
T233		
T234		
T235		
T236		
T237		
T238		
T239		
T24		2.1999999999999997
T240		
T241		
T242		
T243		
T244		
T245		
T25		2.4
T26		
T266		4
T267		4
T268		4
T269		27.497499999999999
T27		
T270		2.9015615564945407
T28		
T29		
T30		
T31		
T32		
T33		
T34		
T35		
T36		
T37		
T38		
T39		
T40		13
T44		4
T45	AK11	27.497499999999999
T46	IF('Basis Hull'!AK$11="",0,CUBIC('Basis Hull'!$AJ$13:$AJ$39,'Basis Hull'!$AK$13:$AK$39,$B46))	0
T47	IF('Basis Hull'!AK$11="",0,CUBIC('Basis Hull'!$AJ$13:$AJ$39,'Basis Hull'!$AK$13:$AK$39,$B47))	4.6512999629903562E-4
T48	IF('Basis Hull'!AK$11="",0,CUBIC('Basis Hull'!$AJ$13:$AJ$39,'Basis Hull'!$AK$13:$AK$39,$B48))	0
T49	IF('Basis Hull'!AK$11="",0,CUBIC('Basis Hull'!$AJ$13:$AJ$39,'Basis Hull'!$AK$13:$AK$39,$B49))	2.3546100111028999E-3
T50	IF('Basis Hull'!AK$11="",0,CUBIC('Basis Hull'!$AJ$13:$AJ$39,'Basis Hull'!$AK$13:$AK$39,$B50))	0.03
T51	IF('Basis Hull'!AK$11="",0,CUBIC('Basis Hull'!$AJ$13:$AJ$39,'Basis Hull'!$AK$13:$AK$39,$B51))	0.10511642995928944
T52	IF('Basis Hull'!AK$11="",0,CUBIC('Basis Hull'!$AJ$13:$AJ$39,'Basis Hull'!$AK$13:$AK$39,$B52))	0.23
T53	IF('Basis Hull'!AK$11="",0,CUBIC('Basis Hull'!$AJ$13:$AJ$39,'Basis Hull'!$AK$13:$AK$39,$B53))	0.39467967015173971
T54	IF('Basis Hull'!AK$11="",0,CUBIC('Basis Hull'!$AJ$13:$AJ$39,'Basis Hull'!$AK$13:$AK$39,$B54))	0.56000000000000005
T55	IF('Basis Hull'!AK$11="",0,CUBIC('Basis Hull'!$AJ$13:$AJ$39,'Basis Hull'!$AK$13:$AK$39,$B55))	0.6899148894337529
T56	IF('Basis Hull'!AK$11="",0,CUBIC('Basis Hull'!$AJ$13:$AJ$39,'Basis Hull'!$AK$13:$AK$39,$B56))	0.79000000000000015
T57	IF('Basis Hull'!AK$11="",0,CUBIC('Basis Hull'!$AJ$13:$AJ$39,'Basis Hull'!$AK$13:$AK$39,$B57))	0.87441077211324936
T58	IF('Basis Hull'!AK$11="",0,CUBIC('Basis Hull'!$AJ$13:$AJ$39,'Basis Hull'!$AK$13:$AK$39,$B58))	0.95
T59	IF('Basis Hull'!AK$11="",0,CUBIC('Basis Hull'!$AJ$13:$AJ$39,'Basis Hull'!$AK$13:$AK$39,$B59))	1.0199420221132496
T60	IF('Basis Hull'!AK$11="",0,CUBIC('Basis Hull'!$AJ$13:$AJ$39,'Basis Hull'!$AK$13:$AK$39,$B60))	1.0800000000000003
T61	IF('Basis Hull'!AK$11="",0,CUBIC('Basis Hull'!$AJ$13:$AJ$39,'Basis Hull'!$AK$13:$AK$39,$B61))	1.1258211394337529
T62	IF('Basis Hull'!AK$11="",0,CUBIC('Basis Hull'!$AJ$13:$AJ$39,'Basis Hull'!$AK$13:$AK$39,$B62))	1.1599999999999999
T63	IF('Basis Hull'!AK$11="",0,CUBIC('Basis Hull'!$AJ$13:$AJ$39,'Basis Hull'!$AK$13:$AK$39,$B63))	1.1867734201517395
T64	IF('Basis Hull'!AK$11="",0,CUBIC('Basis Hull'!$AJ$13:$AJ$39,'Basis Hull'!$AK$13:$AK$39,$B64))	1.21
T65	IF('Basis Hull'!AK$11="",0,CUBIC('Basis Hull'!$AJ$13:$AJ$39,'Basis Hull'!$AK$13:$AK$39,$B65))	1.2320851799592893
T66	IF('Basis Hull'!AK$11="",0,CUBIC('Basis Hull'!$AJ$13:$AJ$39,'Basis Hull'!$AK$13:$AK$39,$B66))	1.25
T67	IF('Basis Hull'!AK$11="",0,CUBIC('Basis Hull'!$AJ$13:$AJ$39,'Basis Hull'!$AK$13:$AK$39,$B67))	1.2605108600111028
T68	IF('Basis Hull'!AK$11="",0,CUBIC('Basis Hull'!$AJ$13:$AJ$39,'Basis Hull'!$AK$13:$AK$39,$B68))	1.2649999999999999
T69	IF('Basis Hull'!AK$11="",0,CUBIC('Basis Hull'!$AJ$13:$AJ$39,'Basis Hull'!$AK$13:$AK$39,$B69))	1.2658713799962988
T70	IF('Basis Hull'!AK$11="",0,CUBIC('Basis Hull'!$AJ$13:$AJ$39,'Basis Hull'!$AK$13:$AK$39,$B70))	1.2649999999999999
T71		
T75		4
T76		27.497499999999999
T77		0
T78		4.6512999629903562E-4
T79		0
T80		2.3546100111028999E-3
T81		0.03
T82		0.10511642995928944
T83		0.23
T84		0.39467967015173971
T85		0.56000000000000005
T86		0.6899148894337529
T87		0.79000000000000015
T88		0.87441077211324936
T89		0.95
T9		
T90		1.0199420221132496
T91		1.0800000000000003
T92		1.1258211394337529
T93		1.1599999999999999
T94		1.1867734201517395
T95		1.21
T96		1.2320851799592893
T97		1.25
T98		1.2605108600111028
T99		1.2649999999999999
U10		12
U100		0.6598383996185162
U101		0.66
U102		
U103		
U104		3
U105		29.114999999999998
U106		0
U107		7.9611256619028606E-5
U108		1.5922251323805721E-4
U109		0
U11	S11+$E$5/20	14.557499999999999
U110		-3.1844502647611437E-4
U111		6.5177835980944807E-4
U112		5.4330026191425169E-3
U113		1.804094284385736E-2
U114		4.1904879576382177E-2
U115		7.8040839881189636E-2
U116		0.12576592410180493
U117		0.183235420581146
U118		0.2473498690428742
U119		0.31370720074398833
U12		Y
U120		0.37865304475317424
U121		0.44200049939266262
U122		0.50485639697090468
U123		0.56827219130178974
U124		0.6327398123896828
U125		0.69814212501660688
U126		0.76400279849683983
U127		0.83005736491487792
U128		0.89606743864943339
U129		0.96206813827364357
U13		0.08
U130		1.0280458919319022
U131		
U132		3
U133		29.114999999999998
U134		0
U135		4.975703538689287E-6
U136		1.5922251323805721E-5
U137		-2.6868799108922155E-5
U138		-1.2737801059044577E-4
U139		3.2290375778151043E-4
U14		0.09
U140		3.0150124788855363E-3
U141		1.1274413181000781E-2
U142		2.9278659682286639E-2
U143		6.0084060000071174E-2
U144	U142+h/3*($B85*U85+4*$B86*U86+$B87*U87)	0.10552026642183379
U145		0.16592171321041871
U146		0.23969593919034335
U147		0.32263916350839361
U148		0.41032340094706676
U149		0.50214728602922343
U15		0.22
U150		0.59959509594032911
U151		0.70421566133051972
U152		0.81706356881891862
U153		0.93804103128440008
U154		1.0664965757558504
U155		1.2018832190987447
U156		1.3438323200762969
U157		1.4923047658162758
U158		1.6473827626259752
U159		
U16		0.98
U160		
U161		3
U162		29.114999999999998
U163		0
U164		2.3767320676728096E-8
U165		9.5069282706912396E-8
U166		2.6144052744400906E-7
U167		9.5069282706912391E-7
U168		9.3964779961319092E-6
U169		1.4330188582412518E-4
U17		1.44
U170		9.7625431091264846E-4
U171		3.8750486911598016E-3
U172		1.0467969442079268E-2
U173	U171+h/6*(U85^2+4*U86^2+U87^2)	2.1898495743823937E-2
U174		3.8446119155138347E-2
U175		5.9004314210062789E-2
U176		8.1032181949870496E-2
U177		0.10211108025608584
U178		0.12218841727481608
U179		0.14193092217651174
U18		1.71
U180		0.16205098696439385
U181		0.18281969234773024
U182		0.20421922498799888
U183		0.22589554093759856
U184		0.24772344001117971
U185		0.26949821910712024
U186		0.29129055478041221
U187		0.31304400001452853
U188		
U189		
U19		1.89
U190		3
U191		29.114999999999998
U192		0
U193	U192+IF(AND(U77=0,U78=0),0,SQRT((U78-U77)^2+($B78-$B77)^2))	0.10000712994202265
U194		0.20001425988404531
U195		0.30007841107299726
U196		0.40014256226194916
U197		0.50278401536426964
U198		0.61782109947288866
U199		0.75821322792511903
U20		2.02
U200		0.91554331332666139
U201		1.0728710140839011
U202		1.2204562498388742
U203		1.3512993417928705
U204		1.461213954456505
U205		1.5612142102480544
U206		1.6631504838284894
U207		1.7637509187986036
U208		1.8637556704298923
U209		1.9641711914454421
U21		2.13
U210		2.0647607149316918
U211		2.1650034917450025
U212		2.2650493131828293
U213		2.365050488336673
U214		2.4650516634905162
U215		2.5650517940638475
U216		2.6650519246371789
U217		
U218		
U219		
U22		2.1949999999999998
U220		2
U221		2
U222		3
U223		29.114999999999998
U224		0.6420346902935149
U225		0.21446202581421175
U226		0.20113722880146362
U227		4.8223895227149316E-2
U228		1.4088727080359833
U229		13.86761312296623
U23		2.2400000000000002
U230		
U231		
U232		
U233		
U234		
U235		
U236		
U237		
U238		
U239		
U24		2.25
U240		
U241		
U242		
U243		
U244		
U245		
U25		2.25
U26		
U266		2
U267		2
U268		3
U269		29.114999999999998
U27		
U270		2.6650519246371789
U28		
U29		
U30		
U31		
U32		
U33		
U34		
U35		
U36		
U37		
U38		
U39		
U40		13
U41	Interpolate($C$223:$W$223,$C$225:$W$225,U11)	0.98941719251172
U44		3
U45	AM11	29.114999999999998
U46	IF('Basis Hull'!AM$11="",0,CUBIC('Basis Hull'!$AL$13:$AL$39,'Basis Hull'!$AM$13:$AM$39,$B46))	0
U47	IF('Basis Hull'!AM$11="",0,CUBIC('Basis Hull'!$AL$13:$AL$39,'Basis Hull'!$AM$13:$AM$39,$B47))	1.1941688492854291E-3
U48	IF('Basis Hull'!AM$11="",0,CUBIC('Basis Hull'!$AL$13:$AL$39,'Basis Hull'!$AM$13:$AM$39,$B48))	0
U49	IF('Basis Hull'!AM$11="",0,CUBIC('Basis Hull'!$AL$13:$AL$39,'Basis Hull'!$AM$13:$AM$39,$B49))	-3.5825065478562873E-3
U50	IF('Basis Hull'!AM$11="",0,CUBIC('Basis Hull'!$AL$13:$AL$39,'Basis Hull'!$AM$13:$AM$39,$B50))	0
U51	IF('Basis Hull'!AM$11="",0,CUBIC('Basis Hull'!$AL$13:$AL$39,'Basis Hull'!$AM$13:$AM$39,$B51))	2.3135857342139729E-2
U52	IF('Basis Hull'!AM$11="",0,CUBIC('Basis Hull'!$AL$13:$AL$39,'Basis Hull'!$AM$13:$AM$39,$B52))	0.08
U53	IF('Basis Hull'!AM$11="",0,CUBIC('Basis Hull'!$AL$13:$AL$39,'Basis Hull'!$AM$13:$AM$39,$B53))	0.17853907717929751
U54	IF('Basis Hull'!AM$11="",0,CUBIC('Basis Hull'!$AL$13:$AL$39,'Basis Hull'!$AM$13:$AM$39,$B54))	0.3
U55	IF('Basis Hull'!AM$11="",0,CUBIC('Basis Hull'!$AL$13:$AL$39,'Basis Hull'!$AM$13:$AM$39,$B55))	0.42145783394067077
U56	IF('Basis Hull'!AM$11="",0,CUBIC('Basis Hull'!$AL$13:$AL$39,'Basis Hull'!$AM$13:$AM$39,$B56))	0.53
U57	IF('Basis Hull'!AM$11="",0,CUBIC('Basis Hull'!$AL$13:$AL$39,'Basis Hull'!$AM$13:$AM$39,$B57))	0.61437958705801965
U58	IF('Basis Hull'!AM$11="",0,CUBIC('Basis Hull'!$AL$13:$AL$39,'Basis Hull'!$AM$13:$AM$39,$B58))	0.66
U59	IF('Basis Hull'!AM$11="",0,CUBIC('Basis Hull'!$AL$13:$AL$39,'Basis Hull'!$AM$13:$AM$39,$B59))	0.65977381782725031
U60	IF('Basis Hull'!AM$11="",0,CUBIC('Basis Hull'!$AL$13:$AL$39,'Basis Hull'!$AM$13:$AM$39,$B60))	0.64
U61	IF('Basis Hull'!AM$11="",0,CUBIC('Basis Hull'!$AL$13:$AL$39,'Basis Hull'!$AM$13:$AM$39,$B61))	0.6290251416329784
U62	IF('Basis Hull'!AM$11="",0,CUBIC('Basis Hull'!$AL$13:$AL$39,'Basis Hull'!$AM$13:$AM$39,$B62))	0.63
U63	IF('Basis Hull'!AM$11="",0,CUBIC('Basis Hull'!$AL$13:$AL$39,'Basis Hull'!$AM$13:$AM$39,$B63))	0.63912561564083592
U64	IF('Basis Hull'!AM$11="",0,CUBIC('Basis Hull'!$AL$13:$AL$39,'Basis Hull'!$AM$13:$AM$39,$B64))	0.65
U65	IF('Basis Hull'!AM$11="",0,CUBIC('Basis Hull'!$AL$13:$AL$39,'Basis Hull'!$AM$13:$AM$39,$B65))	0.65697239580367817
U66	IF('Basis Hull'!AM$11="",0,CUBIC('Basis Hull'!$AL$13:$AL$39,'Basis Hull'!$AM$13:$AM$39,$B66))	0.66
U67	IF('Basis Hull'!AM$11="",0,CUBIC('Basis Hull'!$AL$13:$AL$39,'Basis Hull'!$AM$13:$AM$39,$B67))	0.66048480114445141
U68	IF('Basis Hull'!AM$11="",0,CUBIC('Basis Hull'!$AL$13:$AL$39,'Basis Hull'!$AM$13:$AM$39,$B68))	0.66
U69	IF('Basis Hull'!AM$11="",0,CUBIC('Basis Hull'!$AL$13:$AL$39,'Basis Hull'!$AM$13:$AM$39,$B69))	0.6598383996185162
U70	IF('Basis Hull'!AM$11="",0,CUBIC('Basis Hull'!$AL$13:$AL$39,'Basis Hull'!$AM$13:$AM$39,$B70))	0.66
U71		
U75		3
U76		29.114999999999998
U77		0
U78		1.1941688492854291E-3
U79		0
U80		-3.5825065478562873E-3
U81		0
U82		2.3135857342139729E-2
U83		0.08
U84		0.17853907717929751
U85		0.3
U86		0.42145783394067077
U87		0.53
U88		0.61437958705801965
U89		0.66
U9		
U90		0.65977381782725031
U91		0.64
U92		0.6290251416329784
U93		0.63
U94		0.63912561564083592
U95		0.65
U96		0.65697239580367817
U97		0.66
U98		0.66048480114445141
U99		0.66
V10		Number:
V100		0.14637901234128567
V101		0.13
V102		
V103		
V104		2
V105		30.732499999999998
V106		0
V107		-3.530943365787925E-5
V108		-7.0618867315758499E-5
V109		0
V11		X  =
V110		1.4123773463151703E-4
V111		-1.4123773463151703E-4
V112		-6.3556980584182675E-4
V113		8.4673710357000714E-4
V114		7.7598037541042799E-3
V115		2.3952742152062102E-2
V116		5.0455117054793233E-2
V117		8.145741378655888E-2
V118		0.11077849029209134
V119		0.13791605553341307
V12		Z
V120		0.16428968404220998
V121		0.1896601502448329
V122		0.2134215358044374
V123		0.23585012965229935
V124		0.25738293500540915
V125		0.27767945064434701
V126		0.29640548643929476
V127		0.31383885393535649
V128		0.3303538815027805
V129		0.34570525311260414
V13		0
V130		0.3595377498149519
V131		
V132		2
V133		30.732499999999998
V134		0
V135		-2.2068396036174531E-6
V136		-7.0618867315758498E-6
V137		1.1916933859534249E-5
V138		5.6495093852606812E-5
V139		-6.9294763553588064E-5
V14		0.19999999999999998
V140		-3.3190867638406503E-4
V141		6.6112800021114607E-4
V142		5.9115194822448773E-3
V143		1.9753430532523392E-2
V144	V142+h/3*($B85*V85+4*$B86*V86+$B87*V87)	4.4970634786198255E-2
V145		7.7557136998768719E-2
V146		0.11125967868055951
V147		0.14517053594114759
V148		0.18075756388904707
V149		0.21754445165410477
V15		0.39999999999999997
V150		0.2543553415323882
V151		0.29136082405868635
V152		0.32902305350737349
V153		0.36657179731686168
V154		0.40306590123175617
V155		0.43880541665628736
V156		0.47429086419840955
V157		0.50883404834411594
V158		0.54131376131640385
V159		
V16		0.6
V160		
V161		2
V162		30.732499999999998
V163		0
V164		4.6753353946506601E-9
V165		1.870134157860264E-8
V166		5.142868934115727E-8
V167		1.8701341578602644E-7
V168		6.5922229064574345E-7
V169		2.449875746796947E-6
V17		0.79999999999999993
V170		2.218806495078769E-5
V171		2.8796905072302041E-4
V172		1.639813788760093E-3
V173	V171+h/6*(V85^2+4*V86^2+V87^2)	5.1496194376506859E-3
V174		1.0004981629445929E-2
V175		1.4256973746799694E-2
V176		1.7989049783194242E-2
V177		2.1419225385977268E-2
V178		2.4686454911756819E-2
V179		2.7461594261049993E-2
V18		0.99999999999999989
V180		3.0026175483473777E-2
V181		3.2296441006178428E-2
V182		3.4405570362272868E-2
V183		3.611084044291301E-2
V184		3.7679896174948956E-2
V185		3.8995410923549439E-2
V186		4.0223152382674904E-2
V187		4.1132198607150124E-2
V188		
V189		
V19		1.2
V190		2
V191	U191+$W$76/20	30.732499999999998
V192		0
V193	V192+IF(AND(V77=0,V78=0),0,SQRT((V78-V77)^2+($B78-$B77)^2))	0.10000140259078208
V194		0.20000280518156416
V195		0.30001542779047846
V196		0.40002805039939271
V197		0.50019762130276224
V198		0.60036719220613166
V199		0.70646991424776151
V20		1.4
V200		0.83119128872195602
V201		0.97816914031116053
V202		1.1076714412591158
V203		1.2079467376655268
V204		1.3116392978643332
V205		1.4125687823431781
V206		1.5127691763653623
V207		1.6137459620807135
V208		1.7150161183282788
V209		1.815544094203525
V21		1.5999999999999999
V210		1.9160144564695463
V211		2.0171082472495891
V212		2.1182522173097347
V213		2.2187902227511347
V214		2.3192512055115109
V215		2.420174598760048
V216		2.5215070814360194
V217		
V218		
V219		
V22		1.7999999999999998
V220		4
V221		4
V222		2
V223		30.732499999999998
V224		0.29806897445980191
V225		9.6328104567604267E-2
V226		9.4268902906011587E-2
V227		1.2206398947427997E-2
V228		1.2593658597908808
V229		15.485113122966229
V23		1.9999999999999998
V230		
V231		
V232		
V233		
V234		
V235		
V236		
V237		
V238		
V239		
V24		2.1999999999999997
V240		
V241		
V242		
V243		
V244		
V245		
V25		2.4
V26		
V266		4
V267		4
V268		2
V269		30.732499999999998
V27		
V270		2.5215070814360194
V28		
V29		
V30		
V31		
V32		
V33		
V34		
V35		
V36		
V37		
V38		
V39		
V40		13
V44		2
V45	AO11	30.732499999999998
V46	IF('Basis Hull'!AO$11="",0,CUBIC('Basis Hull'!$AN$13:$AN$39,'Basis Hull'!$AO$13:$AO$39,$B46))	0
V47	IF('Basis Hull'!AO$11="",0,CUBIC('Basis Hull'!$AN$13:$AN$39,'Basis Hull'!$AO$13:$AO$39,$B47))	-5.2964150486818878E-4
V48	IF('Basis Hull'!AO$11="",0,CUBIC('Basis Hull'!$AN$13:$AN$39,'Basis Hull'!$AO$13:$AO$39,$B48))	0
V49	IF('Basis Hull'!AO$11="",0,CUBIC('Basis Hull'!$AN$13:$AN$39,'Basis Hull'!$AO$13:$AO$39,$B49))	1.5889245146045664E-3
V50	IF('Basis Hull'!AO$11="",0,CUBIC('Basis Hull'!$AN$13:$AN$39,'Basis Hull'!$AO$13:$AO$39,$B50))	0
V51	IF('Basis Hull'!AO$11="",0,CUBIC('Basis Hull'!$AN$13:$AN$39,'Basis Hull'!$AO$13:$AO$39,$B51))	-5.8260565535500778E-3
V52	IF('Basis Hull'!AO$11="",0,CUBIC('Basis Hull'!$AN$13:$AN$39,'Basis Hull'!$AO$13:$AO$39,$B52))	0
V53	IF('Basis Hull'!AO$11="",0,CUBIC('Basis Hull'!$AN$13:$AN$39,'Basis Hull'!$AO$13:$AO$39,$B53))	3.5465301699595803E-2
V54	IF('Basis Hull'!AO$11="",0,CUBIC('Basis Hull'!$AN$13:$AN$39,'Basis Hull'!$AO$13:$AO$39,$B54))	0.11
V55	IF('Basis Hull'!AO$11="",0,CUBIC('Basis Hull'!$AN$13:$AN$39,'Basis Hull'!$AO$13:$AO$39,$B55))	0.21771484975516708
V56	IF('Basis Hull'!AO$11="",0,CUBIC('Basis Hull'!$AN$13:$AN$39,'Basis Hull'!$AO$13:$AO$39,$B56))	0.30000000000000004
V57	IF('Basis Hull'!AO$11="",0,CUBIC('Basis Hull'!$AN$13:$AN$39,'Basis Hull'!$AO$13:$AO$39,$B57))	0.30742529927973583
V58	IF('Basis Hull'!AO$11="",0,CUBIC('Basis Hull'!$AN$13:$AN$39,'Basis Hull'!$AO$13:$AO$39,$B58))	0.28000000000000003
V59	IF('Basis Hull'!AO$11="",0,CUBIC('Basis Hull'!$AN$13:$AN$39,'Basis Hull'!$AO$13:$AO$39,$B59))	0.2663339531258897
V60	IF('Basis Hull'!AO$11="",0,CUBIC('Basis Hull'!$AN$13:$AN$39,'Basis Hull'!$AO$13:$AO$39,$B60))	0.26
V61	IF('Basis Hull'!AO$11="",0,CUBIC('Basis Hull'!$AN$13:$AN$39,'Basis Hull'!$AO$13:$AO$39,$B61))	0.24598888821670556
V62	IF('Basis Hull'!AO$11="",0,CUBIC('Basis Hull'!$AN$13:$AN$39,'Basis Hull'!$AO$13:$AO$39,$B62))	0.23
V63	IF('Basis Hull'!AO$11="",0,CUBIC('Basis Hull'!$AN$13:$AN$39,'Basis Hull'!$AO$13:$AO$39,$B63))	0.21971049400728804
V64	IF('Basis Hull'!AO$11="",0,CUBIC('Basis Hull'!$AN$13:$AN$39,'Basis Hull'!$AO$13:$AO$39,$B64))	0.21
V65	IF('Basis Hull'!AO$11="",0,CUBIC('Basis Hull'!$AN$13:$AN$39,'Basis Hull'!$AO$13:$AO$39,$B65))	0.19516913575414219
V66	IF('Basis Hull'!AO$11="",0,CUBIC('Basis Hull'!$AN$13:$AN$39,'Basis Hull'!$AO$13:$AO$39,$B66))	0.17999999999999997
V67	IF('Basis Hull'!AO$11="",0,CUBIC('Basis Hull'!$AN$13:$AN$39,'Basis Hull'!$AO$13:$AO$39,$B67))	0.16961296297614298
V68	IF('Basis Hull'!AO$11="",0,CUBIC('Basis Hull'!$AN$13:$AN$39,'Basis Hull'!$AO$13:$AO$39,$B68))	0.16
V69	IF('Basis Hull'!AO$11="",0,CUBIC('Basis Hull'!$AN$13:$AN$39,'Basis Hull'!$AO$13:$AO$39,$B69))	0.14637901234128567
V70	IF('Basis Hull'!AO$11="",0,CUBIC('Basis Hull'!$AN$13:$AN$39,'Basis Hull'!$AO$13:$AO$39,$B70))	0.13
V71		
V75		2
V76	U76+$W$76/20	30.732499999999998
V77		0
V78		-5.2964150486818878E-4
V79		0
V80		1.5889245146045664E-3
V81		0
V82		-5.8260565535500778E-3
V83		0
V84		3.5465301699595803E-2
V85		0.11
V86		0.21771484975516708
V87		0.30000000000000004
V88		0.30742529927973583
V89		0.28000000000000003
V9		MIDSHIP
V90		0.2663339531258897
V91		0.26
V92		0.24598888821670556
V93		0.23
V94		0.21971049400728804
V95		0.21
V96		0.19516913575414219
V97		0.17999999999999997
V98		0.16961296297614298
V99		0.16
W10		11
W100		0
W101		0
W104		1
W105	E5	32.35
W106		0
W107		0
W108		0
W109		0
W11	U11+$E$5/20	16.175000000000001
W110		0
W111		0
W112		0
W113		0
W114		0
W115		0
W116		0
W117		0
W118		0
W119		0
W12		Y
W120		0
W121		0
W122		0
W123		0
W124		0
W125		0
W126		0
W127		0
W128		0
W129		0
W13		0.08
W130		0
W132		1
W133	E5	32.35
W134		0
W135		0
W136		0
W137		0
W138		0
W139		0
W14		0.09
W140		0
W141		0
W142		0
W143		0
W144	W142+h/3*($B85*W85+4*$B86*W86+$B87*W87)	0
W145		0
W146		0
W147		0
W148		0
W149		0
W15		0.22
W150		0
W151		0
W152		0
W153		0
W154		0
W155		0
W156		0
W157		0
W158		0
W16		0.98
W161		1
W162	E5	32.35
W163		0
W164		0
W165		0
W166		0
W167		0
W168		0
W169		0
W17		1.44
W170		0
W171		0
W172		0
W173	W171+h/6*(W85^2+4*W86^2+W87^2)	0
W174		0
W175		0
W176		0
W177		0
W178		0
W179		0
W18		1.71
W180		0
W181		0
W182		0
W183		0
W184		0
W185		0
W186		0
W187		0
W19		1.89
W190		1
W191	E5	32.35
W192		0
W193	W192+IF(AND(W77=0,W78=0),0,SQRT((W78-W77)^2+($B78-$B77)^2))	0
W194		0
W195		0
W196		0
W197		0
W198		0
W199		0
W20		2.02
W200		0
W201		0
W202		0
W203		0
W204		0
W205		0
W206		0
W207		0
W208		0
W209		0
W21		2.13
W210		0
W211		0
W212		0
W213		0
W214		0
W215		0
W216		0
W22		2.1949999999999998
W220		1
W221		1
W222		1
W223	E5	32.35
W224		0
W225	Interpolate($B$106:$B$130,W106:W130,$F$218)	0
W226		0
W227		0
W228		0
W229		17.102613122966233
W23		2.2400000000000002
W24		2.25
W25		2.25
W26		
W266		1
W267		1
W268		1
W269		32.35
W27		
W270		0
W28		
W29		
W30		
W31		
W32		
W33		
W34		
W35		
W36		
W37		
W38		
W39		
W40		13
W41	Interpolate($C$223:$W$223,$C$225:$W$225,W11)	0.98941719251171989
W44		1
W45	AQ11	32.35
W46	IF('Basis Hull'!AQ$11="",0,CUBIC('Basis Hull'!$AP$13:$AP$39,'Basis Hull'!$AQ$13:$AQ$39,$B46))	0
W47	IF('Basis Hull'!AQ$11="",0,CUBIC('Basis Hull'!$AP$13:$AP$39,'Basis Hull'!$AQ$13:$AQ$39,$B47))	0
W48	IF('Basis Hull'!AQ$11="",0,CUBIC('Basis Hull'!$AP$13:$AP$39,'Basis Hull'!$AQ$13:$AQ$39,$B48))	0
W49	IF('Basis Hull'!AQ$11="",0,CUBIC('Basis Hull'!$AP$13:$AP$39,'Basis Hull'!$AQ$13:$AQ$39,$B49))	0
W50	IF('Basis Hull'!AQ$11="",0,CUBIC('Basis Hull'!$AP$13:$AP$39,'Basis Hull'!$AQ$13:$AQ$39,$B50))	0
W51	IF('Basis Hull'!AQ$11="",0,CUBIC('Basis Hull'!$AP$13:$AP$39,'Basis Hull'!$AQ$13:$AQ$39,$B51))	0
W52	IF('Basis Hull'!AQ$11="",0,CUBIC('Basis Hull'!$AP$13:$AP$39,'Basis Hull'!$AQ$13:$AQ$39,$B52))	0
W53	IF('Basis Hull'!AQ$11="",0,CUBIC('Basis Hull'!$AP$13:$AP$39,'Basis Hull'!$AQ$13:$AQ$39,$B53))	0
W54	IF('Basis Hull'!AQ$11="",0,CUBIC('Basis Hull'!$AP$13:$AP$39,'Basis Hull'!$AQ$13:$AQ$39,$B54))	0
W55	IF('Basis Hull'!AQ$11="",0,CUBIC('Basis Hull'!$AP$13:$AP$39,'Basis Hull'!$AQ$13:$AQ$39,$B55))	0
W56	IF('Basis Hull'!AQ$11="",0,CUBIC('Basis Hull'!$AP$13:$AP$39,'Basis Hull'!$AQ$13:$AQ$39,$B56))	0
W57	IF('Basis Hull'!AQ$11="",0,CUBIC('Basis Hull'!$AP$13:$AP$39,'Basis Hull'!$AQ$13:$AQ$39,$B57))	0
W58	IF('Basis Hull'!AQ$11="",0,CUBIC('Basis Hull'!$AP$13:$AP$39,'Basis Hull'!$AQ$13:$AQ$39,$B58))	0
W59	IF('Basis Hull'!AQ$11="",0,CUBIC('Basis Hull'!$AP$13:$AP$39,'Basis Hull'!$AQ$13:$AQ$39,$B59))	0
W60	IF('Basis Hull'!AQ$11="",0,CUBIC('Basis Hull'!$AP$13:$AP$39,'Basis Hull'!$AQ$13:$AQ$39,$B60))	0
W61	IF('Basis Hull'!AQ$11="",0,CUBIC('Basis Hull'!$AP$13:$AP$39,'Basis Hull'!$AQ$13:$AQ$39,$B61))	0
W62	IF('Basis Hull'!AQ$11="",0,CUBIC('Basis Hull'!$AP$13:$AP$39,'Basis Hull'!$AQ$13:$AQ$39,$B62))	0
W63	IF('Basis Hull'!AQ$11="",0,CUBIC('Basis Hull'!$AP$13:$AP$39,'Basis Hull'!$AQ$13:$AQ$39,$B63))	0
W64	IF('Basis Hull'!AQ$11="",0,CUBIC('Basis Hull'!$AP$13:$AP$39,'Basis Hull'!$AQ$13:$AQ$39,$B64))	0
W65	IF('Basis Hull'!AQ$11="",0,CUBIC('Basis Hull'!$AP$13:$AP$39,'Basis Hull'!$AQ$13:$AQ$39,$B65))	0
W66	IF('Basis Hull'!AQ$11="",0,CUBIC('Basis Hull'!$AP$13:$AP$39,'Basis Hull'!$AQ$13:$AQ$39,$B66))	0
W67	IF('Basis Hull'!AQ$11="",0,CUBIC('Basis Hull'!$AP$13:$AP$39,'Basis Hull'!$AQ$13:$AQ$39,$B67))	0
W68	IF('Basis Hull'!AQ$11="",0,CUBIC('Basis Hull'!$AP$13:$AP$39,'Basis Hull'!$AQ$13:$AQ$39,$B68))	0
W69	IF('Basis Hull'!AQ$11="",0,CUBIC('Basis Hull'!$AP$13:$AP$39,'Basis Hull'!$AQ$13:$AQ$39,$B69))	0
W70	IF('Basis Hull'!AQ$11="",0,CUBIC('Basis Hull'!$AP$13:$AP$39,'Basis Hull'!$AQ$13:$AQ$39,$B70))	0
W75		1
W76	E5	32.35
W77		0
W78		0
W79		0
W80		0
W81		0
W82		0
W83		0
W84		0
W85		0
W86		0
W87		0
W88		0
W89		0
W9		
W90		0
W91		0
W92		0
W93		0
W94		0
W95		0
W96		0
W97		0
W98		0
W99		0
X10		Number:
X11		X  =
X12		Z
X13		0
X14		0.19999999999999998
X15		0.39999999999999997
X16		0.6
X17		0.79999999999999993
X18		0.99999999999999989
X19		1.2
X20		1.4
X21		1.5999999999999999
X22		1.7999999999999998
X23		1.9999999999999998
X24		2.1999999999999997
X25		2.4
X26		
X27		
X28		
X29		
X30		
X31		
X32		
X33		
X34		
X35		
X36		
X37		
X38		
X39		
X40		13
X9		
Y10		10
Y11	W11+$E$5/20	17.7925
Y12		Y
Y13		0.08
Y14		0.09
Y15		0.22
Y16		0.98
Y17		1.44
Y18		1.71
Y19		1.89
Y20		2.02
Y21		2.13
Y22		2.1949999999999998
Y23		2.2400000000000002
Y24		2.25
Y25		2.25
Y26		
Y27		
Y28		
Y29		
Y30		
Y31		
Y32		
Y33		
Y34		
Y35		
Y36		
Y37		
Y38		
Y39		
Y40		13
Y41	Interpolate($C$223:$W$223,$C$225:$W$225,Y11)	0.98941719251171989
Y49	CUBIC(C45:W45,C49:W49,74)	31.700628908107223
Y84		replaced cubic2 with cubic
Y9		
Z10		Number:
Z11		X  =
Z12		Z
Z13		0
Z14		0.19999999999999998
Z15		0.39999999999999997
Z16		0.6
Z17		0.79999999999999993
Z18		0.99999999999999989
Z19		1.2
Z20		1.4
Z21		1.5999999999999999
Z22		1.7999999999999998
Z23		1.9999999999999998
Z24		2.1999999999999997
Z25		2.4
Z26		
Z27		
Z28		
Z29		
Z30		
Z31		
Z32		
Z33		
Z34		
Z35		
Z36		
Z37		
Z38		
Z39		
Z40		13
Z9		
