A1		POWERING CALCULATIONS
A10		Waterplane Area
A100		12
A101		13
A102		14
A103		15
A104		16
A105		17
A106		18
A107		19
A108		20
A109		21
A11		LCB from midships as percentage of LWL
A110		22
A111		23
A112		24
A113		25
A114		26
A115		27
A116		28
A117		29
A118		30
A119		31
A12		LCB from forward Perp
A120		32
A121		33
A122		34
A123		35
A124		36
A125		37
A126		38
A127		39
A128		40
A129		41
A13		LCF from Forward Perp
A130		42
A131		43
A132		44
A133		45
A134		46
A135		47
A136		48
A137		49
A138		50
A139		51
A14		CP
A140		52
A141		53
A142		54
A143		55
A144		56
A145		57
A146		58
A147		59
A148		60
A149		61
A15		CM
A150		62
A151		63
A152		64
A153		65
A154		66
A155		67
A156		68
A157		69
A158		70
A159		71
A16		CW
A160		72
A161		73
A162		74
A163	A162+1	75
A164		76
A165		77
A166		78
A167		79
A168		80
A169		81
A17		CB
A170		82
A171		83
A172		84
A173		85
A174	A173+1	86
A175	A174+1	87
A176		88
A177		89
A178		90
A179		91
A18		Area of bulb
A180		92
A181		93
A182		94
A183		95
A184		96
A185		97
A186		98
A187		99
A188		100
A189		101
A19		Height of Bulb
A190		102
A191		103
A192		104
A193		105
A194		106
A195		107
A196		108
A197		109
A198		110
A199		111
A2		Ship Data
A200		112
A201		113
A202		114
A203		115
A204		116
A205		117
A206		118
A207		119
A208		120
A209		121
A21		Top Speeds
A210		122
A211		123
A212		124
A213		125
A214		126
A215		127
A216		128
A217		129
A218		130
A219		131
A22		Olympias Rudders up
A220		132
A221		133
A222		134
A223		135
A224		136
A225		137
A226		138
A227		139
A228		140
A229		141
A23		Olympias Rudders down
A230		142
A231		143
A232		144
A233		145
A234		146
A235		147
A236		148
A237		149
A238		150
A239	A238+1	151
A24		Energy to cause failure in Olympias structure
A240		152
A241		153
A242		154
A243		155
A244		156
A245		157
A246		158
A247		159
A248		160
A249		161
A25		Min relative speed to Ram
A250		162
A251		163
A252		164
A253		165
A254		166
A255		167
A256		168
A257		169
A258		170
A259		171
A260		172
A261		173
A262		174
A263		175
A264		176
A265		177
A266		178
A267		179
A268		180
A269		181
A27		Design Rudders up
A270		182
A271		183
A272		184
A273		185
A274		186
A275		187
A276		188
A277		189
A278		190
A279		191
A28		Min relative speed to Ram
A280		192
A281		193
A282		194
A283		195
A284		196
A285		197
A286		198
A287		199
A288		200
A29		
A4		Length
A5		Beam
A50		cf ref 1 p82
A53		speed (kts)
A54		Knots
A55		0
A56		1
A57		2
A58		3
A59		4
A6		Draught
A60		5
A61		6
A62		7
A63		8
A64		9
A65		10
A66		11
A67		12
A68		13
A69		14
A7		displacement (m3)
A70		15
A71		16
A74		Top Speeds
A75		Olympias Rudders up
A76		Olympias Rudders down
A77		Energy to cause failure in Olympias structure
A78		Min relative speed to Ram
A8		Displacement (tonnes)
A80		Design Rudders up
A81		Min relative speed to Ram
A86		Time (seconds)
A87		
A88		0
A89		1
A9		Wetted Surface Area (m2)
A90		2
A91		3
A92		4
A93		5
A94		6
A95		7
A96		8
A97		9
A98	A97+1	10
A99	A98+1	11
AA17		
AC50		J
B10	Input!B65	91.872982597960586
B100		
B101		
B102		
B103		
B104		
B105		
B106		
B107		
B108		
B109		
B11	1.56/100	1.5600000000000001E-2
B110		
B111		
B112		
B113		
B114		
B115		
B116		
B117		
B118		
B119		
B12	Input!B55-Input!B62	16.681150050539319
B120		
B121		
B122		
B123		
B124		
B125		
B126		
B127		
B128		
B129		
B13	Input!B55-Input!B64	17.102613122966233
B130		
B131		
B132		
B133		
B134		
B135		
B136		
B137		
B138		
B139		
B14		0.6914215907513851
B140		
B141		
B142		
B143		
B144		
B145		
B146		
B147		
B148		
B149		
B15		0.46452916458352328
B150		
B151		
B152		
B153		
B154		
B155		
B156		
B157		
B158		
B159		
B16	'Basis Hull'!C248	0.76755906761318837
B160		
B161		
B162		
B163		
B164		
B165		
B166		
B167		
B168		
B169		
B17		0.32118549392675172
B170		
B171		
B172		
B173		
B174		
B175		
B176		
B177		
B178		
B179		
B18		0
B180		
B181		
B182		
B183		
B184		
B185		
B186		
B187		
B188		
B189		
B19		0
B190		
B191		
B192		
B193		
B194		
B195		
B196		
B197		
B198		
B199		
B2		Olympias
B200		
B201		
B202		
B203		
B204		
B205		
B206		
B207		
B208		
B209		
B21		Speed
B210		
B211		
B212		
B213		
B214		
B215		
B216		
B217		
B218		
B219		
B22	N236	9.9481296163196351
B220		
B221		
B222		
B223		
B224		
B225		
B226		
B227		
B228		
B229		
B23		
B230		
B231		
B232		
B233		
B234		
B235		
B236		
B237		
B238		
B239		
B24		830
B240		
B241		
B242		
B243		
B244		
B245		
B246		
B247		
B248		
B249		
B25	SQRT(2*$G$77*0.001/$B$8)/0.514	0.37188743945470326
B250		
B251		
B252		
B253		
B254		
B255		
B256		
B257		
B258		
B259		
B26		
B260		
B261		
B262		
B263		
B264		
B265		
B266		
B267		
B268		
B269		
B27	V236	8.5469999135616117
B270		
B271		
B272		
B273		
B274		
B275		
B276		
B277		
B278		
B279		
B28	SQRT(2*B24*0.001/$C$8)/0.514	0.66028327108598794
B280		
B281		
B282		
B283		
B284		
B285		
B286		
B287		
B288		
B29		
B4		32.35
B5		3.7
B53		
B54		m/s
B55	A55*0.5144	0
B56	A56*0.5144	0.51439999999999997
B57		1.0287999999999999
B58		1.5431999999999999
B59		2.0575999999999999
B6		1.1499999999999999
B60		2.5720000000000001
B61		3.0863999999999998
B62		3.6007999999999996
B63		4.1151999999999997
B64		4.6295999999999999
B65		5.1440000000000001
B66		5.6583999999999994
B67		6.1727999999999996
B68		6.6871999999999998
B69		7.2015999999999991
B7		44.261555272860519
B70		7.7159999999999993
B71		8.2303999999999995
B77		
B78		
B8	Input!B60	45.376946465736602
B80		
B81		
B86		
B87		
B88		
B89		
B9		130.48586171516578
B90		
B91		
B92		
B93		
B94		
B95		
B96		
B97		
B98		
B99		
C10	Input!D65	36.704258358159464
C100		
C101		
C102		
C103		
C104		
C105		
C106		
C107		
C108		
C109		
C11	Input!D63	-1.1352467840954068E-2
C110		
C111		
C112		
C113		
C114		
C115		
C116		
C117		
C118		
C119		
C12	C4-Input!D62	8.7952624468644096
C120		
C121		
C122		
C123		
C124		
C125		
C126		
C127		
C128		
C129		
C13	C4-Input!D64	8.8985255725281345
C130		
C131		
C132		
C133		
C134		
C135		
C136		
C137		
C138		
C139		
C14	Input!D68	0.62017558095144065
C140		
C141		
C142		
C143		
C144		
C145		
C146		
C147		
C148		
C149		
C15	Input!D69	0.58459933696506561
C150		
C151		
C152		
C153		
C154		
C155		
C156		
C157		
C158		
C159		
C16	Transform!C309	0.66081600732610468
C160		
C161		
C162		
C163		
C164		
C165		
C166		
C167		
C168		
C169		
C17	Input!D67	0.36255423342613663
C170		
C171		
C172		
C173		
C174		
C175		
C176		
C177		
C178		
C179		
C18		0
C180		
C181		
C182		
C183		
C184		
C185		
C186		
C187		
C188		
C189		
C19		0
C190		
C191		
C192		
C193		
C194		
C195		
C196		
C197		
C198		
C199		
C2		Design
C200		
C201		
C202		
C203		
C204		
C205		
C206		
C207		
C208		
C209		
C210		
C211		
C212		
C213		
C214		
C215		
C216		
C217		
C218		
C219		
C22		kts
C220		
C221		
C222		
C223		
C224		
C225		
C226		
C227		
C228		
C229		
C230		
C231		
C232		
C233		
C234		
C235		
C236		
C237		
C238		
C239		
C24		J
C240		
C241		
C242		
C243		
C244		
C245		
C246		
C247		
C248		
C249		
C25		kts
C250		
C251		
C252		
C253		
C254		
C255		
C256		
C257		
C258		
C259		
C260		
C261		
C262		
C263		
C264		
C265		
C266		
C267		
C268		
C269		
C270		
C271		
C272		
C273		
C274		
C275		
C276		
C277		
C278		
C279		
C28		kts
C280		
C281		
C282		
C283		
C284		
C285		
C286		
C287		
C288		
C29		
C4	LWL	17.2
C5	BWL	2.8
C52		OLYMPIAS
C53		FN
C55		0
C56	0.514*A56/(9.81*$B$4)^0.5	2.8853033022564981E-2
C57		5.7706066045129963E-2
C58		8.6559099067694947E-2
C59		0.11541213209025993
C6	T	0.75900000000000001
C60		0.14426516511282492
C61		0.17311819813538989
C62		0.20197123115795487
C63		0.23082426418051985
C64		0.25967729720308486
C65		0.28853033022564983
C66		0.31738336324821481
C67		0.34623639627077979
C68		0.37508942929334477
C69		0.40394246231590974
C7	Transform!C295	14.057647992266082
C70		0.43279549533847472
C71		0.4616485283610397
C77		
C78		
C8	Input!D60	14.411900721671186
C80		
C81		
C86		
C87		
C88		
C89		
C9	Transform!C308	49.220438346116993
C90		
C91		
C92		
C93		
C94		
C95		
C96		
C97		
C98		
C99		
D100		
D101		
D102		
D103		
D104		
D105		
D106		
D107		
D108		
D109		
D110		
D111		
D112		
D113		
D114		
D115		
D116		
D117		
D118		
D119		
D120		
D121		
D122		
D123		
D124		
D125		
D126		
D127		
D128		
D129		
D130		
D131		
D132		
D133		
D134		
D135		
D136		
D137		
D138		
D139		
D140		
D141		
D142		
D143		
D144		
D145		
D146		
D147		
D148		
D149		
D150		
D151		
D152		
D153		
D154		
D155		
D156		
D157		
D158		
D159		
D160		
D161		
D162		
D163		
D164		
D165		
D166		
D167		
D168		
D169		
D170		
D171		
D172		
D173		
D174		
D175		
D176		
D177		
D178		
D179		
D180		
D181		
D182		
D183		
D184		
D185		
D186		
D187		
D188		
D189		
D190		
D191		
D192		
D193		
D194		
D195		
D196		
D197		
D198		
D199		
D200		
D201		
D202		
D203		
D204		
D205		
D206		
D207		
D208		
D209		
D210		
D211		
D212		
D213		
D214		
D215		
D216		
D217		
D218		
D219		
D220		
D221		
D222		
D223		
D224		
D225		
D226		
D227		
D228		
D229		
D230		
D231		
D232		
D233		
D234		
D235		
D236		
D237		
D238		
D239		
D24		Ref 2 page 220
D240		
D241		
D242		
D243		
D244		
D245		
D246		
D247		
D248		
D249		
D250		
D251		
D252		
D253		
D254		
D255		
D256		
D257		
D258		
D259		
D260		
D261		
D262		
D263		
D264		
D265		
D266		
D267		
D268		
D269		
D270		
D271		
D272		
D273		
D274		
D275		
D276		
D277		
D278		
D279		
D280		
D281		
D282		
D283		
D284		
D285		
D286		
D287		
D288		
D29		
D52		
D53		Rn
D54		
D55	B55*$B$4/0.00000119	0
D56		13983899.159663865
D57		27967798.319327731
D58		41951697.47899159
D59		55935596.638655461
D60		69919495.798319325
D61		83903394.957983181
D62		97887294.117647052
D63		111871193.27731092
D64		125855092.43697479
D65		139838991.59663865
D66		153822890.75630251
D67		167806789.91596636
D68		181790689.07563025
D69		195774588.2352941
D70		209758487.39495796
D71		223742386.55462185
D77		
D78		
D80		
D81		
D86		
D87		
D88		
D89		
D90		
D91		
D92		
D93		
D94		
D95		
D96		
D97		
D98		
D99		
E100		
E101		
E102		
E103		
E104		
E105		
E106		
E107		
E108		
E109		
E110		
E111		
E112		
E113		
E114		
E115		
E116		
E117		
E118		
E119		
E120		
E121		
E122		
E123		
E124		
E125		
E126		
E127		
E128		
E129		
E130		
E131		
E132		
E133		
E134		
E135		
E136		
E137		
E138		
E139		
E140		
E141		
E142		
E143		
E144		
E145		
E146		
E147		
E148		
E149		
E150		
E151		
E152		
E153		
E154		
E155		
E156		
E157		
E158		
E159		
E160		
E161		
E162		
E163		
E164		
E165		
E166		
E167		
E168		
E169		
E170		
E171		
E172		
E173		
E174		
E175		
E176		
E177		
E178		
E179		
E180		
E181		
E182		
E183		
E184		
E185		
E186		
E187		
E188		
E189		
E190		
E191		
E192		
E193		
E194		
E195		
E196		
E197		
E198		
E199		
E200		
E201		
E202		
E203		
E204		
E205		
E206		
E207		
E208		
E209		
E210		
E211		
E212		
E213		
E214		
E215		
E216		
E217		
E218		
E219		
E220		
E221		
E222		
E223		
E224		
E225		
E226		
E227		
E228		
E229		
E230		
E231		
E232		
E233		
E234		
E235		
E236		
E237		
E238		
E239		
E24		
E240		
E241		
E242		
E243		
E244		
E245		
E246		
E247		
E248		
E249		
E25		
E250		
E251		
E252		
E253		
E254		
E255		
E256		
E257		
E258		
E259		
E260		
E261		
E262		
E263		
E264		
E265		
E266		
E267		
E268		
E269		
E27		
E270		
E271		
E272		
E273		
E274		
E275		
E276		
E277		
E278		
E279		
E28		
E280		
E281		
E282		
E283		
E284		
E285		
E286		
E287		
E288		
E29		
E52		
E53		Cf
E54		Cf
E55	0	0
E56	0.075/(LOG10(D56)-2)^2	2.8325947352116666E-3
E57	0.075/(LOG10(D57)-2)^2	2.5281393360323486E-3
E58	0.075/(LOG10(D58)-2)^2	2.3722681946827927E-3
E59		2.2702560986253904E-3
E60		2.1955934696003499E-3
E61		2.1372901757212839E-3
E62		2.0897883480000211E-3
E63		2.0499088455264887E-3
E64		2.0156725966959561E-3
E65		1.9857688157190584E-3
E66		1.9592871383162886E-3
E67		1.9355711000642946E-3
E68		1.9141326687703848E-3
E69		1.894599749013756E-3
E70		1.8766825409008005E-3
E71		1.8601512014808465E-3
E77		
E78		
E80		
E81		
E86		
E87		
E88		
E89		
E90		
E91		
E92		
E93		
E94		
E95		
E96		
E97		
E98		
E99		
F100		
F101		
F102		
F103		
F104		
F105		
F106		
F107		
F108		
F109		
F110		
F111		
F112		
F113		
F114		
F115		
F116		
F117		
F118		
F119		
F120		
F121		
F122		
F123		
F124		
F125		
F126		
F127		
F128		
F129		
F130		
F131		
F132		
F133		
F134		
F135		
F136		
F137		
F138		
F139		
F140		
F141		
F142		
F143		
F144		
F145		
F146		
F147		
F148		
F149		
F150		
F151		
F152		
F153		
F154		
F155		
F156		
F157		
F158		
F159		
F160		
F161		
F162		
F163		
F164		
F165		
F166		
F167		
F168		
F169		
F170		
F171		
F172		
F173		
F174		
F175		
F176		
F177		
F178		
F179		
F180		
F181		
F182		
F183		
F184		
F185		
F186		
F187		
F188		
F189		
F190		
F191		
F192		
F193		
F194		
F195		
F196		
F197		
F198		
F199		
F200		
F201		
F202		
F203		
F204		
F205		
F206		
F207		
F208		
F209		
F210		
F211		
F212		
F213		
F214		
F215		
F216		
F217		
F218		
F219		
F220		
F221		
F222		
F223		
F224		
F225		
F226		
F227		
F228		
F229		
F230		
F231		
F232		
F233		
F234		
F235		
F236		
F237		
F238		
F239		
F24		
F240		
F241		
F242		
F243		
F244		
F245		
F246		
F247		
F248		
F249		
F25		
F250		
F251		
F252		
F253		
F254		
F255		
F256		
F257		
F258		
F259		
F260		
F261		
F262		
F263		
F264		
F265		
F266		
F267		
F268		
F269		
F27		
F270		
F271		
F272		
F273		
F274		
F275		
F276		
F277		
F278		
F279		
F28		
F280		
F281		
F282		
F283		
F284		
F285		
F286		
F287		
F288		
F29		
F52		
F53		RESISTANCE (N)
F54		ITTC 1957
F55		0
F56	0.5*1025*B56^2*$B$9*E56	50.123765686433451
F57		178.9452788663348
F58		377.80312266977393
F59		642.76775393889068
F60		971.29507483787449
F61		1361.5238011432384
F62		1811.9976533094359
F63		2321.5271708179953
F64		2889.1112004817246
F65		3513.8881531208813
F66		4195.1037448900879
F67		4932.0885885851767
F68		5724.2420230577773
F69		6571.0200795387673
F70		7471.9262961219911
F71		8426.5045550518807
F77		
F78		
F80		
F81		
F86		
F87		
F88		
F89		
F90		
F91		
F92		
F93		
F94		
F95		
F96		
F97		
F98		
F99		
G100	Lininterp($A$55:$A$71,$N$55:$N$71,N99)	9675.0707962149954
G101	Lininterp($A$55:$A$71,$N$55:$N$71,N100)	9421.5854885814078
G102	Lininterp($A$55:$A$71,$N$55:$N$71,N101)	9179.9943373443111
G103	Lininterp($A$55:$A$71,$N$55:$N$71,N102)	8949.7392393232676
G104	Lininterp($A$55:$A$71,$N$55:$N$71,N103)	8732.0319856722344
G105	Lininterp($A$55:$A$71,$N$55:$N$71,N104)	8526.5376006915048
G106	Lininterp($A$55:$A$71,$N$55:$N$71,N105)	8332.5709709608454
G107	Lininterp($A$55:$A$71,$N$55:$N$71,N106)	8150.2853258599216
G108	Lininterp($A$55:$A$71,$N$55:$N$71,N107)	7981.4255521036484
G109	Lininterp($A$55:$A$71,$N$55:$N$71,N108)	7825.0027949675468
G110	Lininterp($A$55:$A$71,$N$55:$N$71,N109)	7680.1010317721484
G111	Lininterp($A$55:$A$71,$N$55:$N$71,N110)	7545.8717075896939
G112	Lininterp($A$55:$A$71,$N$55:$N$71,N111)	7421.9575889203743
G113	Lininterp($A$55:$A$71,$N$55:$N$71,N112)	7307.922591643367
G114	Lininterp($A$55:$A$71,$N$55:$N$71,N113)	7202.9790973618983
G115	Lininterp($A$55:$A$71,$N$55:$N$71,N114)	7106.4022809898834
G116	Lininterp($A$55:$A$71,$N$55:$N$71,N115)	7017.5251045206323
G117	Lininterp($A$55:$A$71,$N$55:$N$71,N116)	6935.7337099201031
G118	Lininterp($A$55:$A$71,$N$55:$N$71,N117)	6860.463179324277
G119	Lininterp($A$55:$A$71,$N$55:$N$71,N118)	6791.1936332571322
G120	Lininterp($A$55:$A$71,$N$55:$N$71,N119)	6728.4379264848822
G121	Lininterp($A$55:$A$71,$N$55:$N$71,N120)	6671.6628874454882
G122	Lininterp($A$55:$A$71,$N$55:$N$71,N121)	6620.2985538459488
G123	Lininterp($A$55:$A$71,$N$55:$N$71,N122)	6573.8292812437021
G124	Lininterp($A$55:$A$71,$N$55:$N$71,N123)	6531.7885665131735
G125	Lininterp($A$55:$A$71,$N$55:$N$71,N124)	6493.7543646399954
G126	Lininterp($A$55:$A$71,$N$55:$N$71,N125)	6459.3448518283758
G127	Lininterp($A$55:$A$71,$N$55:$N$71,N126)	6428.2145923876506
G128	Lininterp($A$55:$A$71,$N$55:$N$71,N127)	6400.0510709175178
G129	Lininterp($A$55:$A$71,$N$55:$N$71,N128)	6374.5715549787265
G130	Lininterp($A$55:$A$71,$N$55:$N$71,N129)	6351.5202567536953
G131	Lininterp($A$55:$A$71,$N$55:$N$71,N130)	6330.665765203079
G132	Lininterp($A$55:$A$71,$N$55:$N$71,N131)	6311.7987229398168
G133	Lininterp($A$55:$A$71,$N$55:$N$71,N132)	6294.7297244988922
G134	Lininterp($A$55:$A$71,$N$55:$N$71,N133)	6279.2874149036243
G135	Lininterp($A$55:$A$71,$N$55:$N$71,N134)	6265.3167694400727
G136	Lininterp($A$55:$A$71,$N$55:$N$71,N135)	6252.6775373702767
G137	Lininterp($A$55:$A$71,$N$55:$N$71,N136)	6241.2428339608314
G138	Lininterp($A$55:$A$71,$N$55:$N$71,N137)	6230.8978666922576
G139	Lininterp($A$55:$A$71,$N$55:$N$71,N138)	6221.5387828615876
G140	Lininterp($A$55:$A$71,$N$55:$N$71,N139)	6213.0716270093271
G141	Lininterp($A$55:$A$71,$N$55:$N$71,N140)	6205.4113977044581
G142	Lininterp($A$55:$A$71,$N$55:$N$71,N141)	6198.4811942185315
G143	Lininterp($A$55:$A$71,$N$55:$N$71,N142)	6192.2114445224233
G144	Lininterp($A$55:$A$71,$N$55:$N$71,N143)	6186.5392068555675
G145	Lininterp($A$55:$A$71,$N$55:$N$71,N144)	6181.4075378562002
G146	Lininterp($A$55:$A$71,$N$55:$N$71,N145)	6176.7649209092888
G147	Lininterp($A$55:$A$71,$N$55:$N$71,N146)	6172.5647489733328
G148	Lininterp($A$55:$A$71,$N$55:$N$71,N147)	6168.7648566941889
G149	Lininterp($A$55:$A$71,$N$55:$N$71,N148)	6165.3270971088041
G150	Lininterp($A$55:$A$71,$N$55:$N$71,N149)	6162.2169586894142
G151	Lininterp($A$55:$A$71,$N$55:$N$71,N150)	6159.4032188837346
G152	Lininterp($A$55:$A$71,$N$55:$N$71,N151)	6156.8576306730238
G153	Lininterp($A$55:$A$71,$N$55:$N$71,N152)	6154.5546390014324
G154	Lininterp($A$55:$A$71,$N$55:$N$71,N153)	6152.4711242298372
G155	Lininterp($A$55:$A$71,$N$55:$N$71,N154)	6150.586170038725
G156	Lininterp($A$55:$A$71,$N$55:$N$71,N155)	6148.8808534501277
G157	Lininterp($A$55:$A$71,$N$55:$N$71,N156)	6147.3380548606146
G158	Lininterp($A$55:$A$71,$N$55:$N$71,N157)	6145.942286178295
G159	Lininterp($A$55:$A$71,$N$55:$N$71,N158)	6144.6795353384996
G160	Lininterp($A$55:$A$71,$N$55:$N$71,N159)	6143.5371256372318
G161	Lininterp($A$55:$A$71,$N$55:$N$71,N160)	6142.5035884702647
G162	Lininterp($A$55:$A$71,$N$55:$N$71,N161)	6141.5685482002846
G163	Lininterp($A$55:$A$71,$N$55:$N$71,N162)	6140.7226179962909
G164	Lininterp($A$55:$A$71,$N$55:$N$71,N163)	6139.9573055995934
G165	Lininterp($A$55:$A$71,$N$55:$N$71,N164)	6139.2649280703663
G166	Lininterp($A$55:$A$71,$N$55:$N$71,N165)	6138.6385346589359
G167	Lininterp($A$55:$A$71,$N$55:$N$71,N166)	6138.0718370274826
G168	Lininterp($A$55:$A$71,$N$55:$N$71,N167)	6137.5591461216809
G169	Lininterp($A$55:$A$71,$N$55:$N$71,N168)	6137.0953150585128
G170	Lininterp($A$55:$A$71,$N$55:$N$71,N169)	6136.675687456921
G171	Lininterp($A$55:$A$71,$N$55:$N$71,N170)	6136.2960506925883
G172	Lininterp($A$55:$A$71,$N$55:$N$71,N171)	6135.9525936075779
G173	Lininterp($A$55:$A$71,$N$55:$N$71,N172)	6135.6418682502717
G174	Lininterp($A$55:$A$71,$N$55:$N$71,N173)	6135.3607552615267
G175	Lininterp($A$55:$A$71,$N$55:$N$71,N174)	6135.1064325595526
G176	Lininterp($A$55:$A$71,$N$55:$N$71,N175)	6134.876347009159
G177	Lininterp($A$55:$A$71,$N$55:$N$71,N176)	6134.668188790919
G178	Lininterp($A$55:$A$71,$N$55:$N$71,N177)	6134.4798682130031
G179	Lininterp($A$55:$A$71,$N$55:$N$71,N178)	6134.3094947328364
G180	Lininterp($A$55:$A$71,$N$55:$N$71,N179)	6134.1553579780239
G181	Lininterp($A$55:$A$71,$N$55:$N$71,N180)	6134.0159105759958
G182	Lininterp($A$55:$A$71,$N$55:$N$71,N181)	6133.8897526199917
G183	Lininterp($A$55:$A$71,$N$55:$N$71,N182)	6133.7756176154517
G184	Lininterp($A$55:$A$71,$N$55:$N$71,N183)	6133.6723597657392
G185	Lininterp($A$55:$A$71,$N$55:$N$71,N184)	6133.5789424695267
G186	Lininterp($A$55:$A$71,$N$55:$N$71,N185)	6133.4944279144001
G187	Lininterp($A$55:$A$71,$N$55:$N$71,N186)	6133.4179676622043
G188	Lininterp($A$55:$A$71,$N$55:$N$71,N187)	6133.3487941315934
G189	Lininterp($A$55:$A$71,$N$55:$N$71,N188)	6133.2862128923243
G190	Lininterp($A$55:$A$71,$N$55:$N$71,N189)	6133.2295956939015
G191	Lininterp($A$55:$A$71,$N$55:$N$71,N190)	6133.1783741585832
G192	Lininterp($A$55:$A$71,$N$55:$N$71,N191)	6133.1320340754746
G193	Lininterp($A$55:$A$71,$N$55:$N$71,N192)	6133.0901102383787
G194	Lininterp($A$55:$A$71,$N$55:$N$71,N193)	6133.0521817756107
G195	Lininterp($A$55:$A$71,$N$55:$N$71,N194)	6133.0178679248838
G196	Lininterp($A$55:$A$71,$N$55:$N$71,N195)	6132.9868242108578
G197	Lininterp($A$55:$A$71,$N$55:$N$71,N196)	6132.9587389869566
G198	Lininterp($A$55:$A$71,$N$55:$N$71,N197)	6132.9333303067669
G199	Lininterp($A$55:$A$71,$N$55:$N$71,N198)	6132.9103430935902
G200	Lininterp($A$55:$A$71,$N$55:$N$71,N199)	6132.8895465797314
G201	Lininterp($A$55:$A$71,$N$55:$N$71,N200)	6132.8707319898431
G202	Lininterp($A$55:$A$71,$N$55:$N$71,N201)	6132.8537104450234
G203	Lininterp($A$55:$A$71,$N$55:$N$71,N202)	6132.8383110666809
G204	Lininterp($A$55:$A$71,$N$55:$N$71,N203)	6132.8243792610892
G205	Lininterp($A$55:$A$71,$N$55:$N$71,N204)	6132.8117751674226
G206	Lininterp($A$55:$A$71,$N$55:$N$71,N205)	6132.8003722536978
G207	Lininterp($A$55:$A$71,$N$55:$N$71,N206)	6132.7900560465314
G208	Lininterp($A$55:$A$71,$N$55:$N$71,N207)	6132.7807229819446
G209	Lininterp($A$55:$A$71,$N$55:$N$71,N208)	6132.7722793656822
G210	Lininterp($A$55:$A$71,$N$55:$N$71,N209)	6132.764640432626
G211	Lininterp($A$55:$A$71,$N$55:$N$71,N210)	6132.7577294958382
G212	Lininterp($A$55:$A$71,$N$55:$N$71,N211)	6132.7514771767092
G213	Lininterp($A$55:$A$71,$N$55:$N$71,N212)	6132.7458207084637
G214	Lininterp($A$55:$A$71,$N$55:$N$71,N213)	6132.7407033060472
G215	Lininterp($A$55:$A$71,$N$55:$N$71,N214)	6132.7360735960683
G216	Lininterp($A$55:$A$71,$N$55:$N$71,N215)	6132.7318851010541
G217	Lininterp($A$55:$A$71,$N$55:$N$71,N216)	6132.7280957728772
G218	Lininterp($A$55:$A$71,$N$55:$N$71,N217)	6132.7246675706283
G219	Lininterp($A$55:$A$71,$N$55:$N$71,N218)	6132.7215660787224
G220	Lininterp($A$55:$A$71,$N$55:$N$71,N219)	6132.7187601614123
G221	Lininterp($A$55:$A$71,$N$55:$N$71,N220)	6132.7162216502056
G222	Lininterp($A$55:$A$71,$N$55:$N$71,N221)	6132.7139250610944
G223	Lininterp($A$55:$A$71,$N$55:$N$71,N222)	6132.7118473387145
G224	Lininterp($A$55:$A$71,$N$55:$N$71,N223)	6132.7099676248945
G225	Lininterp($A$55:$A$71,$N$55:$N$71,N224)	6132.7082670492664
G226	Lininterp($A$55:$A$71,$N$55:$N$71,N225)	6132.7067285398207
G227	Lininterp($A$55:$A$71,$N$55:$N$71,N226)	6132.7053366515229
G228	Lininterp($A$55:$A$71,$N$55:$N$71,N227)	6132.7040774112647
G229	Lininterp($A$55:$A$71,$N$55:$N$71,N228)	6132.702938177581
G230	Lininterp($A$55:$A$71,$N$55:$N$71,N229)	6132.7019075137578
G231	Lininterp($A$55:$A$71,$N$55:$N$71,N230)	6132.7009750729985
G232	Lininterp($A$55:$A$71,$N$55:$N$71,N231)	6132.7001314945701
G233	Lininterp($A$55:$A$71,$N$55:$N$71,N232)	6132.6993683098235
G234	Lininterp($A$55:$A$71,$N$55:$N$71,N233)	6132.6986778571772
G235	Lininterp($A$55:$A$71,$N$55:$N$71,N234)	6132.6980532052048
G236	Lininterp($A$55:$A$71,$N$55:$N$71,N235)	6132.6974880830512
G237	Lininterp($A$55:$A$71,$N$55:$N$71,N236)	6132.6969768174822
G238	Lininterp($A$55:$A$71,$N$55:$N$71,N237)	6132.6965142759173
G239	Lininterp($A$55:$A$71,$N$55:$N$71,N238)	6132.6960958149248
G240	Lininterp($A$55:$A$71,$N$55:$N$71,N239)	6132.6957172335915
G241	Lininterp($A$55:$A$71,$N$55:$N$71,N240)	6132.6953747313537
G242	Lininterp($A$55:$A$71,$N$55:$N$71,N241)	6132.6950648698457
G243	Lininterp($A$55:$A$71,$N$55:$N$71,N242)	6132.6947845383802
G244	Lininterp($A$55:$A$71,$N$55:$N$71,N243)	6132.6945309227212
G245	Lininterp($A$55:$A$71,$N$55:$N$71,N244)	6132.6943014768349
G246	Lininterp($A$55:$A$71,$N$55:$N$71,N245)	6132.6940938973185
G247	Lininterp($A$55:$A$71,$N$55:$N$71,N246)	6132.6939061002922
G248	Lininterp($A$55:$A$71,$N$55:$N$71,N247)	6132.6937362004674
G249	Lininterp($A$55:$A$71,$N$55:$N$71,N248)	6132.6935824922302
G250	Lininterp($A$55:$A$71,$N$55:$N$71,N249)	6132.6934434325058
G251	Lininterp($A$55:$A$71,$N$55:$N$71,N250)	6132.6933176252833
G252	Lininterp($A$55:$A$71,$N$55:$N$71,N251)	6132.6932038075847
G253	Lininterp($A$55:$A$71,$N$55:$N$71,N252)	6132.6931008368028
G254	Lininterp($A$55:$A$71,$N$55:$N$71,N253)	6132.6930076792178
G255	Lininterp($A$55:$A$71,$N$55:$N$71,N254)	6132.6929233996216
G256	Lininterp($A$55:$A$71,$N$55:$N$71,N255)	6132.692847151935
G257	Lininterp($A$55:$A$71,$N$55:$N$71,N256)	6132.6927781707154
G258	Lininterp($A$55:$A$71,$N$55:$N$71,N257)	6132.6927157634591
G259	Lininterp($A$55:$A$71,$N$55:$N$71,N258)	6132.6926593036624
G260	Lininterp($A$55:$A$71,$N$55:$N$71,N259)	6132.6926082245282
G261	Lininterp($A$55:$A$71,$N$55:$N$71,N260)	6132.6925620132752
G262	Lininterp($A$55:$A$71,$N$55:$N$71,N261)	6132.6925202059911
G263	Lininterp($A$55:$A$71,$N$55:$N$71,N262)	6132.6924823829722
G264	Lininterp($A$55:$A$71,$N$55:$N$71,N263)	6132.6924481645183
G265	Lininterp($A$55:$A$71,$N$55:$N$71,N264)	6132.6924172071085
G266	Lininterp($A$55:$A$71,$N$55:$N$71,N265)	6132.692389199965
G267	Lininterp($A$55:$A$71,$N$55:$N$71,N266)	6132.6923638619228
G268	Lininterp($A$55:$A$71,$N$55:$N$71,N267)	6132.6923409386181
G269	Lininterp($A$55:$A$71,$N$55:$N$71,N268)	6132.6923201999189
G270	Lininterp($A$55:$A$71,$N$55:$N$71,N269)	6132.6923014376371
G271	Lininterp($A$55:$A$71,$N$55:$N$71,N270)	6132.6922844634119
G272	Lininterp($A$55:$A$71,$N$55:$N$71,N271)	6132.6922691068457
G273	Lininterp($A$55:$A$71,$N$55:$N$71,N272)	6132.6922552137721
G274	Lininterp($A$55:$A$71,$N$55:$N$71,N273)	6132.69224264472
G275	Lininterp($A$55:$A$71,$N$55:$N$71,N274)	6132.6922312735069
G276	Lininterp($A$55:$A$71,$N$55:$N$71,N275)	6132.6922209859795
G277	Lininterp($A$55:$A$71,$N$55:$N$71,N276)	6132.692211678861
G278	Lininterp($A$55:$A$71,$N$55:$N$71,N277)	6132.692203258719
G279	Lininterp($A$55:$A$71,$N$55:$N$71,N278)	6132.6921956410224
G280	Lininterp($A$55:$A$71,$N$55:$N$71,N279)	6132.692188749299
G281	Lininterp($A$55:$A$71,$N$55:$N$71,N280)	6132.6921825143618
G282	Lininterp($A$55:$A$71,$N$55:$N$71,N281)	6132.6921768736202
G283	Lininterp($A$55:$A$71,$N$55:$N$71,N282)	6132.6921717704445
G284	Lininterp($A$55:$A$71,$N$55:$N$71,N283)	6132.6921671536056
G285	Lininterp($A$55:$A$71,$N$55:$N$71,N284)	6132.6921629767539
G286	Lininterp($A$55:$A$71,$N$55:$N$71,N285)	6132.6921591979608
G287	Lininterp($A$55:$A$71,$N$55:$N$71,N286)	6132.6921557792884
G288	Lininterp($A$55:$A$71,$N$55:$N$71,N287)	6132.6921526864189
G29		
G52		
G53		
G54		Trials (bare hull)
G55	40.2*(A55*1)^2	0
G56	40.2*(A56*1)^2	40.200000000000003
G57	40.2*(A57*1)^2	160.80000000000001
G58		361.8
G59		643.20000000000005
G60		1005.0000000000001
G61		1447.2
G62	75.2*A62^2-1560	2124.8000000000002
G63	75.2*A63^2-1560	3252.8
G64	88.6*A64^2-2640	4536.5999999999995
G65	88.6*A65^2-2640	6220
G66		8080.5999999999985
G67		10118.4
G68		12333.4
G69		14725.599999999999
G70		17295
G71		20041.599999999999
G74		Speed
G75	N288	9.9481359537937095
G76		
G77	798+31	829
G78	SQRT(2*$G$77*0.001/$B$8)/0.514	0.37188743945470326
G79		
G80	V288	8.5470006522808131
G81	SQRT(2*G77*0.001/$C$8)/0.514	0.65988539019954984
G85		Olympias
G86		Thrust
G87		N
G88	Lininterp($A$55:$A$71,$N$55:$N$71,0)	13709.677419354839
G89	Lininterp($A$55:$A$71,$N$55:$N$71,N88)	13302.680712271434
G90	Lininterp($A$55:$A$71,$N$55:$N$71,N89)	12908.404156506353
G91	Lininterp($A$55:$A$71,$N$55:$N$71,N90)	12526.574373829686
G92	Lininterp($A$55:$A$71,$N$55:$N$71,N91)	12157.874743886017
G93	Lininterp($A$55:$A$71,$N$55:$N$71,N92)	11801.943082450081
G94	Lininterp($A$55:$A$71,$N$55:$N$71,N93)	11459.366405848015
G95	Lininterp($A$55:$A$71,$N$55:$N$71,N94)	11129.643618956123
G96	Lininterp($A$55:$A$71,$N$55:$N$71,N95)	10813.217160338023
G97	Lininterp($A$55:$A$71,$N$55:$N$71,N96)	10509.655006593342
G98	Lininterp($A$55:$A$71,$N$55:$N$71,N97)	10218.914963836183
G99	Lininterp($A$55:$A$71,$N$55:$N$71,N98)	9940.9060536853049
H10		
H100		
H101		
H102		
H103		
H104		
H105		
H106		
H107		
H108		
H109		
H11		
H110		
H111		
H112		
H113		
H114		
H115		
H116		
H117		
H118		
H119		
H12		
H120		
H121		
H122		
H123		
H124		
H125		
H126		
H127		
H128		
H129		
H13		
H130		
H131		
H132		
H133		
H134		
H135		
H136		
H137		
H138		
H139		
H14		
H140		
H141		
H142		
H143		
H144		
H145		
H146		
H147		
H148		
H149		
H15		
H150		
H151		
H152		
H153		
H154		
H155		
H156		
H157		
H158		
H159		
H16		
H160		
H161		
H162		
H163		
H164		
H165		
H166		
H167		
H168		
H169		
H17		
H170		
H171		
H172		
H173		
H174		
H175		
H176		
H177		
H178		
H179		
H180		
H181		
H182		
H183		
H184		
H185		
H186		
H187		
H188		
H189		
H190		
H191		
H192		
H193		
H194		
H195		
H196		
H197		
H198		
H199		
H200		
H201		
H202		
H203		
H204		
H205		
H206		
H207		
H208		
H209		
H21		
H210		
H211		
H212		
H213		
H214		
H215		
H216		
H217		
H218		
H219		
H22		
H220		
H221		
H222		
H223		
H224		
H225		
H226		
H227		
H228		
H229		
H23		
H230		
H231		
H232		
H233		
H234		
H235		
H236		
H237		
H238		
H239		
H240		
H241		
H242		
H243		
H244		
H245		
H246		
H247		
H248		
H249		
H25		
H250		
H251		
H252		
H253		
H254		
H255		
H256		
H257		
H258		
H259		
H26		
H260		
H261		
H262		
H263		
H264		
H265		
H266		
H267		
H268		
H269		
H27		
H270		
H271		
H272		
H273		
H274		
H275		
H276		
H277		
H278		
H279		
H28		
H280		
H281		
H282		
H283		
H284		
H285		
H286		
H287		
H288		
H29		
H52		
H53		
H54		Wave
H55		0
H56	IF(G56-F56<0,0,G56-F56)	0
H57	IF(G57-F57<0,0,G57-F57)	0
H58		0
H59		0.43224606110936747
H60		33.704925162125619
H61		85.67619885676163
H62		312.80234669056426
H63		931.2728291820049
H64		1647.4887995182748
H65		2706.1118468791187
H66		3885.4962551099106
H67		5186.3114114148229
H68		6609.1579769422224
H69		8154.5799204612313
H7		
H70		9823.0737038780098
H71		11615.095444948118
H74		
H75		
H76		
H78		
H79		
H8		
H80		
H81		
H85		
H86		
H87		
H88		
H89		
H9		
H90		
H91		
H92		
H93		
H94		
H95		
H96		
H97		
H98		
H99		
I10		
I100		
I101		
I102		
I103		
I104		
I105		
I106		
I107		
I108		
I109		
I11		
I110		
I111		
I112		
I113		
I114		
I115		
I116		
I117		
I118		
I119		
I12		
I120		
I121		
I122		
I123		
I124		
I125		
I126		
I127		
I128		
I129		
I13		
I130		
I131		
I132		
I133		
I134		
I135		
I136		
I137		
I138		
I139		
I14		
I140		
I141		
I142		
I143		
I144		
I145		
I146		
I147		
I148		
I149		
I15		
I150		
I151		
I152		
I153		
I154		
I155		
I156		
I157		
I158		
I159		
I16		
I160		
I161		
I162		
I163		
I164		
I165		
I166		
I167		
I168		
I169		
I17		
I170		
I171		
I172		
I173		
I174		
I175		
I176		
I177		
I178		
I179		
I180		
I181		
I182		
I183		
I184		
I185		
I186		
I187		
I188		
I189		
I190		
I191		
I192		
I193		
I194		
I195		
I196		
I197		
I198		
I199		
I200		
I201		
I202		
I203		
I204		
I205		
I206		
I207		
I208		
I209		
I21		
I210		
I211		
I212		
I213		
I214		
I215		
I216		
I217		
I218		
I219		
I22		
I220		
I221		
I222		
I223		
I224		
I225		
I226		
I227		
I228		
I229		
I23		
I230		
I231		
I232		
I233		
I234		
I235		
I236		
I237		
I238		
I239		
I240		
I241		
I242		
I243		
I244		
I245		
I246		
I247		
I248		
I249		
I25		
I250		
I251		
I252		
I253		
I254		
I255		
I256		
I257		
I258		
I259		
I26		
I260		
I261		
I262		
I263		
I264		
I265		
I266		
I267		
I268		
I269		
I27		
I270		
I271		
I272		
I273		
I274		
I275		
I276		
I277		
I278		
I279		
I28		
I280		
I281		
I282		
I283		
I284		
I285		
I286		
I287		
I288		
I29		
I52		
I53		
I54		Cr
I55		0
I56	H56*2/(1025*B56^2*$B$9)	0
I57		0
I58		0
I59		1.5266933512561363E-6
I60		7.6189322376296162E-5
I61		1.3449261625536228E-4
I62		3.607569238001508E-4
I63		8.2231405005095046E-4
I64		1.1494185568207971E-3
I65		1.5292781907721696E-3
I66		1.8146876219416138E-3
I67		2.0353394517489474E-3
I68		2.2100402369031355E-3
I69		2.3511821427431865E-3
I7		
I70		2.4672072752668175E-3
I71		2.5640327618741705E-3
I74		
I75		
I76		
I78		
I79		
I8		
I80		
I81		
I85		
I86		
I87		
I88		
I89		
I9		
I90		
I91		
I92		
I93		
I94		
I95		
I96		
I97		
I98		
I99		
J100	Lininterp($A$55:$A$71,$G$55:$G$71,N99)	1136.4223557737898
J101	Lininterp($A$55:$A$71,$G$55:$G$71,N100)	1283.5915117593179
J102	Lininterp($A$55:$A$71,$G$55:$G$71,N101)	1423.8551276392966
J103	Lininterp($A$55:$A$71,$G$55:$G$71,N102)	1616.2739619305437
J104	Lininterp($A$55:$A$71,$G$55:$G$71,N103)	1809.9569896276223
J105	Lininterp($A$55:$A$71,$G$55:$G$71,N104)	1992.7748516434392
J106	Lininterp($A$55:$A$71,$G$55:$G$71,N105)	2192.2819980563318
J107	Lininterp($A$55:$A$71,$G$55:$G$71,N106)	2462.2466095434006
J108	Lininterp($A$55:$A$71,$G$55:$G$71,N107)	2712.3275371593263
J109	Lininterp($A$55:$A$71,$G$55:$G$71,N108)	2943.9892724243468
J110	Lininterp($A$55:$A$71,$G$55:$G$71,N109)	3158.5884427714063
J111	Lininterp($A$55:$A$71,$G$55:$G$71,N110)	3371.8266475349747
J112	Lininterp($A$55:$A$71,$G$55:$G$71,N111)	3580.690571336389
J113	Lininterp($A$55:$A$71,$G$55:$G$71,N112)	3772.9027037207561
J114	Lininterp($A$55:$A$71,$G$55:$G$71,N113)	3949.7906179345682
J115	Lininterp($A$55:$A$71,$G$55:$G$71,N114)	4112.5760457157057
J116	Lininterp($A$55:$A$71,$G$55:$G$71,N115)	4262.3833155660186
J117	Lininterp($A$55:$A$71,$G$55:$G$71,N116)	4400.2471182780018
J118	Lininterp($A$55:$A$71,$G$55:$G$71,N117)	4527.1196533505627
J119	Lininterp($A$55:$A$71,$G$55:$G$71,N118)	4677.2686773609839
J120	Lininterp($A$55:$A$71,$G$55:$G$71,N119)	4815.9716653220812
J121	Lininterp($A$55:$A$71,$G$55:$G$71,N120)	4941.4561505012707
J122	Lininterp($A$55:$A$71,$G$55:$G$71,N121)	5054.9818665089342
J123	Lininterp($A$55:$A$71,$G$55:$G$71,N122)	5157.6884933612419
J124	Lininterp($A$55:$A$71,$G$55:$G$71,N123)	5250.6070986811792
J125	Lininterp($A$55:$A$71,$G$55:$G$71,N124)	5334.6704885442059
J126	Lininterp($A$55:$A$71,$G$55:$G$71,N125)	5410.7225718802792
J127	Lininterp($A$55:$A$71,$G$55:$G$71,N126)	5479.5268324410417
J128	Lininterp($A$55:$A$71,$G$55:$G$71,N127)	5541.7739933819694
J129	Lininterp($A$55:$A$71,$G$55:$G$71,N128)	5598.0889514038508
J130	Lininterp($A$55:$A$71,$G$55:$G$71,N129)	5649.0370500651825
J131	Lininterp($A$55:$A$71,$G$55:$G$71,N130)	5695.1297552430169
J132	Lininterp($A$55:$A$71,$G$55:$G$71,N131)	5736.8297897179691
J133	Lininterp($A$55:$A$71,$G$55:$G$71,N132)	5774.5557784292687
J134	Lininterp($A$55:$A$71,$G$55:$G$71,N133)	5808.6864510333899
J135	Lininterp($A$55:$A$71,$G$55:$G$71,N134)	5839.5644439555672
J136	Lininterp($A$55:$A$71,$G$55:$G$71,N135)	5867.499740102845
J137	Lininterp($A$55:$A$71,$G$55:$G$71,N136)	5892.7727807698047
J138	Lininterp($A$55:$A$71,$G$55:$G$71,N137)	5915.6372809772256
J139	Lininterp($A$55:$A$71,$G$55:$G$71,N138)	5936.3227765067959
J140	Lininterp($A$55:$A$71,$G$55:$G$71,N139)	5955.0369282014453
J141	Lininterp($A$55:$A$71,$G$55:$G$71,N140)	5971.9676066640186
J142	Lininterp($A$55:$A$71,$G$55:$G$71,N141)	5987.2847782826084
J143	Lininterp($A$55:$A$71,$G$55:$G$71,N142)	6001.1422115161195
J144	Lininterp($A$55:$A$71,$G$55:$G$71,N143)	6013.679020569577
J145	Lininterp($A$55:$A$71,$G$55:$G$71,N144)	6025.0210619559111
J146	Lininterp($A$55:$A$71,$G$55:$G$71,N145)	6035.282197964345
J147	Lininterp($A$55:$A$71,$G$55:$G$71,N146)	6044.565439719262
J148	Lininterp($A$55:$A$71,$G$55:$G$71,N147)	6052.963981304656
J149	Lininterp($A$55:$A$71,$G$55:$G$71,N148)	6060.5621353357346
J150	Lininterp($A$55:$A$71,$G$55:$G$71,N149)	6067.4361793698108
J151	Lininterp($A$55:$A$71,$G$55:$G$71,N150)	6073.6551216535654
J152	Lininterp($A$55:$A$71,$G$55:$G$71,N151)	6079.2813938940417
J153	Lininterp($A$55:$A$71,$G$55:$G$71,N152)	6084.3714780079608
J154	Lininterp($A$55:$A$71,$G$55:$G$71,N153)	6088.9764731413943
J155	Lininterp($A$55:$A$71,$G$55:$G$71,N154)	6093.1426086520005
J156	Lininterp($A$55:$A$71,$G$55:$G$71,N155)	6096.9117082036382
J157	Lininterp($A$55:$A$71,$G$55:$G$71,N156)	6100.3216096324304
J158	Lininterp($A$55:$A$71,$G$55:$G$71,N157)	6103.4065447992489
J159	Lininterp($A$55:$A$71,$G$55:$G$71,N158)	6106.1974832419583
J160	Lininterp($A$55:$A$71,$G$55:$G$71,N159)	6108.7224430773495
J161	Lininterp($A$55:$A$71,$G$55:$G$71,N160)	6111.0067722738559
J162	Lininterp($A$55:$A$71,$G$55:$G$71,N161)	6113.0734031187749
J163	Lininterp($A$55:$A$71,$G$55:$G$71,N162)	6114.9430824345736
J164	Lininterp($A$55:$A$71,$G$55:$G$71,N163)	6116.6345798553721
J165	Lininterp($A$55:$A$71,$G$55:$G$71,N164)	6118.164876254541
J166	Lininterp($A$55:$A$71,$G$55:$G$71,N165)	6119.5493342149912
J167	Lininterp($A$55:$A$71,$G$55:$G$71,N166)	6120.801852253524
J168	Lininterp($A$55:$A$71,$G$55:$G$71,N167)	6121.9350043474569
J169	Lininterp($A$55:$A$71,$G$55:$G$71,N168)	6122.9601661642791
J170	Lininterp($A$55:$A$71,$G$55:$G$71,N169)	6123.8876292615068
J171	Lininterp($A$55:$A$71,$G$55:$G$71,N170)	6124.7267044032133
J172	Lininterp($A$55:$A$71,$G$55:$G$71,N171)	6125.485815030398
J173	Lininterp($A$55:$A$71,$G$55:$G$71,N172)	6126.1725818235782
J174	Lininterp($A$55:$A$71,$G$55:$G$71,N173)	6126.7938992064755
J175	Lininterp($A$55:$A$71,$G$55:$G$71,N174)	6127.3560045588711
J176	Lininterp($A$55:$A$71,$G$55:$G$71,N175)	6127.8645408333832
J177	Lininterp($A$55:$A$71,$G$55:$G$71,N176)	6128.3246132048616
J178	Lininterp($A$55:$A$71,$G$55:$G$71,N177)	6128.7408403210065
J179	Lininterp($A$55:$A$71,$G$55:$G$71,N178)	6129.1174006688061
J180	Lininterp($A$55:$A$71,$G$55:$G$71,N179)	6129.4580745221765
J181	Lininterp($A$55:$A$71,$G$55:$G$71,N180)	6129.7662818919835
J182	Lininterp($A$55:$A$71,$G$55:$G$71,N181)	6130.0451168593972
J183	Lininterp($A$55:$A$71,$G$55:$G$71,N182)	6130.2973786372477
J184	Lininterp($A$55:$A$71,$G$55:$G$71,N183)	6130.5255996711949
J185	Lininterp($A$55:$A$71,$G$55:$G$71,N184)	6130.7320710628555
J186	Lininterp($A$55:$A$71,$G$55:$G$71,N185)	6130.9188655700818
J187	Lininterp($A$55:$A$71,$G$55:$G$71,N186)	6131.0878584152797
J188	Lininterp($A$55:$A$71,$G$55:$G$71,N187)	6131.2407461107114
J189	Lininterp($A$55:$A$71,$G$55:$G$71,N188)	6131.3790634896923
J190	Lininterp($A$55:$A$71,$G$55:$G$71,N189)	6131.5041991147255
J191	Lininterp($A$55:$A$71,$G$55:$G$71,N190)	6131.6174092172323
J192	Lininterp($A$55:$A$71,$G$55:$G$71,N191)	6131.7198303087971
J193	Lininterp($A$55:$A$71,$G$55:$G$71,N192)	6131.8124905905643
J194	Lininterp($A$55:$A$71,$G$55:$G$71,N193)	6131.8963202753102
J195	Lininterp($A$55:$A$71,$G$55:$G$71,N194)	6131.9721609258095
J196	Lininterp($A$55:$A$71,$G$55:$G$71,N195)	6132.0407739032471
J197	Lininterp($A$55:$A$71,$G$55:$G$71,N196)	6132.1028480104969
J198	Lininterp($A$55:$A$71,$G$55:$G$71,N197)	6132.1590064069787
J199	Lininterp($A$55:$A$71,$G$55:$G$71,N198)	6132.2098128645339
J200	Lininterp($A$55:$A$71,$G$55:$G$71,N199)	6132.2557774271172
J201	Lininterp($A$55:$A$71,$G$55:$G$71,N200)	6132.297361531083
J202	Lininterp($A$55:$A$71,$G$55:$G$71,N201)	6132.3349826375543
J203	Lininterp($A$55:$A$71,$G$55:$G$71,N202)	6132.369018423281
J204	Lininterp($A$55:$A$71,$G$55:$G$71,N203)	6132.3998105721166
J205	Lininterp($A$55:$A$71,$G$55:$G$71,N204)	6132.4276682051841
J206	Lininterp($A$55:$A$71,$G$55:$G$71,N205)	6132.4528709841261
J207	Lininterp($A$55:$A$71,$G$55:$G$71,N206)	6132.4756719186062
J208	Lininterp($A$55:$A$71,$G$55:$G$71,N207)	6132.4962999062691
J209	Lininterp($A$55:$A$71,$G$55:$G$71,N208)	6132.5149620306402
J210	Lininterp($A$55:$A$71,$G$55:$G$71,N209)	6132.5318456400237
J211	Lininterp($A$55:$A$71,$G$55:$G$71,N210)	6132.5471202282861
J212	Lininterp($A$55:$A$71,$G$55:$G$71,N211)	6132.5609391363887
J213	Lininterp($A$55:$A$71,$G$55:$G$71,N212)	6132.5734410917867
J214	Lininterp($A$55:$A$71,$G$55:$G$71,N213)	6132.5847516010972
J215	Lininterp($A$55:$A$71,$G$55:$G$71,N214)	6132.594984210059
J216	Lininterp($A$55:$A$71,$G$55:$G$71,N215)	6132.6042416434202
J217	Lininterp($A$55:$A$71,$G$55:$G$71,N216)	6132.6126168361716
J218	Lininterp($A$55:$A$71,$G$55:$G$71,N217)	6132.6201938665281
J219	Lininterp($A$55:$A$71,$G$55:$G$71,N218)	6132.6270487999946
J220	Lininterp($A$55:$A$71,$G$55:$G$71,N219)	6132.6332504529582
J221	Lininterp($A$55:$A$71,$G$55:$G$71,N220)	6132.6388610835675
J222	Lininterp($A$55:$A$71,$G$55:$G$71,N221)	6132.64393701671
J223	Lininterp($A$55:$A$71,$G$55:$G$71,N222)	6132.6485292094685
J224	Lininterp($A$55:$A$71,$G$55:$G$71,N223)	6132.6526837626843
J225	Lininterp($A$55:$A$71,$G$55:$G$71,N224)	6132.656442383739
J226	Lininterp($A$55:$A$71,$G$55:$G$71,N225)	6132.6598428052821
J227	Lininterp($A$55:$A$71,$G$55:$G$71,N226)	6132.6629191640022
J228	Lininterp($A$55:$A$71,$G$55:$G$71,N227)	6132.6657023433399
J229	Lininterp($A$55:$A$71,$G$55:$G$71,N228)	6132.6682202835227
J230	Lininterp($A$55:$A$71,$G$55:$G$71,N229)	6132.6704982620413
J231	Lininterp($A$55:$A$71,$G$55:$G$71,N230)	6132.6725591474333
J232	Lininterp($A$55:$A$71,$G$55:$G$71,N231)	6132.6744236288423
J233	Lininterp($A$55:$A$71,$G$55:$G$71,N232)	6132.6761104237212
J234	Lininterp($A$55:$A$71,$G$55:$G$71,N233)	6132.6776364657335
J235	Lininterp($A$55:$A$71,$G$55:$G$71,N234)	6132.6790170747572
J236	Lininterp($A$55:$A$71,$G$55:$G$71,N235)	6132.6802661106649
J237	Lininterp($A$55:$A$71,$G$55:$G$71,N236)	6132.6813961124735
J238	Lininterp($A$55:$A$71,$G$55:$G$71,N237)	6132.682418424235
J239	Lininterp($A$55:$A$71,$G$55:$G$71,N238)	6132.683343308885
J240	Lininterp($A$55:$A$71,$G$55:$G$71,N239)	6132.6841800513075
J241	Lininterp($A$55:$A$71,$G$55:$G$71,N240)	6132.6849370515274
J242	Lininterp($A$55:$A$71,$G$55:$G$71,N241)	6132.6856219090369
J243	Lininterp($A$55:$A$71,$G$55:$G$71,N242)	6132.686241499091
J244	Lininterp($A$55:$A$71,$G$55:$G$71,N243)	6132.6868020417332
J245	Lininterp($A$55:$A$71,$G$55:$G$71,N244)	6132.687309164221
J246	Lininterp($A$55:$A$71,$G$55:$G$71,N245)	6132.6877679575418
J247	Lininterp($A$55:$A$71,$G$55:$G$71,N246)	6132.6881830275015
J248	Lininterp($A$55:$A$71,$G$55:$G$71,N247)	6132.6885585409736
J249	Lininterp($A$55:$A$71,$G$55:$G$71,N248)	6132.6888982677156
J250	Lininterp($A$55:$A$71,$G$55:$G$71,N249)	6132.6892056182387
J251	Lininterp($A$55:$A$71,$G$55:$G$71,N250)	6132.6894836780129
J252	Lininterp($A$55:$A$71,$G$55:$G$71,N251)	6132.6897352384785
J253	Lininterp($A$55:$A$71,$G$55:$G$71,N252)	6132.689962825033
J254	Lininterp($A$55:$A$71,$G$55:$G$71,N253)	6132.6901687224108
J255	Lininterp($A$55:$A$71,$G$55:$G$71,N254)	6132.6903549976114
J256	Lininterp($A$55:$A$71,$G$55:$G$71,N255)	6132.6905235206423
J257	Lininterp($A$55:$A$71,$G$55:$G$71,N256)	6132.6906759832909
J258	Lininterp($A$55:$A$71,$G$55:$G$71,N257)	6132.6908139161314
J259	Lininterp($A$55:$A$71,$G$55:$G$71,N258)	6132.6909387038668
J260	Lininterp($A$55:$A$71,$G$55:$G$71,N259)	6132.6910515992349
J261	Lininterp($A$55:$A$71,$G$55:$G$71,N260)	6132.6911537355845
J262	Lininterp($A$55:$A$71,$G$55:$G$71,N261)	6132.6912461382599
J263	Lininterp($A$55:$A$71,$G$55:$G$71,N262)	6132.691329734891
J264	Lininterp($A$55:$A$71,$G$55:$G$71,N263)	6132.691405364696
J265	Lininterp($A$55:$A$71,$G$55:$G$71,N264)	6132.6914737869229
J266	Lininterp($A$55:$A$71,$G$55:$G$71,N265)	6132.6915356884574
J267	Lininterp($A$55:$A$71,$G$55:$G$71,N266)	6132.6915916907292
J268	Lininterp($A$55:$A$71,$G$55:$G$71,N267)	6132.691642355936
J269	Lininterp($A$55:$A$71,$G$55:$G$71,N268)	6132.6916881927164
J270	Lininterp($A$55:$A$71,$G$55:$G$71,N269)	6132.6917296612082
J271	Lininterp($A$55:$A$71,$G$55:$G$71,N270)	6132.6917671777283
J272	Lininterp($A$55:$A$71,$G$55:$G$71,N271)	6132.69180111889
J273	Lininterp($A$55:$A$71,$G$55:$G$71,N272)	6132.6918318254338
J274	Lininterp($A$55:$A$71,$G$55:$G$71,N273)	6132.6918596056175
J275	Lininterp($A$55:$A$71,$G$55:$G$71,N274)	6132.6918847383322
J276	Lininterp($A$55:$A$71,$G$55:$G$71,N275)	6132.691907475878
J277	Lininterp($A$55:$A$71,$G$55:$G$71,N276)	6132.691928046519
J278	Lininterp($A$55:$A$71,$G$55:$G$71,N277)	6132.6919466567615
J279	Lininterp($A$55:$A$71,$G$55:$G$71,N278)	6132.6919634934329
J280	Lininterp($A$55:$A$71,$G$55:$G$71,N279)	6132.6919787255565
J281	Lininterp($A$55:$A$71,$G$55:$G$71,N280)	6132.6919925060474
J282	Lininterp($A$55:$A$71,$G$55:$G$71,N281)	6132.6920049732435
J283	Lininterp($A$55:$A$71,$G$55:$G$71,N282)	6132.6920162523093
J284	Lininterp($A$55:$A$71,$G$55:$G$71,N283)	6132.6920264564706
J285	Lininterp($A$55:$A$71,$G$55:$G$71,N284)	6132.6920356881692
J286	Lininterp($A$55:$A$71,$G$55:$G$71,N285)	6132.6920440400763
J287	Lininterp($A$55:$A$71,$G$55:$G$71,N286)	6132.6920515960446
J288	Lininterp($A$55:$A$71,$G$55:$G$71,N287)	6132.6920584319196
J29		
J52		
J53		Power
J54		
J55	G55*A55*0.514	0
J56	G56*A56*0.514	20.662800000000001
J57		165.30240000000001
J58		557.89560000000006
J59		1322.4192
J60		2582.8500000000004
J61		4463.1648000000005
J62		7645.0304000000015
J63		13375.5136
J64		20986.311599999997
J65		31970.799999999999
J66		45687.712399999989
J67		62410.291199999992
J68		82411.7788
J69		105965.41759999999
J70		133344.45000000001
J71		164822.11839999998
J75		kts
J77		J
J78		kts
J81		kts
J84		APPARENT MASS + 10% Ref 1 P74
J85		
J86		Resistance
J87		N
J88	Lininterp($A$55:$A$71,$G$55:$G$71,0)	0
J89	Lininterp($A$55:$A$71,$G$55:$G$71,N88)	21.48138196379319
J90	Lininterp($A$55:$A$71,$G$55:$G$71,N89)	46.474174044085423
J91	Lininterp($A$55:$A$71,$G$55:$G$71,N90)	106.93337136001419
J92	Lininterp($A$55:$A$71,$G$55:$G$71,N91)	168.32255170642821
J93	Lininterp($A$55:$A$71,$G$55:$G$71,N92)	262.25333590250307
J94	Lininterp($A$55:$A$71,$G$55:$G$71,N93)	352.65972388917294
J95	Lininterp($A$55:$A$71,$G$55:$G$71,N94)	470.82353736274547
J96	Lininterp($A$55:$A$71,$G$55:$G$71,N95)	587.73097793677925
J97	Lininterp($A$55:$A$71,$G$55:$G$71,N96)	716.08142302801605
J98	Lininterp($A$55:$A$71,$G$55:$G$71,N97)	854.18937382331887
J99	Lininterp($A$55:$A$71,$G$55:$G$71,N98)	986.24975504793974
K100		0.17106500718354062
K101		0.16303821474968089
K102		0.15538805923202656
K103		0.14692012431567095
K104		0.13867824834139592
K105		0.13089872236778777
K106		0.12301578927690933
K107		0.11395531630725683
K108		0.10556217369345813
K109		9.7787210601408381E-2
K110		9.0584896299807691E-2
K111		8.3623661655964313E-2
K112		7.6956719150618677E-2
K113		7.082130231025105E-2
K114		6.5175034958330269E-2
K115		5.9978919382349755E-2
K116		5.5197066983921947E-2
K117		5.0796450402941673E-2
K118		4.6746675403787498E-2
K119		4.2350799460617559E-2
K120		3.8314735286980491E-2
K121		3.4663311172591062E-2
K122		3.1359870620225022E-2
K123		2.8371250525393497E-2
K124		2.5667448253294589E-2
K125		2.3221320443590827E-2
K126		2.1008310519325338E-2
K127		1.9006202164451456E-2
K128		1.7194896295144847E-2
K129		1.5556209285923817E-2
K130		1.4073690424977574E-2
K131		1.2732456766143556E-2
K132		1.1519043719620078E-2
K133		1.042126988150046E-2
K134		9.4281147451578465E-3
K135		8.5296080668303912E-3
K136		7.7167297747521377E-3
K137		6.9813194170214076E-3
K138		6.3159942391588283E-3
K139		5.7140750689370374E-3
K140		5.1695192644437083E-3
K141		4.6768600522475983E-3
K142		4.2311516466826118E-3
K143		3.8279195993093334E-3
K144		3.4631158801091458E-3
K145		3.1330782394771149E-3
K146		2.8344934430481255E-3
K147		2.5643640102723849E-3
K148		2.3199781228312451E-3
K149		2.0988824008038726E-3
K150		1.8988572732866549E-3
K151		1.7178946962121185E-3
K152	(G152-J152)/($B$8*1100)	1.5541779936758828E-3
K153		1.4060636204026029E-3
K154		1.2720646622616592E-3
K155		1.1508359091969387E-3
K156		1.0411603507186693E-3
K157		9.4193695838451594E-4
K158		8.5216963262019186E-4
K159		7.7095720291677416E-4
K160		6.9748438101653848E-4
K161		6.3101357626792458E-4
K162		5.7087749098294214E-4
K163		5.1647242146271447E-4
K164		4.6725219744130986E-4
K165		4.2272269910444084E-4
K166		3.8243689664107036E-4
K167		3.4599036252910993E-4
K168		3.1301721150451482E-4
K169		2.8318642745379935E-4
K170		2.5619854035693451E-4
K171		2.3178261991994484E-4
K172		2.0969355571703158E-4
K173		1.897095965367598E-4
K174		1.7163012423099171E-4
K175		1.5527363971710569E-4
K176		1.4047594091679146E-4
K177		1.2708847433729918E-4
K178		1.149768437497823E-4
K179		1.0401946099036935E-4
K180		9.410632534206245E-5
K181		8.5137919241981303E-5
K182		7.7024209228386908E-5
K183		6.9683742098391354E-5
K184		6.3042827203024012E-5
K185		5.7034796669490329E-5
K186		5.1599336125109651E-5
K187		4.6681879204175131E-5
K188		4.2233059757734128E-5
K189		3.8208216269468579E-5
K190		3.4566943500481689E-5
K191		3.1272686862330828E-5
K192		2.8292375447516439E-5
K193		2.5596090031774177E-5
K194		2.3156762716168726E-5
K195		2.0949905193577682E-5
K196		1.8953362911736039E-5
K197		1.7147092664332903E-5
K198		1.5512961378324845E-5
K199		1.4034564076702199E-5
K200		1.2697059189269533E-5
K201		1.1487019559451495E-5
K202		1.0392297648738273E-5
K203		9.4019035886492131E-6
K204		8.5058948539229957E-6
K205		7.6952764495348982E-6
K206		6.9619106103517833E-6
K207		6.298435106802511E-6
K208		5.6981893355801505E-6
K209		5.1551474538905993E-6
K210		4.6638578864779073E-6
K211		4.2193885973915272E-6
K212		3.8172775777700632E-6
K213		3.4534880515157956E-6
K214		3.124367950459385E-6
K215		2.826613251447419E-6
K216	(G216-J216)/($B$8*1100)	2.5572348070517143E-6
K217		2.3135283382234994E-6
K218		2.0930472857679205E-6
K219		1.8935782492188404E-6
K220		1.7131187673308559E-6
K221		1.5498572145214436E-6
K222		1.4021546148547598E-6
K223		1.2685281880226429E-6
K224		1.147636463643574E-6
K225		1.0382658148500318E-6
K226		9.3931827403298903E-7
K227		8.4980051094047661E-7
K228		7.6881386041510219E-7
K229		6.9554530063006212E-7
K230		6.292592917936815E-7
K231		5.6929039119612304E-7
K232		5.1503657353636418E-7
K233		4.6595318696166041E-7
K234		4.2154748536437208E-7
K235		3.8137368161719515E-7
K236		3.4502847265942227E-7
K237		3.1214699057197449E-7
K238		2.8239913917236251E-7
K239		2.5548628129102366E-7
K240		2.3113823974040371E-7
K241		2.0911058546522853E-7
K242		1.8918218379324758E-7
K243		1.7115297433386726E-7
K244		1.5484196251370531E-7
K245		1.4008540296105997E-7
K246		1.2673515496950762E-7
K247		1.1465719602868021E-7
K248		1.0373027589361983E-7
K249		9.3844699877468692E-8
K250		8.4901226827136606E-8
K251		7.6810073855810456E-8
K252		6.9490013929682322E-8
K253		6.2867561498552171E-8
K254		5.6876233980455649E-8
K255		5.1455884545066982E-8
K256		4.6552098561277684E-8
K257		4.2115647386263893E-8
K258		3.8101993428449197E-8
K259		3.4470843769433828E-8
K260		3.1185745475573061E-8
K261		2.8213719647402743E-8
K262		2.5524930216512798E-8
K263		2.3092384428740628E-8
K264		2.0891662225871368E-8
K265		1.8900670517224849E-8
K266		1.7099421903825244E-8
K267		1.5469833627881309E-8
K268		1.3995546528925205E-8
K269		1.2661759925105755E-8
K270		1.1455084442167224E-8
K271		1.036340584791243E-8
K272		9.3757652126822954E-9
K273		8.4822474697166619E-9
K274		7.6738827302154573E-9
K275		6.9425556703031021E-9
K276		6.2809246844491915E-9
K277		5.6823476166703644E-9
K278		5.1408154360884064E-9
K279		4.6508916885455122E-9
K280	(G280-J280)/($B$8*1100)	4.2076580704757267E-9
K281		3.8066649406675263E-9
K282		3.443886861022544E-9
K283		3.1156817268513996E-9
K284		2.8187548168396684E-9
K285		2.5501252117439198E-9
K286		2.3070963128128706E-9
K287		2.0872281458665928E-9
K288		1.8883136739958342E-9
K52		
K53		
K54		Rudders Dn
K55		
K56		
K57		
K58		
K59		
K60		
K61		
K62		
K63		
K64		
K65		
K66		
K67		
K68		
K69		
K70		
K71		
K77		Ref 2 page 220
K85		
K86		Acceleration
K87		m/s2
K88	(G88-J88)/($B$8*1100)	0.2746624460047189
K89		0.2660782294402223
K90		0.25767850265661185
K91		0.24881759591389035
K92		0.2402011098347385
K93		0.2311884747519819
K94		0.22251400459773388
K95		0.21354095399805717
K96		0.20485945515251577
K97		0.19620643092533374
K98		0.18761480361927871
K99		0.1793993926248808
L100	L99+K100	2.893826406703504
L101	L100+K101	3.0568646214531849
L102	L101+K102	3.2122526806852116
L103	L102+K103	3.3591728050008824
L104	L103+K104	3.4978510533422784
L105	L104+K105	3.628749775710066
L106	L105+K106	3.7517655649869752
L107	L106+K107	3.8657208812942319
L108	L107+K108	3.9712830549876901
L109	L108+K109	4.0690702655890982
L110	L109+K110	4.1596551618889057
L111	L110+K111	4.2432788235448697
L112	L111+K112	4.3202355426954888
L113	L112+K113	4.3910568450057399
L114	L113+K114	4.4562318799640703
L115	L114+K115	4.5162107993464202
L116	L115+K116	4.5714078663303424
L117	L116+K117	4.622204316733284
L118	L117+K118	4.6689509921370718
L119	L118+K119	4.7113017915976894
L120	L119+K120	4.7496165268846697
L121	L120+K121	4.7842798380572606
L122	L121+K122	4.8156397086774856
L123	L122+K123	4.8440109592028788
L124	L123+K124	4.8696784074561732
L125	L124+K125	4.8928997278997644
L126	L125+K126	4.9139080384190894
L127	L126+K127	4.9329142405835409
L128	L127+K128	4.9501091368786856
L129	L128+K129	4.9656653461646094
L130	L129+K130	4.9797390365895868
L131	L130+K131	4.9924714933557306
L132	L131+K132	5.0039905370753504
L133	L132+K133	5.0144118069568506
L134	L133+K134	5.0238399217020087
L135	L134+K135	5.0323695297688387
L136	L135+K136	5.0400862595435907
L137	L136+K137	5.0470675789606121
L138	L137+K138	5.0533835731997705
L139	L138+K139	5.0590976482687076
L140	L139+K140	5.064267167533151
L141	L140+K141	5.068944027585399
L142	L141+K142	5.0731751792320816
L143	L142+K143	5.0770030988313906
L144	L143+K144	5.0804662147114996
L145	L144+K145	5.0835992929509768
L146	L145+K146	5.086433786394025
L147	L146+K147	5.0889981504042971
L148	L147+K148	5.0913181285271287
L149	L148+K149	5.0934170109279329
L150	L149+K150	5.0953158682012196
L151	L150+K151	5.097033762897432
L152	L151+K152	5.0985879408911083
L153	L152+K153	5.0999940045115109
L154	L153+K154	5.1012660691737723
L155	L154+K155	5.1024169050829693
L156	L155+K156	5.1034580654336876
L157	L156+K157	5.1044000023920724
L158	L157+K158	5.1052521720246924
L159	L158+K159	5.1060231292276095
L160	L159+K160	5.1067206136086263
L161	L160+K161	5.1073516271848938
L162	L161+K162	5.1079225046758765
L163	L162+K163	5.1084389770973395
L164	L163+K164	5.1089062292947807
L165	L164+K165	5.1093289519938851
L166	L165+K166	5.1097113888905259
L167	L166+K167	5.110057379253055
L168	L167+K168	5.1103703964645595
L169	L168+K169	5.110653582892013
L170	L169+K170	5.1109097814323698
L171	L170+K171	5.1111415640522901
L172	L171+K172	5.1113512576080069
L173	L172+K173	5.1115409672045438
L174	L173+K174	5.1117125973287747
L175	L174+K175	5.1118678709684922
L176	L175+K176	5.1120083469094091
L177	L176+K177	5.1121354353837463
L178	L177+K178	5.1122504122274961
L179	L178+K179	5.1123544316884866
L180	L179+K180	5.1124485380138287
L181	L180+K181	5.1125336759330704
L182	L181+K182	5.1126107001422989
L183	L182+K183	5.1126803838843973
L184	L183+K184	5.1127434267116003
L185	L184+K185	5.1128004615082698
L186	L185+K186	5.1128520608443946
L187	L186+K187	5.1128987427235986
L188	L187+K188	5.1129409757833564
L189	L188+K189	5.1129791839996255
L190	L189+K190	5.1130137509431259
L191	L190+K191	5.1130450236299883
L192	L191+K192	5.113073316005436
L193	L192+K193	5.1130989120954675
L194	L193+K194	5.1131220688581838
L195	L194+K195	5.1131430187633775
L196	L195+K196	5.1131619721262895
L197	L196+K197	5.1131791192189535
L198	L197+K198	5.1131946321803321
L199	L198+K199	5.1132086667444092
L200	L199+K200	5.1132213638035982
L201	L200+K201	5.1132328508231577
L202	L201+K202	5.1132432431208068
L203	L202+K203	5.1132526450243958
L204	L203+K204	5.11326115091925
L205	L204+K205	5.1132688461956999
L206	L205+K206	5.1132758081063105
L207	L206+K207	5.1132821065414173
L208	L207+K208	5.1132878047307528
L209	L208+K209	5.1132929598782066
L210	L209+K210	5.1132976237360932
L211	L210+K211	5.1133018431246908
L212	L211+K212	5.1133056604022684
L213	L212+K213	5.1133091138903195
L214	L213+K214	5.1133122382582696
L215	L214+K215	5.1133150648715207
L216	L215+K216	5.1133176221063277
L217	L216+K217	5.1133199356346655
L218	L217+K218	5.1133220286819512
L219	L218+K219	5.1133239222602
L220	L219+K220	5.1133256353789678
L221	L220+K221	5.1133271852361819
L222	L221+K222	5.1133285873907965
L223	L222+K223	5.1133298559189848
L224	L223+K224	5.1133310035554489
L225	L224+K225	5.1133320418212636
L226	L225+K226	5.1133329811395374
L227	L226+K227	5.1133338309400482
L228	L227+K228	5.1133345997539088
L229	L228+K229	5.1133352952992093
L230	L229+K230	5.1133359245585011
L231	L230+K231	5.1133364938488919
L232	L231+K232	5.1133370088854653
L233	L232+K233	5.1133374748386524
L234	L233+K234	5.1133378963861382
L235	L234+K235	5.1133382777598202
L236	L235+K236	5.1133386227882927
L237	L236+K237	5.1133389349352836
L238	L237+K238	5.1133392173344223
L239	L238+K239	5.1133394728207033
L240	L239+K240	5.1133397039589434
L241	L240+K241	5.1133399130695292
L242	L241+K242	5.1133401022517129
L243	L242+K243	5.1133402734046873
L244	L243+K244	5.1133404282466497
L245	L244+K245	5.1133405683320525
L246	L245+K246	5.1133406950672073
L247	L246+K247	5.1133408097244031
L248	L247+K248	5.113340913454679
L249	L248+K249	5.113341007299379
L250	L249+K250	5.1133410922006055
L251	L250+K251	5.1133411690106794
L252	L251+K252	5.1133412385006931
L253	L252+K253	5.1133413013682549
L254	L253+K254	5.1133413582444893
L255	L254+K255	5.1133414097003742
L256	L255+K256	5.1133414562524724
L257	L256+K257	5.1133414983681194
L258	L257+K258	5.1133415364701129
L259	L258+K259	5.1133415709409569
L260	L259+K260	5.1133416021267024
L261	L260+K261	5.1133416303404218
L262	L261+K262	5.1133416558653524
L263	L262+K263	5.1133416789577364
L264	L263+K264	5.113341699849399
L265	L264+K265	5.1133417187500694
L266	L265+K266	5.1133417358494917
L267	L266+K267	5.1133417513193251
L268	L267+K268	5.1133417653148721
L269	L268+K269	5.1133417779766317
L270	L269+K270	5.1133417894317166
L271	L270+K271	5.1133417997951227
L272	L271+K272	5.1133418091708878
L273	L272+K273	5.1133418176531356
L274	L273+K274	5.1133418253270184
L275	L274+K275	5.1133418322695743
L276	L275+K276	5.1133418385504994
L277	L276+K277	5.1133418442328473
L278	L277+K278	5.1133418493736631
L279	L278+K279	5.1133418540245552
L280	L279+K280	5.1133418582322134
L281	L280+K281	5.1133418620388786
L282	L281+K282	5.1133418654827656
L283	L282+K283	5.1133418685984475
L284	L283+K284	5.1133418714172025
L285	L284+K285	5.113341873967328
L286	L285+K286	5.1133418762744247
L287	L286+K287	5.1133418783616529
L288	L287+K288	5.1133418802499664
L52		
L53		Thrust (N)
L54		Thranites
L55		5000
L56	5000-5000*A56/18	4722.2222222222226
L57	5000-5000*A57/18	4444.4444444444443
L58		4166.666666666667
L59		3888.8888888888887
L60		3611.1111111111113
L61		3333.333333333333
L62		3055.5555555555557
L63		2777.7777777777778
L64		2500
L65		2222.2222222222222
L66		1944.4444444444443
L67		1666.6666666666665
L68		1388.8888888888887
L69		1111.1111111111113
L70		833.33333333333303
L71		555.55555555555566
L8		 
L85		
L86		Speed
L87		m/s
L88	0+K88	0.2746624460047189
L89	L88+K89	0.5407406754449412
L90	L89+K90	0.79841917810155305
L91	L90+K91	1.0472367740154434
L92	L91+K92	1.2874378838501819
L93	L92+K93	1.5186263586021638
L94	L93+K94	1.7411403631998976
L95	L94+K95	1.9546813171979549
L96	L95+K96	2.1595407723504705
L97	L96+K97	2.3557472032758042
L98	L97+K98	2.5433620068950828
L99	L98+K99	2.7227613995199635
M100		
M101		
M102		
M103		
M104		
M105		
M106		
M107		
M108		
M109		
M110		
M111		
M112		
M113		
M114		
M115		
M116		
M117		
M118		
M119		
M120		
M121		
M122		
M123		
M124		
M125		
M126		
M127		
M128		
M129		
M130		
M131		
M132		
M133		
M134		
M135		
M136		
M137		
M138		
M139		
M140		
M141		
M142		
M143		
M144		
M145		
M146		
M147		
M148		
M149		
M150		
M151		
M152		
M153		
M154		
M155		
M156		
M157		
M158		
M159		
M160		
M161		
M162		
M163		
M164		
M165		
M166		
M167		
M168		
M169		
M170		
M171		
M172		
M173		
M174		
M175		
M176		
M177		
M178		
M179		
M180		
M181		
M182		
M183		
M184		
M185		
M186		
M187		
M188		
M189		
M190		
M191		
M192		
M193		
M194		
M195		
M196		
M197		
M198		
M199		
M200		
M201		
M202		
M203		
M204		
M205		
M206		
M207		
M208		
M209		
M210		
M211		
M212		
M213		
M214		
M215		
M216		
M217		
M218		
M219		
M220		
M221		
M222		
M223		
M224		
M225		
M226		
M227		
M228		
M229		
M230		
M231		
M232		
M233		
M234		
M235		
M236		
M237		
M238		
M239		
M240		
M241		
M242		
M243		
M244		
M245		
M246		
M247		
M248		
M249		
M250		
M251		
M252		
M253		
M254		
M255		
M256		
M257		
M258		
M259		
M260		
M261		
M262		
M263		
M264		
M265		
M266		
M267		
M268		
M269		
M270		
M271		
M272		
M273		
M274		
M275		
M276		
M277		
M278		
M279		
M280		
M281		
M282		
M283		
M284		
M285		
M286		
M287		
M288		
M52		
M53		
M54		Trust 1988
M55		11000
M56		10200
M57		9300
M58		8400
M59		7500
M60		6600
M61		5700
M62		5100
M63	M62-455.555	4644.4449999999997
M64	M63-455.555	4188.8899999999994
M65		3733.3349999999996
M66		3277.7799999999997
M67		2822.2249999999999
M68		2366.67
M69		1911.115
M70		1455.56
M71		1000
M8		
M85		
M86		
M87		
M88		
M89		
M90		
M91		
M92		
M93		
M94		
M95		
M96		
M97		
M98		
M99		
N100		5.6300124644037037
N101		5.9472074347338229
N102		6.2495188340179215
N103		6.5353556517526892
N104		6.8051576913273895
N105		7.059824466361996
N106		7.2991547956945038
N107		7.5208577457086223
N108		7.7262316244896692
N109		7.9164791159320975
N110		8.0927143227410614
N111		8.2554062714880736
N112		8.4051275149717686
N113		8.5429121498166136
N114		8.6697118287238712
N115		8.7864023333587937
N116		8.8937896232107825
N117		8.9926154022048319
N118		9.083562241511812
N119		9.1659567929916133
N120		9.2404990795421593
N121		9.3079374281269658
N122		9.3689488495670918
N123		9.4241458350250564
N124		9.4740825047785471
N125		9.519260171011215
N126		9.5601323704651548
N127		9.5971094174777054
N128		9.6305625231102834
N129		9.6608275217210302
N130		9.6882082423921929
N131		9.7129795590578407
N132		9.7353901499520425
N133		9.755664994079476
N134		9.7740076297704448
N135		9.7906021979938487
N136		9.8056152909408372
N137		9.8191976244369883
N138		9.8314855509723156
N139		9.842602428538342
N140		9.8526598590139116
N141		9.8617588085319046
N142		9.8699906210740878
N143		9.8774379354696311
N144		9.8841755150029176
N145		9.8902709979590977
N146		9.895785576642071
N147		9.900774611681511
N148		9.9052881877959695
N149		9.9093716165913097
N150		9.9130658914420611
N151		9.9164080990222416
N152		9.9194317916169421
N153	L153/0.514	9.9221673239523547
N154		9.9246421579256268
N155		9.9268811382937141
N156		9.9289067420888859
N157		9.9307393042647316
N158		9.9323972218379222
N159		9.9338971385751158
N160		9.9352541120790399
N161		9.9364817649511554
N162		9.9375924215483984
N163		9.9385972317068862
N164		9.939506282674671
N165		9.9403287003772078
N166		9.9410727410321513
N167		9.941745874033181
N168		9.9423548569349407
N169		9.942905803291854
N170		9.9434042440318482
N171		9.9438551829811086
N172		9.9442631470972902
N173		9.9446322319154543
N174		9.9449661426629863
N175		9.9452682314562093
N176		9.9455415309521573
N177		9.9457887847932795
N178		9.9460124751507699
N179		9.9462148476429704
N180		9.9463979338790445
N181		9.946563571854222
N182		9.9467134244013593
N183		9.9468489958840411
N184		9.9469716472988328
N185		9.9470826099382688
N186		9.9471829977517405
N187		9.9472738185284015
N188		9.9473559840143118
N189		9.9474303190654183
N190		9.9474975699282595
N191		9.9475584117314941
N192		9.9476134552634932
N193		9.9476632531040217
N194		9.9477083051715631
N195		9.9477490637419788
N196		9.9477859379888898
N197		9.9478192980913498
N198		9.9478494789500616
N199		9.9478767835494342
N200		9.9479014859992176
N201		9.9479238342862981
N202		9.9479440527642158
N203		9.9479623444054397
N204		9.9479788928390072
N205		9.9479938641939682
N206		9.9480074087671415
N207		9.9480196625319408
N208		9.9480307485034096
N209		9.9480407779731639
N210		9.9480498516266405
N211		9.9480580605538727
N212		9.9480654871639462
N213		9.948072206012295
N214		9.9480782845491618
N215		9.9480837837967329
N216		9.9480887589617275
N217	L217/0.514	9.948093259989621
N218		9.9480973320660535
N219		9.948101016070428
N220		9.9481043489863179
N221		9.9481073642727278
N222		9.9481100921999932
N223		9.9481125601536675
N224		9.9481147929094327
N225		9.9481168128818354
N226		9.9481186403492945
N227		9.9481202936576807
N228		9.9481217894044924
N229		9.9481231426054659
N230		9.9481243668453327
N231		9.9481254744141872
N232		9.9481264764308666
N233		9.948127382954576
N234		9.9481282030858722
N235		9.9481289450580164
N236		9.9481296163196351
N237		9.9481302236095015
N238		9.9481307730241681
N239		9.9481312700791893
N240		9.948131719764481
N241		9.9481321265944143
N242		9.9481324946531373
N243		9.9481328276355789
N244		9.9481331288845318
N245		9.9481334014242258
N246		9.9481336479906748
N247		9.9481338710591505
N248		9.9481340728690242
N249		9.9481342554462628
N250		9.9481344206237452
N251		9.9481345700596879
N252		9.948134705254267
N253		9.9481348275646972
N254		9.9481349382188498
N255		9.9481350383275764
N256		9.9481351288958599
N257		9.9481352108329162
N258		9.9481352849613085
N259		9.9481353520252078
N260		9.9481354126978641
N261		9.9481354675883686
N262		9.948135517247767
N263		9.9481355621745848
N264		9.9481356028198427
N265		9.948135639591575
N266		9.9481356728589336
N267		9.9481357029558843
N268		9.9481357301845765
N269		9.9481357548183489
N270		9.9481357771045076
N271		9.9481357972667759
N272		9.9481358155075643
N273		9.9481358320099904
N274		9.9481358469397243
N275		9.9481358604466426
N276		9.9481358726663416
N277		9.948135883721493
N278		9.9481358937230802
N279		9.9481359027715079
N280		9.948135910957614
N281	L281/0.514	9.948135918363576
N282		9.9481359250637453
N283		9.9481359311253836
N284		9.9481359366093436
N285		9.9481359415706763
N286		9.9481359460591925
N287		9.9481359501199478
N288		9.9481359537937095
N52		
N53		
N54		Crew
N55	IF(Input!$B$43="Trust",Powering!M55,170*L55/62)	13709.677419354839
N56	IF(Input!$B$43="Trust",Powering!M56,170*L56/62)	12948.028673835126
N57	IF(Input!$B$43="Trust",Powering!M57,170*L57/62)	12186.379928315411
N58	IF(Input!$B$43="Trust",Powering!M58,170*L58/62)	11424.7311827957
N59	IF(Input!$B$43="Trust",Powering!M59,170*L59/62)	10663.082437275985
N60	IF(Input!$B$43="Trust",Powering!M60,170*L60/62)	9901.4336917562723
N61	IF(Input!$B$43="Trust",Powering!M61,170*L61/62)	9139.7849462365593
N62	IF(Input!$B$43="Trust",Powering!M62,170*L62/62)	8378.1362007168464
N63	IF(Input!$B$43="Trust",Powering!M63,170*L63/62)	7616.4874551971334
N64	IF(Input!$B$43="Trust",Powering!M64,170*L64/62)	6854.8387096774195
N65	IF(Input!$B$43="Trust",Powering!M65,170*L65/62)	6093.1899641577056
N66	IF(Input!$B$43="Trust",Powering!M66,170*L66/62)	5331.5412186379926
N67	IF(Input!$B$43="Trust",Powering!M67,170*L67/62)	4569.8924731182797
N68	IF(Input!$B$43="Trust",Powering!M68,170*L68/62)	3808.2437275985658
N69	IF(Input!$B$43="Trust",Powering!M69,170*L69/62)	3046.5949820788537
N70	IF(Input!$B$43="Trust",Powering!M70,170*L70/62)	2284.9462365591394
N71	IF(Input!$B$43="Trust",Powering!M71,170*L71/62)	1523.2974910394269
N73	M62-M71	4100
N74	N73/9	455.55555555555554
N85		
N86		Speed
N87		(kts)
N88	L88/0.514	0.53436273541774104
N89	L89/0.514	1.0520246603987182
N90		1.5533447044777295
N91		2.0374256303802398
N92		2.5047429646890698
N93		2.9545259894983729
N94		3.3874326132293726
N95		3.8028819400738421
N96		4.2014411913433278
N97		4.5831657651280233
N98		4.9481751106908227
N99		5.2972011663812522
O100		21.563520339156963
O101		24.620384960610146
O102		27.832637641295356
O103		31.191810446296238
O104		34.689661499638518
O105		38.318411275348581
O106		42.070176840335556
O107		45.935897721629786
O108		49.907180776617473
O109		53.97625104220657
O110		58.135906204095477
O111		62.379185027640347
O112		66.699420570335832
O113		71.090477415341567
O114		75.546709295305632
O115		80.062920094652057
O116		84.634327960982404
O117		89.256532277715692
O118		93.925483269852762
O119		98.636785061450453
O120		103.38640158833512
O121	O120+L121	108.17068142639238
O122		112.98632113506986
O123		117.83033209427273
O124		122.70001050172891
O125		127.59291022962867
O126		132.50681826804777
O127		137.43973250863129
O128		142.38984164550999
O129		147.35550699167459
O130		152.33524602826418
O131		157.32771752161992
O132		162.33170805869526
O133		167.3461198656521
O134		172.36995978735411
O135		177.40232931712293
O136		182.44241557666652
O137		187.48948315562714
O138		192.54286672882691
O139		197.60196437709561
O140		202.66623154462877
O141		207.73517557221416
O142		212.80835075144626
O143		217.88535385027765
O144		222.96582006498915
O145		228.04941935794011
O146		233.13585314433413
O147		238.22485129473844
O148		243.31616942326556
O149		248.4095864341935
O150		253.50490230239473
O151		258.60193606529214
O152		263.70052400618323
O153	O152+L153	268.80051801069476
O154		273.90178407986855
O155		279.00420098495152
O156		284.10765905038522
O157		289.21205905277731
O158		294.31731122480198
O159		299.42333435402958
O160		304.53005496763819
O161		309.63740659482306
O162		314.74532909949892
O163		319.85376807659628
O164		324.96267430589108
O165		330.07200325788494
O166		335.18171464677545
O167		340.29177202602853
O168		345.40214242249306
O169		350.5127960053851
O170		355.62370578681748
O171		360.73484735086976
O172		365.84619860847778
O173		370.9577395756823
O174		376.06945217301109
O175		381.18132004397955
O176		386.29332839088897
O177		391.40546382627269
O178		396.51771423850016
O179		401.63006867018862
O180		406.74251720820246
O181		411.85505088413555
O182		416.96766158427783
O183		422.08034196816226
O184		427.19308539487383
O185	O184+L185	432.30588585638208
O186		437.41873791722645
O187		442.53163665995004
O188		447.64457763573341
O189		452.75755681973305
O190		457.87057057067619
O191		462.98361559430617
O192		468.09668891031163
O193		473.20978782240712
O194		478.32290989126528
O195		483.43605291002865
O196		488.54921488215496
O197		493.66239400137391
O198		498.77558863355426
O199		503.88879730029868
O200		509.00201866410225
O201		514.11525151492538
O202		519.22849475804617
O203		524.3417474030706
O204		529.45500855398984
O205		534.56827740018559
O206		539.68155320829192
O207		544.79483531483334
O208		549.90812311956404
O209		555.02141607944225
O210		560.13471370317836
O211		565.24801554630301
O212		570.36132120670527
O213		575.47463032059557
O214		580.5879425588538
O215		585.70125762372527
O216		590.81457524583163
O217	O216+L217	595.92789518146628
O218		601.04121721014826
O219		606.15454113240844
O220		611.26786676778738
O221		616.38119395302351
O222		621.49452254041432
O223		626.60785239633333
O224		631.72118339988879
O225		636.8345154417101
O226		641.94784842284969
O227		647.06118225378975
O228		652.17451685354365
O229		657.28785214884283
O230		662.40118807340139
O231		667.51452456725031
O232		672.62786157613573
O233		677.74119905097439
O234		682.85453694736054
O235		687.96787522512034
O236		693.08121384790866
O237		698.19455278284397
O238		703.30789200017841
O239		708.42123147299912
O240		713.53457117695802
O241		718.64791109002761
O242		723.76125119227936
O243		728.87459146568403
O244		733.98793189393064
O245		739.10127246226273
O246		744.21461315732995
O247		749.32795396705433
O248		754.44129488050896
O249	O248+L249	759.55463588780833
O250		764.66797698000892
O251		769.78131814901963
O252		774.89465938752028
O253		780.0080006888885
O254		785.121342047133
O255		790.23468345683341
O256		795.34802491308585
O257		800.46136641145392
O258		805.57470794792403
O259		810.688049518865
O260		815.80139112099175
O261		820.91473275133217
O262		826.02807440719755
O263		831.14141608615523
O264		836.25475778600457
O265		841.3680995047547
O266		846.48144124060423
O267		851.59478299192358
O268		856.70812475723847
O269		861.82146653521511
O270		866.93480832464684
O271		872.04815012444192
O272		877.16149193361275
O273		882.27483375126587
O274		887.38817557659286
O275		892.50151740886247
O276		897.61485924741294
O277		902.72820109164581
O278		907.8415429410195
O279		912.95488479504411
O280		918.06822665327627
O281	O280+L281	923.18156851531512
O282		928.29491038079789
O283		933.40825224939636
O284		938.52159412081357
O285		943.6349359947809
O286		948.74827787105528
O287		953.86161974941695
O288		958.97496162966695
O52		
O53		Net Thrust
O54		Rudders up
O55	N55-G55	13709.677419354839
O56		12907.828673835125
O57		12025.579928315412
O58		11062.931182795701
O59		10019.882437275985
O60		8896.4336917562723
O61		7692.5849462365595
O62		6253.3362007168462
O63		4363.6874551971332
O64		2318.23870967742
O65		-126.81003584229438
O66		-2749.0587813620059
O67		-5548.50752688172
O68		-8525.1562724014329
O69		-11679.005017921145
O70		-15010.053763440861
O71		-18518.302508960573
O80	18*0.514	9.2520000000000007
O85		
O86		Position
O87		m
O88		0
O89	O88+L89	0.5407406754449412
O90	O89+L90	1.3391598535464944
O91		2.3863966275619379
O92		3.67383451141212
O93		5.1924608700142834
O94		6.9336012332141808
O95		8.8882825504121357
O96		11.047823322762607
O97		13.403570526038411
O98		15.946932532933495
O99		18.669693932453459
P100		189.99852206367257
P101		212.01065285688549
P102		234.11253763750173
P103		256.01768337488926
P104		277.59260764630682
P105		298.75784356639645
P106		319.35716036677582
P107		339.05195937925936
P108		357.82193296279297
P109		375.66060263722949
P110		392.5725506425805
P111		408.51538022979213
P112		423.46753717963117
P113		437.46507892510061
P114		450.54775972248206
P115		462.75772985330633
P116		474.13849255689274
P117		484.73407456549063
P118		494.58837324220383
P119		503.60162344772715
P120		511.82602666759738
P121		519.32403199484759
P122		526.15444756920976
P123		532.37236816351935
P124		538.02918580026494
P125		543.1726616665452
P126		547.84704217514968
P127		552.09320570717659
P128		555.94882953518743
P129		559.44856880203042
P130		562.62424133049012
P131		565.50501355352799
P132		568.11758405790499
P133		570.48636218545414
P134		572.63363988503556
P135		574.57975559390957
P136		576.34324938209181
P137		577.9410089432962
P138		579.38840628248522
P139		580.69942514990578
P140		581.88677941861829
P141		582.96202270807373
P142		583.93564962919868
P143		584.81718907395623
P144		585.61529000019857
P145		586.3378001754545
P146		586.99183834477537
P147		587.58386028080804
P148		588.11971916119103
P149		588.60472070098831
P150		589.04367344760806
P151		589.44093462359501
P152	0.5*$B$8*(L152)^2	589.80045187968699
P153		590.12580129722301
P154		590.42022195587799
P155		590.68664736010635
P156		590.92773399588361
P157		591.14588726849422
P158		591.34328505234009
P159		591.52189906511967
P160		591.68351426124354
P161		591.82974642305487
P162		591.9620581132524
P163		592.08177313785734
P164		592.19008965607668
P165		592.28809206143649
P166		592.37676174753278
P167		592.45698686163234
P168		592.52957114006915
P169		592.59524191088713
P170		592.65465734141037
P171		592.70841300132122
P172		592.75704780535352
P173		592.80104939380169
P174		592.84085900366608
P175		592.87687587836103
P176		592.90946125945425
P177		592.93894199985675
P178		592.96561383420124
P179		592.98974433880005
P180		593.01157561054038
P181		593.03132669131753
P182		593.04919576210193
P183		593.06536212847107
P184		593.0799880173787
P185		593.09322020306649
P186		593.10519147833122
P187		593.11602198583307
P188		593.12582042273323
P189		593.1346851306987
P190		593.14270508216623
P191		593.14996077272781
P192		593.15652502856312
P193		593.16246373699971
P194		593.16783650751131
P195		593.17269726977338
P196		593.17709481476538
P197		593.18107328433916
P198		593.18467261415913
P199		593.18792893445266
P200		593.19087493258644
P201		593.19354018110675
P202		593.19595143452602
P203		593.19813289783895
P204		593.20010646945491
P205		593.2018919609875
P206		593.20350729610152
P207		593.20496869041585
P208		593.20629081426489
P209		593.20748693995074
P210		593.20856907496614
P211		593.20954808252225
P212		593.21043379059176
P213		593.2112350905619
P214		593.21196002648719
P215		593.21261587583581
P216	0.5*$B$8*(L216)^2	593.21320922254313
P217		593.21374602310266
P218		593.21423166636009
P219		593.21467102760812
P220		593.21506851752736
P221		593.21542812646226
P222		593.21575346447958
P223		593.21604779760742
P224		593.21631408062183
P225		593.21655498670896
P226		593.21677293430048
P227		593.21697011135132
P228		593.21714849730392
P229		593.2173098829594
P230		593.21745588845511
P231		593.21758797952873
P232		593.21770748223298
P233		593.21781559624674
P234		593.21791340691937
P235		593.21800189616567
P236		593.21808195232347
P237		593.21815437907185
P238		593.21821990349838
P239		593.21827918339898
P240		593.21833281388172
P241		593.21838133333972
P242		593.21842522885731
P243		593.21846494109934
P244		593.21850086873474
P245		593.21853337243942
P246		593.21856277851657
P247		593.21858938217224
P248		593.21861345047944
P249		593.21863522505862
P250		593.21865492450365
P251		593.21867274657666
P252		593.21868887019241
P253		593.21870345721527
P254		593.21871665408378
P255		593.2187285932805
P256		593.21873939466229
P257		593.21874916666411
P258		593.2187580073869
P259		593.21876600558176
P260		593.21877324154264
P261		593.21877978791065
P262		593.21878571040486
P263		593.21879106848064
P264		593.2187959159279
P265		593.21880030140949
P266		593.21880426895132
P267		593.21880785838334
P268		593.21881110573975
P269		593.21881404362045
P270		593.21881670151902
P271		593.21881910611773
P272		593.21882128155619
P273		593.21882324967385
P274		593.21882503022823
P275		593.21882664109455
P276		593.21882809844396
P277		593.21882941690694
P278		593.21883060971925
P279		593.21883168885574
P280	0.5*$B$8*(L280)^2	593.21883266514953
P281		593.2188335484019
P282		593.21883434747951
P283		593.21883507040445
P284		593.21883572443414
P285		593.21883631613423
P286		593.21883685144496
P287		593.21883733573998
P288		593.21883777388121
P52		
P53		
P54		Rudders Dn
P55		
P56		
P57		
P58		
P59		
P60		
P61		
P62		
P63		
P64		
P65		
P66		
P67		
P68		
P69		
P70		
P71		
P85		
P86		KE
P87		kJ
P88	0.5*$B$8*(L88)^2	1.7116061517889374
P89		6.63412042021075
P90		14.463293270955946
P91		24.882558879757969
P92		37.606060544412031
P93		52.324747256585276
P94		68.781689452342562
P95		86.687643245530211
P96		105.81033466735174
P97		125.91070059475339
P98		146.76470668055114
P99		168.19939992175844
Q100	Lininterp($A$55:$A$71,$Z$55:$Z$71,V99)	2938.5772298945681
Q101	Lininterp($A$55:$A$71,$Z$55:$Z$71,V100)	2871.5111229092886
Q102	Lininterp($A$55:$A$71,$Z$55:$Z$71,V101)	2808.3179261074642
Q103	Lininterp($A$55:$A$71,$Z$55:$Z$71,V102)	2749.0475240786959
Q104	Lininterp($A$55:$A$71,$Z$55:$Z$71,V103)	2693.456404552513
Q105	Lininterp($A$55:$A$71,$Z$55:$Z$71,V104)	2641.316171579665
Q106	Lininterp($A$55:$A$71,$Z$55:$Z$71,V105)	2593.3397819845668
Q107	Lininterp($A$55:$A$71,$Z$55:$Z$71,V106)	2549.2909327047864
Q108	Lininterp($A$55:$A$71,$Z$55:$Z$71,V107)	2508.8480994851916
Q109	Lininterp($A$55:$A$71,$Z$55:$Z$71,V108)	2471.7160793400312
Q110	Lininterp($A$55:$A$71,$Z$55:$Z$71,V109)	2437.623835787901
Q111	Lininterp($A$55:$A$71,$Z$55:$Z$71,V110)	2406.5446908446788
Q112	Lininterp($A$55:$A$71,$Z$55:$Z$71,V111)	2378.2700381055456
Q113	Lininterp($A$55:$A$71,$Z$55:$Z$71,V112)	2352.5468083005071
Q114	Lininterp($A$55:$A$71,$Z$55:$Z$71,V113)	2329.1447683989882
Q115	Lininterp($A$55:$A$71,$Z$55:$Z$71,V114)	2307.8544609335922
Q116	Lininterp($A$55:$A$71,$Z$55:$Z$71,V115)	2288.485329273336
Q117	Lininterp($A$55:$A$71,$Z$55:$Z$71,V116)	2270.8640120668042
Q118	Lininterp($A$55:$A$71,$Z$55:$Z$71,V117)	2254.8327915898244
Q119	Lininterp($A$55:$A$71,$Z$55:$Z$71,V118)	2240.248182109764
Q120	Lininterp($A$55:$A$71,$Z$55:$Z$71,V119)	2226.9796456317513
Q121	Lininterp($A$55:$A$71,$Z$55:$Z$71,V120)	2215.144955588109
Q122	Lininterp($A$55:$A$71,$Z$55:$Z$71,V121)	2204.5908451141081
Q123	Lininterp($A$55:$A$71,$Z$55:$Z$71,V122)	2195.178748347174
Q124	Lininterp($A$55:$A$71,$Z$55:$Z$71,V123)	2186.7850930250752
Q125	Lininterp($A$55:$A$71,$Z$55:$Z$71,V124)	2179.2996780946082
Q126	Lininterp($A$55:$A$71,$Z$55:$Z$71,V125)	2172.6242268720953
Q127	Lininterp($A$55:$A$71,$Z$55:$Z$71,V126)	2166.6710967599929
Q128	Lininterp($A$55:$A$71,$Z$55:$Z$71,V127)	2161.3621285793693
Q129	Lininterp($A$55:$A$71,$Z$55:$Z$71,V128)	2156.6276204110409
Q130	Lininterp($A$55:$A$71,$Z$55:$Z$71,V129)	2152.4054124728241
Q131	Lininterp($A$55:$A$71,$Z$55:$Z$71,V130)	2148.6400710181833
Q132	Lininterp($A$55:$A$71,$Z$55:$Z$71,V131)	2145.2821605416043
Q133	Lininterp($A$55:$A$71,$Z$55:$Z$71,V132)	2142.2875947354082
Q134	Lininterp($A$55:$A$71,$Z$55:$Z$71,V133)	2139.6170576766667
Q135	Lininterp($A$55:$A$71,$Z$55:$Z$71,V134)	2137.2354876449258
Q136	Lininterp($A$55:$A$71,$Z$55:$Z$71,V135)	2135.1116167937366
Q137	Lininterp($A$55:$A$71,$Z$55:$Z$71,V136)	2133.2175606322903
Q138	Lininterp($A$55:$A$71,$Z$55:$Z$71,V137)	2131.5284519274446
Q139	Lininterp($A$55:$A$71,$Z$55:$Z$71,V138)	2130.0221142195869
Q140	Lininterp($A$55:$A$71,$Z$55:$Z$71,V139)	2128.6787706659111
Q141	Lininterp($A$55:$A$71,$Z$55:$Z$71,V140)	2127.4807843884714
Q142	Lininterp($A$55:$A$71,$Z$55:$Z$71,V141)	2126.4124269180343
Q143	Lininterp($A$55:$A$71,$Z$55:$Z$71,V142)	2125.4596716935935
Q144	Lininterp($A$55:$A$71,$Z$55:$Z$71,V143)	2124.6100099063933
Q145	Lininterp($A$55:$A$71,$Z$55:$Z$71,V144)	2123.8522862706604
Q146	Lininterp($A$55:$A$71,$Z$55:$Z$71,V145)	2123.176552564852
Q147	Lininterp($A$55:$A$71,$Z$55:$Z$71,V146)	2122.5739370205652
Q148	Lininterp($A$55:$A$71,$Z$55:$Z$71,V147)	2122.0365278442964
Q149	Lininterp($A$55:$A$71,$Z$55:$Z$71,V148)	2121.5572693427921
Q150	Lininterp($A$55:$A$71,$Z$55:$Z$71,V149)	2121.1298692882219
Q151	Lininterp($A$55:$A$71,$Z$55:$Z$71,V150)	2120.7487163069522
Q152	Lininterp($A$55:$A$71,$Z$55:$Z$71,V151)	2120.4088062073233
Q153	Lininterp($A$55:$A$71,$Z$55:$Z$71,V152)	2120.1056762791645
Q154	Lininterp($A$55:$A$71,$Z$55:$Z$71,V153)	2119.8353467024735
Q155	Lininterp($A$55:$A$71,$Z$55:$Z$71,V154)	2119.594268296004
Q156	Lininterp($A$55:$A$71,$Z$55:$Z$71,V155)	2119.379275919744
Q157	Lininterp($A$55:$A$71,$Z$55:$Z$71,V156)	2119.1875469195129
Q158	Lininterp($A$55:$A$71,$Z$55:$Z$71,V157)	2119.016564068078
Q159	Lininterp($A$55:$A$71,$Z$55:$Z$71,V158)	2118.8640825162547
Q160	Lininterp($A$55:$A$71,$Z$55:$Z$71,V159)	2118.7281003200792
Q161	Lininterp($A$55:$A$71,$Z$55:$Z$71,V160)	2118.6068321571074
Q162	Lininterp($A$55:$A$71,$Z$55:$Z$71,V161)	2118.498685886756
Q163	Lininterp($A$55:$A$71,$Z$55:$Z$71,V162)	2118.402241646947
Q164	Lininterp($A$55:$A$71,$Z$55:$Z$71,V163)	2118.3162332126085
Q165	Lininterp($A$55:$A$71,$Z$55:$Z$71,V164)	2118.2395313712968
Q166	Lininterp($A$55:$A$71,$Z$55:$Z$71,V165)	2118.1711290976605
Q167	Lininterp($A$55:$A$71,$Z$55:$Z$71,V166)	2118.1101283321177
Q168	Lininterp($A$55:$A$71,$Z$55:$Z$71,V167)	2118.0557281901479
Q169	Lininterp($A$55:$A$71,$Z$55:$Z$71,V168)	2118.0072144474111
Q170	Lininterp($A$55:$A$71,$Z$55:$Z$71,V169)	2117.9639501626289
Q171	Lininterp($A$55:$A$71,$Z$55:$Z$71,V170)	2117.9253673151293
Q172	Lininterp($A$55:$A$71,$Z$55:$Z$71,V171)	2117.8909593472467
Q173	Lininterp($A$55:$A$71,$Z$55:$Z$71,V172)	2117.8602745136873
Q174	Lininterp($A$55:$A$71,$Z$55:$Z$71,V173)	2117.8329099505204
Q175	Lininterp($A$55:$A$71,$Z$55:$Z$71,V174)	2117.8085063859421
Q176	Lininterp($A$55:$A$71,$Z$55:$Z$71,V175)	2117.7867434233667
Q177	Lininterp($A$55:$A$71,$Z$55:$Z$71,V176)	2117.7673353349069
Q178	Lininterp($A$55:$A$71,$Z$55:$Z$71,V177)	2117.7500273100291
Q179	Lininterp($A$55:$A$71,$Z$55:$Z$71,V178)	2117.7345921101232
Q180	Lininterp($A$55:$A$71,$Z$55:$Z$71,V179)	2117.7208270850665
Q181	Lininterp($A$55:$A$71,$Z$55:$Z$71,V180)	2117.70855151261
Q182	Lininterp($A$55:$A$71,$Z$55:$Z$71,V181)	2117.6976042256629
Q183	Lininterp($A$55:$A$71,$Z$55:$Z$71,V182)	2117.6878414963139
Q184	Lininterp($A$55:$A$71,$Z$55:$Z$71,V183)	2117.6791351488127
Q185	Lininterp($A$55:$A$71,$Z$55:$Z$71,V184)	2117.6713708767447
Q186	Lininterp($A$55:$A$71,$Z$55:$Z$71,V185)	2117.6644467422839
Q187	Lininterp($A$55:$A$71,$Z$55:$Z$71,V186)	2117.658271837849
Q188	Lininterp($A$55:$A$71,$Z$55:$Z$71,V187)	2117.6527650925664
Q189	Lininterp($A$55:$A$71,$Z$55:$Z$71,V188)	2117.647854207883
Q190	Lininterp($A$55:$A$71,$Z$55:$Z$71,V189)	2117.643474708354
Q191	Lininterp($A$55:$A$71,$Z$55:$Z$71,V190)	2117.6395690951372
Q192	Lininterp($A$55:$A$71,$Z$55:$Z$71,V191)	2117.6360860910868
Q193	Lininterp($A$55:$A$71,$Z$55:$Z$71,V192)	2117.63297996753
Q194	Lininterp($A$55:$A$71,$Z$55:$Z$71,V193)	2117.6302099438926
Q195	Lininterp($A$55:$A$71,$Z$55:$Z$71,V194)	2117.6277396522855
Q196	Lininterp($A$55:$A$71,$Z$55:$Z$71,V195)	2117.6255366600294
Q197	Lininterp($A$55:$A$71,$Z$55:$Z$71,V196)	2117.6235720438408
Q198	Lininterp($A$55:$A$71,$Z$55:$Z$71,V197)	2117.6218200100984
Q199	Lininterp($A$55:$A$71,$Z$55:$Z$71,V198)	2117.6202575561933
Q200	Lininterp($A$55:$A$71,$Z$55:$Z$71,V199)	2117.618864168528
Q201	Lininterp($A$55:$A$71,$Z$55:$Z$71,V200)	2117.6176215531914
Q202	Lininterp($A$55:$A$71,$Z$55:$Z$71,V201)	2117.6165133957757
Q203	Lininterp($A$55:$A$71,$Z$55:$Z$71,V202)	2117.6155251471819
Q204	Lininterp($A$55:$A$71,$Z$55:$Z$71,V203)	2117.6146438326064
Q205	Lininterp($A$55:$A$71,$Z$55:$Z$71,V204)	2117.6138578811906
Q206	Lininterp($A$55:$A$71,$Z$55:$Z$71,V205)	2117.6131569741087
Q207	Lininterp($A$55:$A$71,$Z$55:$Z$71,V206)	2117.6125319090879
Q208	Lininterp($A$55:$A$71,$Z$55:$Z$71,V207)	2117.6119744795938
Q209	Lininterp($A$55:$A$71,$Z$55:$Z$71,V208)	2117.6114773670852
Q210	Lininterp($A$55:$A$71,$Z$55:$Z$71,V209)	2117.6110340449263
Q211	Lininterp($A$55:$A$71,$Z$55:$Z$71,V210)	2117.6106386927013
Q212	Lininterp($A$55:$A$71,$Z$55:$Z$71,V211)	2117.610286119796
Q213	Lininterp($A$55:$A$71,$Z$55:$Z$71,V212)	2117.6099716972481
Q214	Lininterp($A$55:$A$71,$Z$55:$Z$71,V213)	2117.6096912969761
Q215	Lininterp($A$55:$A$71,$Z$55:$Z$71,V214)	2117.6094412375796
Q216	Lininterp($A$55:$A$71,$Z$55:$Z$71,V215)	2117.6092182360067
Q217	Lininterp($A$55:$A$71,$Z$55:$Z$71,V216)	2117.60901936445
Q218	Lininterp($A$55:$A$71,$Z$55:$Z$71,V217)	2117.6088420119063
Q219	Lininterp($A$55:$A$71,$Z$55:$Z$71,V218)	2117.6086838498986
Q220	Lininterp($A$55:$A$71,$Z$55:$Z$71,V219)	2117.6085428019042
Q221	Lininterp($A$55:$A$71,$Z$55:$Z$71,V220)	2117.6084170160898
Q222	Lininterp($A$55:$A$71,$Z$55:$Z$71,V221)	2117.6083048410032
Q223	Lininterp($A$55:$A$71,$Z$55:$Z$71,V222)	2117.6082048038875
Q224	Lininterp($A$55:$A$71,$Z$55:$Z$71,V223)	2117.6081155913471
Q225	Lininterp($A$55:$A$71,$Z$55:$Z$71,V224)	2117.6080360321016
Q226	Lininterp($A$55:$A$71,$Z$55:$Z$71,V225)	2117.6079650816109
Q227	Lininterp($A$55:$A$71,$Z$55:$Z$71,V226)	2117.6079018083601
Q228	Lininterp($A$55:$A$71,$Z$55:$Z$71,V227)	2117.6078453816281
Q229	Lininterp($A$55:$A$71,$Z$55:$Z$71,V228)	2117.6077950605836
Q230	Lininterp($A$55:$A$71,$Z$55:$Z$71,V229)	2117.6077501845571
Q231	Lininterp($A$55:$A$71,$Z$55:$Z$71,V230)	2117.6077101643677
Q232	Lininterp($A$55:$A$71,$Z$55:$Z$71,V231)	2117.607674474586
Q233	Lininterp($A$55:$A$71,$Z$55:$Z$71,V232)	2117.6076426466379
Q234	Lininterp($A$55:$A$71,$Z$55:$Z$71,V233)	2117.6076142626516
Q235	Lininterp($A$55:$A$71,$Z$55:$Z$71,V234)	2117.6075889499716
Q236	Lininterp($A$55:$A$71,$Z$55:$Z$71,V235)	2117.6075663762645
Q237	Lininterp($A$55:$A$71,$Z$55:$Z$71,V236)	2117.607546245159
Q238	Lininterp($A$55:$A$71,$Z$55:$Z$71,V237)	2117.6075282923516
Q239	Lininterp($A$55:$A$71,$Z$55:$Z$71,V238)	2117.6075122821376
Q240	Lininterp($A$55:$A$71,$Z$55:$Z$71,V239)	2117.6074980043186
Q241	Lininterp($A$55:$A$71,$Z$55:$Z$71,V240)	2117.6074852714396
Q242	Lininterp($A$55:$A$71,$Z$55:$Z$71,V241)	2117.6074739163287
Q243	Lininterp($A$55:$A$71,$Z$55:$Z$71,V242)	2117.6074637899051
Q244	Lininterp($A$55:$A$71,$Z$55:$Z$71,V243)	2117.6074547592161
Q245	Lininterp($A$55:$A$71,$Z$55:$Z$71,V244)	2117.6074467056983
Q246	Lininterp($A$55:$A$71,$Z$55:$Z$71,V245)	2117.6074395236164
Q247	Lininterp($A$55:$A$71,$Z$55:$Z$71,V246)	2117.6074331186755
Q248	Lininterp($A$55:$A$71,$Z$55:$Z$71,V247)	2117.6074274067855
Q249	Lininterp($A$55:$A$71,$Z$55:$Z$71,V248)	2117.607422312954
Q250	Lininterp($A$55:$A$71,$Z$55:$Z$71,V249)	2117.6074177703026
Q251	Lininterp($A$55:$A$71,$Z$55:$Z$71,V250)	2117.6074137191922
Q252	Lininterp($A$55:$A$71,$Z$55:$Z$71,V251)	2117.6074101064346
Q253	Lininterp($A$55:$A$71,$Z$55:$Z$71,V252)	2117.6074068845969
Q254	Lininterp($A$55:$A$71,$Z$55:$Z$71,V253)	2117.6074040113808
Q255	Lininterp($A$55:$A$71,$Z$55:$Z$71,V254)	2117.6074014490628
Q256	Lininterp($A$55:$A$71,$Z$55:$Z$71,V255)	2117.607399164001
Q257	Lininterp($A$55:$A$71,$Z$55:$Z$71,V256)	2117.6073971261967
Q258	Lininterp($A$55:$A$71,$Z$55:$Z$71,V257)	2117.6073953088935
Q259	Lininterp($A$55:$A$71,$Z$55:$Z$71,V258)	2117.6073936882326
Q260	Lininterp($A$55:$A$71,$Z$55:$Z$71,V259)	2117.6073922429368
Q261	Lininterp($A$55:$A$71,$Z$55:$Z$71,V260)	2117.6073909540301
Q262	Lininterp($A$55:$A$71,$Z$55:$Z$71,V261)	2117.6073898045897
Q263	Lininterp($A$55:$A$71,$Z$55:$Z$71,V262)	2117.6073887795255
Q264	Lininterp($A$55:$A$71,$Z$55:$Z$71,V263)	2117.6073878653792
Q265	Lininterp($A$55:$A$71,$Z$55:$Z$71,V264)	2117.6073870501482
Q266	Lininterp($A$55:$A$71,$Z$55:$Z$71,V265)	2117.6073863231304
Q267	Lininterp($A$55:$A$71,$Z$55:$Z$71,V266)	2117.6073856747794
Q268	Lininterp($A$55:$A$71,$Z$55:$Z$71,V267)	2117.6073850965836
Q269	Lininterp($A$55:$A$71,$Z$55:$Z$71,V268)	2117.6073845809519
Q270	Lininterp($A$55:$A$71,$Z$55:$Z$71,V269)	2117.6073841211146
Q271	Lininterp($A$55:$A$71,$Z$55:$Z$71,V270)	2117.6073837110339
Q272	Lininterp($A$55:$A$71,$Z$55:$Z$71,V271)	2117.6073833453265
Q273	Lininterp($A$55:$A$71,$Z$55:$Z$71,V272)	2117.6073830191908
Q274	Lininterp($A$55:$A$71,$Z$55:$Z$71,V273)	2117.6073827283449
Q275	Lininterp($A$55:$A$71,$Z$55:$Z$71,V274)	2117.6073824689697
Q276	Lininterp($A$55:$A$71,$Z$55:$Z$71,V275)	2117.6073822376607
Q277	Lininterp($A$55:$A$71,$Z$55:$Z$71,V276)	2117.6073820313804
Q278	Lininterp($A$55:$A$71,$Z$55:$Z$71,V277)	2117.607381847421
Q279	Lininterp($A$55:$A$71,$Z$55:$Z$71,V278)	2117.6073816833668
Q280	Lininterp($A$55:$A$71,$Z$55:$Z$71,V279)	2117.6073815370642
Q281	Lininterp($A$55:$A$71,$Z$55:$Z$71,V280)	2117.6073814065926
Q282	Lininterp($A$55:$A$71,$Z$55:$Z$71,V281)	2117.6073812902387
Q283	Lininterp($A$55:$A$71,$Z$55:$Z$71,V282)	2117.6073811864744
Q284	Lininterp($A$55:$A$71,$Z$55:$Z$71,V283)	2117.6073810939383
Q285	Lininterp($A$55:$A$71,$Z$55:$Z$71,V284)	2117.6073810114153
Q286	Lininterp($A$55:$A$71,$Z$55:$Z$71,V285)	2117.6073809378213
Q287	Lininterp($A$55:$A$71,$Z$55:$Z$71,V286)	2117.6073808721908
Q288	Lininterp($A$55:$A$71,$Z$55:$Z$71,V287)	2117.6073808136625
Q51		Calculation of Design Resistance
Q52		Design
Q53		FN
Q55		0
Q56	0.514*A56/(9.81*$C$4)^0.5	3.9569848896683628E-2
Q57		7.9139697793367256E-2
Q58		0.11870954669005088
Q59		0.15827939558673451
Q60		0.19784924448341815
Q61		0.23741909338010175
Q62		0.27698894227678539
Q63		0.31655879117346902
Q64		0.35612864007015266
Q65		0.39569848896683629
Q66		0.43526833786351987
Q67		0.47483818676020351
Q68		0.5144080356568872
Q69		0.55397788455357078
Q70		0.59354773345025436
Q71		0.63311758234693805
Q85		Design
Q86		Thrust
Q87		N
Q88	Lininterp($A$55:$A$71,$Z$55:$Z$71,0)	4032.2580645161293
Q89	Lininterp($A$55:$A$71,$Z$55:$Z$71,V88)	3921.4051624133476
Q90	Lininterp($A$55:$A$71,$Z$55:$Z$71,V89)	3813.9487602736317
Q91	Lininterp($A$55:$A$71,$Z$55:$Z$71,V90)	3709.784790347916
Q92	Lininterp($A$55:$A$71,$Z$55:$Z$71,V91)	3609.2922005832506
Q93	Lininterp($A$55:$A$71,$Z$55:$Z$71,V92)	3512.3684117295556
Q94	Lininterp($A$55:$A$71,$Z$55:$Z$71,V93)	3419.1982255323587
Q95	Lininterp($A$55:$A$71,$Z$55:$Z$71,V94)	3329.7407223989185
Q96	Lininterp($A$55:$A$71,$Z$55:$Z$71,V95)	3243.9867899245892
Q97	Lininterp($A$55:$A$71,$Z$55:$Z$71,V96)	3162.0406843271694
Q98	Lininterp($A$55:$A$71,$Z$55:$Z$71,V97)	3083.7333224508661
Q99	Lininterp($A$55:$A$71,$Z$55:$Z$71,V98)	3009.2531957308042
R100	Lininterp($A$55:$A$71,$Y$55:$Y$71,V99)	499.05741925076507
R101	Lininterp($A$55:$A$71,$Y$55:$Y$71,V100)	572.86785247463115
R102	Lininterp($A$55:$A$71,$Y$55:$Y$71,V101)	652.36574051631726
R103	Lininterp($A$55:$A$71,$Y$55:$Y$71,V102)	726.92870018815233
R104	Lininterp($A$55:$A$71,$Y$55:$Y$71,V103)	796.86307318820445
R105	Lininterp($A$55:$A$71,$Y$55:$Y$71,V104)	896.18203272027233
R106	Lininterp($A$55:$A$71,$Y$55:$Y$71,V105)	991.06934637280324
R107	Lininterp($A$55:$A$71,$Y$55:$Y$71,V106)	1078.1888026911806
R108	Lininterp($A$55:$A$71,$Y$55:$Y$71,V107)	1158.1763097356202
R109	Lininterp($A$55:$A$71,$Y$55:$Y$71,V108)	1231.615717573552
R110	Lininterp($A$55:$A$71,$Y$55:$Y$71,V109)	1307.1244942426604
R111	Lininterp($A$55:$A$71,$Y$55:$Y$71,V110)	1378.0583421241447
R112	Lininterp($A$55:$A$71,$Y$55:$Y$71,V111)	1442.5913246101022
R113	Lininterp($A$55:$A$71,$Y$55:$Y$71,V112)	1501.3010372918525
R114	Lininterp($A$55:$A$71,$Y$55:$Y$71,V113)	1554.7129552041183
R115	Lininterp($A$55:$A$71,$Y$55:$Y$71,V114)	1603.305136033397
R116	Lininterp($A$55:$A$71,$Y$55:$Y$71,V115)	1647.5124989224037
R117	Lininterp($A$55:$A$71,$Y$55:$Y$71,V116)	1687.7307171675648
R118	Lininterp($A$55:$A$71,$Y$55:$Y$71,V117)	1724.3197596507496
R119	Lininterp($A$55:$A$71,$Y$55:$Y$71,V118)	1757.6071127024325
R120	Lininterp($A$55:$A$71,$Y$55:$Y$71,V119)	1796.4945300929862
R121	Lininterp($A$55:$A$71,$Y$55:$Y$71,V120)	1831.2407341801081
R122	Lininterp($A$55:$A$71,$Y$55:$Y$71,V121)	1862.2272048975806
R123	Lininterp($A$55:$A$71,$Y$55:$Y$71,V122)	1889.8607663973446
R124	Lininterp($A$55:$A$71,$Y$55:$Y$71,V123)	1914.5042221856347
R125	Lininterp($A$55:$A$71,$Y$55:$Y$71,V124)	1936.4811184027456
R126	Lininterp($A$55:$A$71,$Y$55:$Y$71,V125)	1956.0799916893056
R127	Lininterp($A$55:$A$71,$Y$55:$Y$71,V126)	1973.5581574097018
R128	Lininterp($A$55:$A$71,$Y$55:$Y$71,V127)	1989.1450879685706
R129	Lininterp($A$55:$A$71,$Y$55:$Y$71,V128)	2003.0454255745619
R130	Lininterp($A$55:$A$71,$Y$55:$Y$71,V129)	2015.4416690062492
R131	Lininterp($A$55:$A$71,$Y$55:$Y$71,V130)	2026.4965696549505
R132	Lininterp($A$55:$A$71,$Y$55:$Y$71,V131)	2036.3552683023374
R133	Lininterp($A$55:$A$71,$Y$55:$Y$71,V132)	2045.1472006867702
R134	Lininterp($A$55:$A$71,$Y$55:$Y$71,V133)	2052.9877968767059
R135	Lininterp($A$55:$A$71,$Y$55:$Y$71,V134)	2059.9799967624217
R136	Lininterp($A$55:$A$71,$Y$55:$Y$71,V135)	2066.215601563053
R137	Lininterp($A$55:$A$71,$Y$55:$Y$71,V136)	2071.7764790930432
R138	Lininterp($A$55:$A$71,$Y$55:$Y$71,V137)	2076.7356386120059
R139	Lininterp($A$55:$A$71,$Y$55:$Y$71,V138)	2081.1581893698485
R140	Lininterp($A$55:$A$71,$Y$55:$Y$71,V139)	2085.102195431944
R141	Lininterp($A$55:$A$71,$Y$55:$Y$71,V140)	2088.6194380074558
R142	Lininterp($A$55:$A$71,$Y$55:$Y$71,V141)	2091.7560952894737
R143	Lininterp($A$55:$A$71,$Y$55:$Y$71,V142)	2094.5533487326493
R144	Lininterp($A$55:$A$71,$Y$55:$Y$71,V143)	2097.0479237282098
R145	Lininterp($A$55:$A$71,$Y$55:$Y$71,V144)	2099.272571774904
R146	Lininterp($A$55:$A$71,$Y$55:$Y$71,V145)	2101.2565004763728
R147	Lininterp($A$55:$A$71,$Y$55:$Y$71,V146)	2103.0257570103963
R148	Lininterp($A$55:$A$71,$Y$55:$Y$71,V147)	2104.6035701046189
R149	Lininterp($A$55:$A$71,$Y$55:$Y$71,V148)	2106.0106550086043
R150	Lininterp($A$55:$A$71,$Y$55:$Y$71,V149)	2107.2654854661987
R151	Lininterp($A$55:$A$71,$Y$55:$Y$71,V150)	2108.384536258975
R152	Lininterp($A$55:$A$71,$Y$55:$Y$71,V151)	2109.3824995051127
R153	Lininterp($A$55:$A$71,$Y$55:$Y$71,V152)	2110.2724775535353
R154	Lininterp($A$55:$A$71,$Y$55:$Y$71,V153)	2111.0661550058253
R155	Lininterp($A$55:$A$71,$Y$55:$Y$71,V154)	2111.7739521244071
R156	Lininterp($A$55:$A$71,$Y$55:$Y$71,V155)	2112.4051616411034
R157	Lininterp($A$55:$A$71,$Y$55:$Y$71,V156)	2112.968070762246
R158	Lininterp($A$55:$A$71,$Y$55:$Y$71,V157)	2113.4700699721479
R159	Lininterp($A$55:$A$71,$Y$55:$Y$71,V158)	2113.9177500634423
R160	Lininterp($A$55:$A$71,$Y$55:$Y$71,V159)	2114.3169886681803
R161	Lininterp($A$55:$A$71,$Y$55:$Y$71,V160)	2114.6730274257943
R162	Lininterp($A$55:$A$71,$Y$55:$Y$71,V161)	2114.9905408010527
R163	Lininterp($A$55:$A$71,$Y$55:$Y$71,V162)	2115.2736974555219
R164	Lininterp($A$55:$A$71,$Y$55:$Y$71,V163)	2115.5262149783052
R165	Lininterp($A$55:$A$71,$Y$55:$Y$71,V164)	2115.7514086945957
R166	Lininterp($A$55:$A$71,$Y$55:$Y$71,V165)	2115.9522351928836
R167	Lininterp($A$55:$A$71,$Y$55:$Y$71,V166)	2116.1313311422678
R168	Lininterp($A$55:$A$71,$Y$55:$Y$71,V167)	2116.291047909524
R169	Lininterp($A$55:$A$71,$Y$55:$Y$71,V168)	2116.4334824304065
R170	Lininterp($A$55:$A$71,$Y$55:$Y$71,V169)	2116.5605047405115
R171	Lininterp($A$55:$A$71,$Y$55:$Y$71,V170)	2116.673782527133
R172	Lininterp($A$55:$A$71,$Y$55:$Y$71,V171)	2116.7748030244888
R173	Lininterp($A$55:$A$71,$Y$55:$Y$71,V172)	2116.8648925397447
R174	Lininterp($A$55:$A$71,$Y$55:$Y$71,V173)	2116.9452338662222
R175	Lininterp($A$55:$A$71,$Y$55:$Y$71,V174)	2117.0168818124002
R176	Lininterp($A$55:$A$71,$Y$55:$Y$71,V175)	2117.0807770505853
R177	Lininterp($A$55:$A$71,$Y$55:$Y$71,V176)	2117.13775846709
R178	Lininterp($A$55:$A$71,$Y$55:$Y$71,V177)	2117.188574176037
R179	Lininterp($A$55:$A$71,$Y$55:$Y$71,V178)	2117.2338913414278
R180	Lininterp($A$55:$A$71,$Y$55:$Y$71,V179)	2117.2743049363871
R181	Lininterp($A$55:$A$71,$Y$55:$Y$71,V180)	2117.310345554627
R182	Lininterp($A$55:$A$71,$Y$55:$Y$71,V181)	2117.3424863766563
R183	Lininterp($A$55:$A$71,$Y$55:$Y$71,V182)	2117.3711493822075
R184	Lininterp($A$55:$A$71,$Y$55:$Y$71,V183)	2117.3967108904517
R185	Lininterp($A$55:$A$71,$Y$55:$Y$71,V184)	2117.4195065007193
R186	Lininterp($A$55:$A$71,$Y$55:$Y$71,V185)	2117.4398354986247
R187	Lininterp($A$55:$A$71,$Y$55:$Y$71,V186)	2117.4579647853998
R188	Lininterp($A$55:$A$71,$Y$55:$Y$71,V187)	2117.4741323820795
R189	Lininterp($A$55:$A$71,$Y$55:$Y$71,V188)	2117.4885505544885
R190	Lininterp($A$55:$A$71,$Y$55:$Y$71,V189)	2117.5014086001052
R191	Lininterp($A$55:$A$71,$Y$55:$Y$71,V190)	2117.5128753333629
R192	Lininterp($A$55:$A$71,$Y$55:$Y$71,V191)	2117.5231013020298
R193	Lininterp($A$55:$A$71,$Y$55:$Y$71,V192)	2117.5322207637669
R194	Lininterp($A$55:$A$71,$Y$55:$Y$71,V193)	2117.5403534488032
R195	Lininterp($A$55:$A$71,$Y$55:$Y$71,V194)	2117.5476061318909
R196	Lininterp($A$55:$A$71,$Y$55:$Y$71,V195)	2117.5540740341557
R197	Lininterp($A$55:$A$71,$Y$55:$Y$71,V196)	2117.5598420732667
R198	Lininterp($A$55:$A$71,$Y$55:$Y$71,V197)	2117.5649859783261
R199	Lininterp($A$55:$A$71,$Y$55:$Y$71,V198)	2117.5695732841245
R200	Lininterp($A$55:$A$71,$Y$55:$Y$71,V199)	2117.5736642178131
R201	Lininterp($A$55:$A$71,$Y$55:$Y$71,V200)	2117.5773124896241
R202	Lininterp($A$55:$A$71,$Y$55:$Y$71,V201)	2117.5805659980474
R203	Lininterp($A$55:$A$71,$Y$55:$Y$71,V202)	2117.5834674586854
R204	Lininterp($A$55:$A$71,$Y$55:$Y$71,V203)	2117.5860549650743
R205	Lininterp($A$55:$A$71,$Y$55:$Y$71,V204)	2117.5883624888197
R206	Lininterp($A$55:$A$71,$Y$55:$Y$71,V205)	2117.590420325605
R207	Lininterp($A$55:$A$71,$Y$55:$Y$71,V206)	2117.5922554929562
R208	Lininterp($A$55:$A$71,$Y$55:$Y$71,V207)	2117.5938920849494
R209	Lininterp($A$55:$A$71,$Y$55:$Y$71,V208)	2117.5953515885462
R210	Lininterp($A$55:$A$71,$Y$55:$Y$71,V209)	2117.5966531657018
R211	Lininterp($A$55:$A$71,$Y$55:$Y$71,V210)	2117.5978139049389
R212	Lininterp($A$55:$A$71,$Y$55:$Y$71,V211)	2117.5988490457062
R213	Lininterp($A$55:$A$71,$Y$55:$Y$71,V212)	2117.5997721784602
R214	Lininterp($A$55:$A$71,$Y$55:$Y$71,V213)	2117.6005954230945
R215	Lininterp($A$55:$A$71,$Y$55:$Y$71,V214)	2117.6013295880603
R216	Lininterp($A$55:$A$71,$Y$55:$Y$71,V215)	2117.6019843122772
R217	Lininterp($A$55:$A$71,$Y$55:$Y$71,V216)	2117.6025681916753
R218	Lininterp($A$55:$A$71,$Y$55:$Y$71,V217)	2117.6030888920614
R219	Lininterp($A$55:$A$71,$Y$55:$Y$71,V218)	2117.6035532497567
R220	Lininterp($A$55:$A$71,$Y$55:$Y$71,V219)	2117.6039673613559
R221	Lininterp($A$55:$A$71,$Y$55:$Y$71,V220)	2117.6043366637673
R222	Lininterp($A$55:$A$71,$Y$55:$Y$71,V221)	2117.6046660055949
R223	Lininterp($A$55:$A$71,$Y$55:$Y$71,V222)	2117.6049597107972
R224	Lininterp($A$55:$A$71,$Y$55:$Y$71,V223)	2117.6052216354551
R225	Lininterp($A$55:$A$71,$Y$55:$Y$71,V224)	2117.6054552184019
R226	Lininterp($A$55:$A$71,$Y$55:$Y$71,V225)	2117.6056635263699
R227	Lininterp($A$55:$A$71,$Y$55:$Y$71,V226)	2117.6058492942502
R228	Lininterp($A$55:$A$71,$Y$55:$Y$71,V227)	2117.6060149610103
R229	Lininterp($A$55:$A$71,$Y$55:$Y$71,V228)	2117.6061627017011
R230	Lininterp($A$55:$A$71,$Y$55:$Y$71,V229)	2117.6062944560235
R231	Lininterp($A$55:$A$71,$Y$55:$Y$71,V230)	2117.6064119537923
R232	Lininterp($A$55:$A$71,$Y$55:$Y$71,V231)	2117.6065167376464
R233	Lininterp($A$55:$A$71,$Y$55:$Y$71,V232)	2117.606610183303
R234	Lininterp($A$55:$A$71,$Y$55:$Y$71,V233)	2117.6066935176168
R235	Lininterp($A$55:$A$71,$Y$55:$Y$71,V234)	2117.6067678346926
R236	Lininterp($A$55:$A$71,$Y$55:$Y$71,V235)	2117.6068341102464
R237	Lininterp($A$55:$A$71,$Y$55:$Y$71,V236)	2117.6068932144135
R238	Lininterp($A$55:$A$71,$Y$55:$Y$71,V237)	2117.6069459231794
R239	Lininterp($A$55:$A$71,$Y$55:$Y$71,V238)	2117.6069929285641
R240	Lininterp($A$55:$A$71,$Y$55:$Y$71,V239)	2117.6070348477028
R241	Lininterp($A$55:$A$71,$Y$55:$Y$71,V240)	2117.6070722309555
R242	Lininterp($A$55:$A$71,$Y$55:$Y$71,V241)	2117.6071055691327
R243	Lininterp($A$55:$A$71,$Y$55:$Y$71,V242)	2117.6071352999315
R244	Lininterp($A$55:$A$71,$Y$55:$Y$71,V243)	2117.6071618136943
R245	Lininterp($A$55:$A$71,$Y$55:$Y$71,V244)	2117.6071854585189
R246	Lininterp($A$55:$A$71,$Y$55:$Y$71,V245)	2117.6072065448411
R247	Lininterp($A$55:$A$71,$Y$55:$Y$71,V246)	2117.6072253495058
R248	Lininterp($A$55:$A$71,$Y$55:$Y$71,V247)	2117.6072421193999
R249	Lininterp($A$55:$A$71,$Y$55:$Y$71,V248)	2117.6072570746983
R250	Lininterp($A$55:$A$71,$Y$55:$Y$71,V249)	2117.6072704117501
R251	Lininterp($A$55:$A$71,$Y$55:$Y$71,V250)	2117.6072823056584
R252	Lininterp($A$55:$A$71,$Y$55:$Y$71,V251)	2117.6072929125789
R253	Lininterp($A$55:$A$71,$Y$55:$Y$71,V252)	2117.6073023717722
R254	Lininterp($A$55:$A$71,$Y$55:$Y$71,V253)	2117.6073108074265
R255	Lininterp($A$55:$A$71,$Y$55:$Y$71,V254)	2117.6073183302969
R256	Lininterp($A$55:$A$71,$Y$55:$Y$71,V255)	2117.607325039151
R257	Lininterp($A$55:$A$71,$Y$55:$Y$71,V256)	2117.6073310220681
R258	Lininterp($A$55:$A$71,$Y$55:$Y$71,V257)	2117.6073363576011
R259	Lininterp($A$55:$A$71,$Y$55:$Y$71,V258)	2117.6073411158004
R260	Lininterp($A$55:$A$71,$Y$55:$Y$71,V259)	2117.6073453591348
R261	Lininterp($A$55:$A$71,$Y$55:$Y$71,V260)	2117.6073491433172
R262	Lininterp($A$55:$A$71,$Y$55:$Y$71,V261)	2117.60735251803
R263	Lininterp($A$55:$A$71,$Y$55:$Y$71,V262)	2117.6073555275798
R264	Lininterp($A$55:$A$71,$Y$55:$Y$71,V263)	2117.6073582114791
R265	Lininterp($A$55:$A$71,$Y$55:$Y$71,V264)	2117.6073606049663
R266	Lininterp($A$55:$A$71,$Y$55:$Y$71,V265)	2117.6073627394644
R267	Lininterp($A$55:$A$71,$Y$55:$Y$71,V266)	2117.6073646429977
R268	Lininterp($A$55:$A$71,$Y$55:$Y$71,V267)	2117.6073663405587
R269	Lininterp($A$55:$A$71,$Y$55:$Y$71,V268)	2117.607367854434
R270	Lininterp($A$55:$A$71,$Y$55:$Y$71,V269)	2117.6073692044988
R271	Lininterp($A$55:$A$71,$Y$55:$Y$71,V270)	2117.6073704084802
R272	Lininterp($A$55:$A$71,$Y$55:$Y$71,V271)	2117.6073714821832
R273	Lininterp($A$55:$A$71,$Y$55:$Y$71,V272)	2117.6073724397056
R274	Lininterp($A$55:$A$71,$Y$55:$Y$71,V273)	2117.6073732936179
R275	Lininterp($A$55:$A$71,$Y$55:$Y$71,V274)	2117.6073740551337
R276	Lininterp($A$55:$A$71,$Y$55:$Y$71,V275)	2117.6073747342489
R277	Lininterp($A$55:$A$71,$Y$55:$Y$71,V276)	2117.60737533988
R278	Lininterp($A$55:$A$71,$Y$55:$Y$71,V277)	2117.6073758799785
R279	Lininterp($A$55:$A$71,$Y$55:$Y$71,V278)	2117.6073763616346
R280	Lininterp($A$55:$A$71,$Y$55:$Y$71,V279)	2117.6073767911739
R281	Lininterp($A$55:$A$71,$Y$55:$Y$71,V280)	2117.6073771742331
R282	Lininterp($A$55:$A$71,$Y$55:$Y$71,V281)	2117.6073775158447
R283	Lininterp($A$55:$A$71,$Y$55:$Y$71,V282)	2117.6073778204918
R284	Lininterp($A$55:$A$71,$Y$55:$Y$71,V283)	2117.6073780921743
R285	Lininterp($A$55:$A$71,$Y$55:$Y$71,V284)	2117.6073783344591
R286	Lininterp($A$55:$A$71,$Y$55:$Y$71,V285)	2117.6073785505278
R287	Lininterp($A$55:$A$71,$Y$55:$Y$71,V286)	2117.6073787432165
R288	Lininterp($A$55:$A$71,$Y$55:$Y$71,V287)	2117.6073789150541
R30		
R32		
R33		
R34		
R35		
R36		
R37		
R38		
R39		
R40		
R41		
R42		
R43		
R44		
R45		
R46		
R47		
R48		
R53		Rn
R55	B55*$C$4/0.00000119	0
R56		7435025.2100840323
R57		14870050.420168065
R58		22305075.630252097
R59		29740100.840336129
R60		37175126.050420165
R61		44610151.260504194
R62		52045176.47058823
R63		59480201.680672258
R64		66915226.890756302
R65		74350252.10084033
R66		81785277.310924351
R67		89220302.521008387
R68		96655327.731092423
R69		104090352.94117646
R70		111525378.15126048
R71		118960403.36134452
R85		
R86		Resistance
R87		N
R88	Lininterp($A$55:$A$71,$G$55:$G$71,0)	0
R89	Lininterp($A$55:$A$71,$Y$55:$Y$71,V88)	12.694286174716829
R90	Lininterp($A$55:$A$71,$Y$55:$Y$71,V89)	24.999623195142767
R91	Lininterp($A$55:$A$71,$Y$55:$Y$71,V90)	54.381568455054762
R92	Lininterp($A$55:$A$71,$Y$55:$Y$71,V91)	83.703588691013323
R93	Lininterp($A$55:$A$71,$Y$55:$Y$71,V92)	123.31654624222656
R94	Lininterp($A$55:$A$71,$Y$55:$Y$71,V93)	165.19466226219402
R95	Lininterp($A$55:$A$71,$Y$55:$Y$71,V94)	210.45399896265877
R96	Lininterp($A$55:$A$71,$Y$55:$Y$71,V95)	263.20921096219217
R97	Lininterp($A$55:$A$71,$Y$55:$Y$71,V96)	313.62187483183038
R98	Lininterp($A$55:$A$71,$Y$55:$Y$71,V97)	374.52963074511223
R99	Lininterp($A$55:$A$71,$Y$55:$Y$71,V98)	438.42529853785658
S100		0.15388291421329539
S101		0.14499653728899869
S102		0.13599570037340045
S103		0.1275536013883482
S104		0.1196355559952679
S105		0.11008163402039445
S106		0.10106990847706024
S107		9.2795919051027326E-2
S108		8.5199271694989809E-2
S109		7.8224516461387755E-2
S110		7.1310973755643742E-2
S111		6.4876077611331212E-2
S112		5.9021847894741006E-2
S113		5.3695886945876341E-2
S114		4.8850525318121049E-2
S115		4.4442395117930925E-2
S116		4.0432041845118449E-2
S117		3.6783571259548238E-2
S118		3.3464328113560787E-2
S119		3.0444603874654017E-2
S120		2.7154648966375927E-2
S121		2.4216364266154002E-2
S122		2.1596018383342359E-2
S123		1.9259208561935363E-2
S124		1.7175254616296601E-2
S125		1.5316796128250279E-2
S126		1.3659433229698962E-2
S127		1.218140625456767E-2
S128		1.0863310054196818E-2
S129		9.6878392254065981E-3
S130		8.6395609063066262E-3
S131		7.7047121568689283E-3
S132		6.8710192640544258E-3
S133		6.1275365991339675E-3
S134		5.4645029115477839E-3
S135		4.8732131725714549E-3
S136		4.3459042862141256E-3
S137		3.8756531668340459E-3
S138		3.4562858453277318E-3
S139		3.082296410535324E-3
S140		2.7487747216400362E-3
S141		2.451341942488596E-3
S142		2.1860930514591265E-3
S143		1.9495455720821763E-3
S144		1.7385938512946794E-3
S145		1.5504682850431884E-3
S146		1.3826989559032232E-3
S147		1.2330832053120341E-3
S148		1.0996567146674785E-3
S149		9.8066771561229919E-4
S150		8.7455399091084267E-4
S151		7.7992236395838259E-4
S152	(Q152-R152)/($C$8*1100)	6.955304076411554E-4
S153		6.2027013239911307E-4
S154		5.5315343933162947E-4
S155		4.9329914735847438E-4
S156		4.3992142411442502E-4
S157		3.9231946868582921E-4
S158		3.4986831073255517E-4
S159		3.1201060519598484E-4
S160		2.782493148663068E-4
S161		2.4814118473616978E-4
S162		2.2129092246584608E-4
S163		1.9734600855507125E-4
S164		1.7599206808224872E-4
S165		1.5694874324874024E-4
S166		1.3996601253550716E-4
S167		1.2482090814865357E-4
S168		1.1131458865483778E-4
S169		9.926972837475507E-5
S170		8.8528189257757419E-5
S171		7.8948944674105248E-5
S172		7.0406227862626625E-5
S173		6.2787880728562096E-5
S174		5.5993881309452992E-5
S175		4.9935030577731342E-5
S176		4.4531781339181842E-5
S177		3.971319384997297E-5
S178		3.541600444313612E-5
S179		3.1583794933542778E-5
S180		2.8166251899152048E-5
S181		2.511850611098385E-5
S182		2.2400543441318844E-5
S183		1.9976679514731294E-5
S184		1.7815091204223242E-5
S185		1.5887398823409054E-5
S186		1.4168293525858293E-5
S187		1.2635205024317131E-5
S188		1.1268005262187659E-5
S189		1.0048744151295873E-5
S190		8.9614139032164334E-6
S191		7.991738861643282E-6
S192		7.1269880760995434E-6
S193		6.35580815586327E-6
S194		5.6680742107609645E-6
S195		5.0547569200674008E-6
S196		4.5078039861753698E-6
S197		4.0200344149185752E-6
S198		3.5850442359390635E-6
S199		3.1971224241327422E-6
S200		2.8511759191165101E-6
S201		2.5426627584167741E-6
S202		2.2675324449805303E-6
S203		2.0221727682868881E-6
S204		1.8033623792288702E-6
S205		1.6082284964137592E-6
S206		1.4342091898294597E-6
S207		1.2790197441905458E-6
S208		1.1406226633976405E-6
S209		1.0172009199116521E-6
S210		9.071340984249976E-7
S211		8.0897712182208435E-7
S212		7.214412784585791E-7
S213		6.433773022892106E-7
S214		5.7376028433783141E-7
S215		5.1167621663600477E-7
S216	(Q216-R216)/($C$8*1100)	4.5630999175784563E-7
S217		4.0693470178947998E-7
S218		3.6290209396742616E-7
S219		3.2363406029976343E-7
S220		2.886150472329072E-7
S221		2.5738528691675811E-7
S222		2.295347611157591E-7
S223		2.046978177631405E-7
S224		1.8254837051095375E-7
S225		1.6279561716471454E-7
S226		1.4518022201333653E-7
S227		1.2947091116700414E-7
S228		1.1546143535106021E-7
S229		1.0296786309477092E-7
S230		9.1826165159818832E-8
S231		8.1890061207897286E-8
S232		7.3029099161762236E-8
S233		6.5126942647933842E-8
S234		5.8079843659030068E-8
S235		5.1795280155373111E-8
S236		4.6190741452184324E-8
S237		4.1192645271346455E-8
S238		3.6735371025154357E-8
S239		3.2760398603830066E-8
S240		2.9215540475638743E-8
S241		2.6054255883734767E-8
S242		2.323503982503994E-8
S243		2.0720878836698409E-8
S244		1.8478763894547658E-8
S245		1.6479258386964058E-8
S246		1.4696110579284458E-8
S247		1.3105909277974686E-8
S248		1.1687776728046115E-8
S249		1.0423094010680204E-8
S250		9.2952569617898167E-9
S251		8.2894582226983599E-9
S252		7.3924925544276604E-9
S253		6.5925834936935017E-9
S254		5.8792291992269852E-9
S255		5.2430637593598984E-9
S256		4.6757349074820958E-9
S257		4.169794358938891E-9
S258		3.7185993064288094E-9
S259		3.316226020509721E-9
S260		2.9573918835217032E-9
S261		2.6373855700757231E-9
S262		2.3520056896441478E-9
S263		2.0975055390756196E-9
S264		1.8705437642386623E-9
S265		1.668140443147473E-9
S266		1.4876383610891712E-9
S267		1.3266675845365047E-9
S268		1.1831147107303769E-9
S269		1.055095071826738E-9
S270		9.4092792229293516E-10
S271		8.3911420796224289E-10
S272		7.4831737570803439E-10
S273		6.6734527315140676E-10
S274		5.9513485950771662E-10
S275		5.3073789172620835E-10
S276		4.7330907754746173E-10
S277		4.2209437198629295E-10
S278		3.7642139651138625E-10
S279		3.3569051798201519E-10
S280	(Q280-R280)/($C$8*1100)	2.993668741927652E-10
S281		2.6697377630262063E-10
S282		2.3808568098768766E-10
S283		2.1232342871610045E-10
S284		1.8934882226583628E-10
S285		1.6886020922071258E-10
S286		1.5058852342783929E-10
S287		1.3429395752707136E-10
S288		1.1976266416555208E-10
S53		Cf
S55		0
S56	0.075/(LOG10(R56)-2)^2	3.1606371500783868E-3
S57	0.075/(LOG10(R57)-2)^2	2.8034431976349094E-3
S58		2.6218805523475406E-3
S59		2.5035485773185324E-3
S60		2.4171939956120804E-3
S61		2.3499110935887397E-3
S62		2.2951919259133632E-3
S63		2.2493222574982035E-3
S64		2.2099941771191261E-3
S65		2.1756814907436415E-3
S66		2.1453256649049297E-3
S67		2.1181643009731722E-3
S68		2.0936312161372117E-3
S69		2.0712951444210323E-3
S70		2.0508204955581818E-3
S71		2.031941323071329E-3
S85		
S86		Acceleration
S87		m/s2
S88	(Q88-R88)/($C$8*1100)	0.25435154046322411
S89		0.24655828488397025
S90		0.2390038123386739
S91		0.23057984524466513
S92		0.22239124582964884
S93		0.21377861954872346
S94		0.2052598831096655
S95		0.19676205504661889
S96		0.18802501150885667
S97		0.17967592859573145
S98		0.17089435283867502
S99		0.16216572090738063
T100	T99+S100	2.6633292145291292
T101	T100+S101	2.8083257518181277
T102	T101+S102	2.9443214521915282
T103	T102+S103	3.0718750535798764
T104	T103+S104	3.1915106095751442
T105	T104+S105	3.3015922435955387
T106	T105+S106	3.4026621520725988
T107	T106+S107	3.4954580711236263
T108	T107+S108	3.5806573428186161
T109	T108+S109	3.6588818592800041
T110	T109+S110	3.7301928330356477
T111	T110+S111	3.7950689106469788
T112	T111+S112	3.8540907585417199
T113	T112+S113	3.907786645487596
T114	T113+S114	3.9566371708057169
T115	T114+S115	4.0010795659236482
T116	T115+S116	4.0415116077687667
T117	T116+S117	4.0782951790283146
T118	T117+S118	4.1117595071418753
T119	T118+S119	4.1422041110165297
T120	T119+S120	4.1693587599829058
T121	T120+S121	4.19357512424906
T122	T121+S122	4.2151711426324026
T123	T122+S123	4.2344303511943382
T124	T123+S124	4.2516056058106351
T125	T124+S125	4.2669224019388849
T126	T125+S126	4.2805818351685838
T127	T126+S127	4.2927632414231516
T128	T127+S128	4.3036265514773486
T129	T128+S129	4.3133143907027556
T130	T129+S130	4.3219539516090624
T131	T130+S131	4.3296586637659313
T132	T131+S132	4.336529683029986
T133	T132+S133	4.3426572196291202
T134	T133+S134	4.3481217225406681
T135	T134+S135	4.3529949357132391
T136	T135+S136	4.3573408399994529
T137	T136+S137	4.3612164931662871
T138	T137+S138	4.3646727790116149
T139	T138+S139	4.3677550754221501
T140	T139+S140	4.3705038501437903
T141	T140+S141	4.3729551920862786
T142	T141+S142	4.3751412851377376
T143	T142+S143	4.37709083070982
T144	T143+S144	4.3788294245611148
T145	T144+S145	4.3803798928461584
T146	T145+S146	4.3817625918020617
T147	T146+S147	4.3829956750073737
T148	T147+S148	4.3840953317220412
T149	T148+S149	4.3850759994376531
T150	T149+S150	4.3859505534285637
T151	T150+S151	4.3867304757925218
T152	T151+S152	4.3874260062001627
T153	T152+S153	4.3880462763325614
T154	T153+S154	4.3885994297718929
T155	T154+S155	4.389092728919251
T156	T155+S156	4.3895326503433658
T157	T156+S157	4.3899249698120517
T158	T157+S158	4.3902748381227843
T159	T158+S159	4.3905868487279802
T160	T159+S160	4.3908650980428465
T161	T160+S161	4.3911132392275825
T162	T161+S162	4.3913345301500479
T163	T162+S163	4.3915318761586031
T164	T163+S164	4.3917078682266855
T165	T164+S165	4.3918648169699344
T166	T165+S166	4.39200478298247
T167	T166+S167	4.392129603890619
T168	T167+S168	4.3922409184792741
T169	T168+S169	4.3923401882076485
T170	T169+S170	4.392428716396906
T171	T170+S171	4.3925076653415802
T172	T171+S172	4.3925780715694431
T173	T172+S173	4.3926408594501716
T174	T173+S174	4.392696853331481
T175	T174+S175	4.392746788362059
T176	T175+S176	4.3927913201433979
T177	T176+S177	4.3928310333372478
T178	T177+S178	4.3928664493416907
T179	T178+S179	4.3928980331366239
T180	T179+S180	4.3929261993885227
T181	T180+S181	4.3929513178946333
T182	T181+S182	4.3929737184380748
T183	T182+S183	4.3929936951175899
T184	T183+S184	4.3930115102087939
T185	T184+S185	4.3930273976076171
T186	T185+S186	4.393041565901143
T187	T186+S187	4.3930542011061675
T188	T187+S188	4.3930654691114297
T189	T188+S189	4.3930755178555811
T190	T189+S190	4.3930844792694845
T191	T190+S191	4.3930924710083463
T192	T191+S192	4.3930995979964225
T193	T192+S193	4.3931059538045787
T194	T193+S194	4.3931116218787896
T195	T194+S195	4.3931166766357093
T196	T195+S196	4.3931211844396953
T197	T196+S197	4.39312520447411
T198	T197+S198	4.3931287895183457
T199	T198+S199	4.3931319866407694
T200	T199+S200	4.3931348378166888
T201	T200+S201	4.3931373804794474
T202	T201+S202	4.3931396480118927
T203	T202+S203	4.3931416701846606
T204	T203+S204	4.39314347354704
T205	T204+S205	4.3931450817755362
T206	T205+S206	4.3931465159847258
T207	T206+S207	4.3931477950044702
T208	T207+S208	4.3931489356271332
T209	T208+S209	4.3931499528280531
T210	T209+S210	4.3931508599621516
T211	T210+S211	4.3931516689392733
T212	T211+S212	4.3931523903805516
T213	T212+S213	4.3931530337578542
T214	T213+S214	4.3931536075181388
T215	T214+S215	4.3931541191943557
T216	T215+S216	4.3931545755043473
T217	T216+S217	4.3931549824390492
T218	T217+S218	4.3931553453411434
T219	T218+S219	4.3931556689752034
T220	T219+S220	4.3931559575902508
T221	T220+S221	4.3931562149755381
T222	T221+S222	4.3931564445102991
T223	T222+S223	4.3931566492081169
T224	T223+S224	4.3931568317564871
T225	T224+S225	4.3931569945521041
T226	T225+S226	4.3931571397323257
T227	T226+S227	4.393157269203237
T228	T227+S228	4.3931573846646721
T229	T228+S229	4.3931574876325348
T230	T229+S230	4.3931575794587001
T231	T230+S231	4.3931576613487611
T232	T231+S232	4.3931577343778603
T233	T232+S233	4.3931577995048032
T234	T233+S234	4.3931578575846473
T235	T234+S235	4.3931579093799273
T236	T235+S236	4.3931579555706683
T237	T236+S237	4.3931579967633132
T238	T237+S238	4.3931580334986844
T239	T238+S239	4.3931580662590832
T240	T239+S240	4.3931580954746234
T241	T240+S241	4.3931581215288791
T242	T241+S242	4.3931581447639187
T243	T242+S243	4.393158165484798
T244	T243+S244	4.3931581839635623
T245	T244+S245	4.3931582004428202
T246	T245+S246	4.3931582151389312
T247	T246+S247	4.3931582282448405
T248	T247+S248	4.3931582399326174
T249	T248+S249	4.3931582503557118
T250	T249+S250	4.3931582596509688
T251	T250+S251	4.3931582679404269
T252	T251+S252	4.3931582753329197
T253	T252+S253	4.3931582819255031
T254	T253+S254	4.3931582878047326
T255	T254+S255	4.3931582930477964
T256	T255+S256	4.3931582977235308
T257	T256+S257	4.3931583018933251
T258	T257+S258	4.3931583056119248
T259	T258+S259	4.3931583089281512
T260	T259+S260	4.3931583118855428
T261	T260+S261	4.3931583145229283
T262	T261+S262	4.393158316874934
T263	T262+S263	4.3931583189724392
T264	T263+S264	4.393158320842983
T265	T264+S265	4.3931583225111233
T266	T265+S266	4.3931583239987617
T267	T266+S267	4.3931583253254294
T268	T267+S268	4.3931583265085443
T269	T268+S269	4.393158327563639
T270	T269+S270	4.3931583285045672
T271	T270+S271	4.3931583293436818
T272	T271+S272	4.3931583300919987
T273	T272+S273	4.393158330759344
T274	T273+S274	4.3931583313544786
T275	T274+S275	4.3931583318852168
T276	T275+S276	4.3931583323585262
T277	T276+S277	4.3931583327806205
T278	T277+S278	4.3931583331570421
T279	T278+S279	4.3931583334927327
T280	T279+S280	4.3931583337920994
T281	T280+S281	4.3931583340590734
T282	T281+S282	4.3931583342971594
T283	T282+S283	4.3931583345094829
T284	T283+S284	4.3931583346988319
T285	T284+S285	4.3931583348676924
T286	T285+S286	4.3931583350182812
T287	T286+S287	4.3931583351525756
T288	T287+S288	4.3931583352723385
T53		Cr
T55		0
T56	Lininterp($C$54:$C$71,$I$54:$I$71,Q56)	0
T57	Lininterp($C$54:$C$71,$I$54:$I$71,Q57)	0
T58	Lininterp($C$54:$C$71,$I$54:$I$71,Q58)	1.0059371451801156E-5
T59	Lininterp($C$54:$C$71,$I$54:$I$71,Q59)	1.0450786334806533E-4
T60	Lininterp($C$54:$C$71,$I$54:$I$71,Q60)	3.2843247250612226E-4
T61	Lininterp($C$54:$C$71,$I$54:$I$71,Q61)	8.9707909644567594E-4
T62	Lininterp($C$54:$C$71,$I$54:$I$71,Q62)	1.3773320366843908E-3
T63	Lininterp($C$54:$C$71,$I$54:$I$71,Q63)	1.8065310913395328E-3
T64	Lininterp($C$54:$C$71,$I$54:$I$71,Q64)	2.095235503485884E-3
T65	Lininterp($C$54:$C$71,$I$54:$I$71,Q65)	2.3108546628116027E-3
T66	Lininterp($C$54:$C$71,$I$54:$I$71,Q66)	2.4755056812126881E-3
T67	Lininterp($C$54:$C$71,$I$54:$I$71,Q67)	2.5640327618741705E-3
T68	Lininterp($C$54:$C$71,$I$54:$I$71,Q68)	2.5640327618741705E-3
T69	Lininterp($C$54:$C$71,$I$54:$I$71,Q69)	2.5640327618741705E-3
T70	Lininterp($C$54:$C$71,$I$54:$I$71,Q70)	2.5640327618741705E-3
T71	Lininterp($C$54:$C$71,$I$54:$I$71,Q71)	2.5640327618741705E-3
T85		
T86		Speed
T87		m/s
T88	0+S88	0.25435154046322411
T89	T88+S89	0.50090982534719442
T90	T89+S90	0.73991363768586838
T91	T90+S91	0.9704934829305335
T92	T91+S92	1.1928847287601823
T93	T92+S93	1.4066633483089057
T94	T93+S94	1.6119232314185712
T95	T94+S95	1.8086852864651901
T96	T95+S96	1.9967102979740468
T97	T96+S97	2.176386226569778
T98	T97+S98	2.3472805794084528
T99	T98+S99	2.5094463003158336
U100		
U101		
U102		
U103		
U104		
U105		
U106		
U107		
U108		
U109		
U110		
U111		
U112		
U113		
U114		
U115		
U116		
U117		
U118		
U119		
U120		
U121		
U122		
U123		
U124		
U125		
U126		
U127		
U128		
U129		
U130		
U131		
U132		
U133		
U134		
U135		
U136		
U137		
U138		
U139		
U140		
U141		
U142		
U143		
U144		
U145		
U146		
U147		
U148		
U149		
U150		
U151		
U152		
U153		
U154		
U155		
U156		
U157		
U158		
U159		
U160		
U161		
U162		
U163		
U164		
U165		
U166		
U167		
U168		
U169		
U170		
U171		
U172		
U173		
U174		
U175		
U176		
U177		
U178		
U179		
U180		
U181		
U182		
U183		
U184		
U185		
U186		
U187		
U188		
U189		
U190		
U191		
U192		
U193		
U194		
U195		
U196		
U197		
U198		
U199		
U200		
U201		
U202		
U203		
U204		
U205		
U206		
U207		
U208		
U209		
U210		
U211		
U212		
U213		
U214		
U215		
U216		
U217		
U218		
U219		
U220		
U221		
U222		
U223		
U224		
U225		
U226		
U227		
U228		
U229		
U230		
U231		
U232		
U233		
U234		
U235		
U236		
U237		
U238		
U239		
U240		
U241		
U242		
U243		
U244		
U245		
U246		
U247		
U248		
U249		
U250		
U251		
U252		
U253		
U254		
U255		
U256		
U257		
U258		
U259		
U260		
U261		
U262		
U263		
U264		
U265		
U266		
U267		
U268		
U269		
U270		
U271		
U272		
U273		
U274		
U275		
U276		
U277		
U278		
U279		
U280		
U281		
U282		
U283		
U284		
U285		
U286		
U287		
U288		
U52		Frictional
U53		
U55		0
U56	0.5*1025*B56^2*$C$9*S56	21.09676703675883
U57		74.850209287482571
U58		157.50584621439867
U59		267.37282942884184
U60		403.35995708029628
U61		564.67062924418985
U62		750.68260804873307
U63		960.88833543419776
U64		1194.8610794490198
U65		1452.2339445155362
U66		1732.6859959524757
U67		2035.9326307047515
U68		2361.7186346435628
U69		2709.8130199876805
U70		3080.0050873552032
U71		3472.1013569617962
U85		
U86		
U87		
U88		
U89		
U90		
U91		
U92		
U93		
U94		
U95		
U96		
U97		
U98		
U99		
V100		5.1815743473329361
V101		5.4636687778562791
V102		5.7282518525127006
V103		5.9764106100775809
V104		6.2091646100683739
V105		6.4233312132208926
V106		6.6199652764058339
V107		6.8005020838981052
V108		6.9662594218261011
V109		7.1184471970428094
V110		7.2571845000693536
V111		7.3834025498968456
V112		7.4982310477465361
V113		7.6026977538669183
V114		7.6977376863924452
V115		7.784201490123829
V116		7.8628630501337868
V117		7.9344264183430244
V118		7.9995321150620144
V119		8.0587628618998632
V120		8.1115929182546811
V121		8.1587064674106227
V122		8.2007220673782157
V123		8.238191344736066
V124		8.2716062369856704
V125		8.3014054512429674
V126		8.327980224063392
V127		8.351679458021696
V128		8.3728143024851143
V129		8.3916622387213149
V130		8.4084707229748297
V131		8.4234604353422782
V132		8.4368281771011393
V133		8.4487494545313613
V134		8.4593807831530512
V135		8.468861742632761
V136		8.4773168093374576
V137		8.4848569905958886
V138		8.4915812821237644
V139		8.4975779677473735
V140		8.502925778489864
V141		8.507694926237896
V142		8.5119480255597999
V143		8.5157409157778599
V144		8.5191233940877726
V145		8.5221398693505019
V146		8.5248299451401977
V147		8.5272289397030612
V148		8.529368349653776
V149		8.5312762634973787
V150		8.532977730405765
V151		8.5344950890905089
V152		8.5358482610898108
V153	T153/0.514	8.5370550123201578
V154		8.5381311863266394
V155		8.5390909122942631
V156		8.539946790551296
V157		8.5407100580000996
V158		8.5413907356474397
V159		8.5419977601711672
V160		8.5425391012506733
V161		8.5430218662015225
V162		8.54345239328803
V163		8.5438363349389164
V164		8.5441787319585316
V165		8.5444840797080435
V166		8.5447563871254282
V167		8.5449992293591812
V168		8.545215794706758
V169		8.5454089264740247
V170		8.5455811603052645
V171		8.5457347574738911
V172		8.5458717345709001
V173		8.5459938899808776
V174		8.5461028274931543
V175		8.546199977358091
V176		8.546286615064977
V177		8.5463638780880302
V178		8.5464327808204104
V179		8.5464942278922642
V180		8.5465490260477086
V181		8.5465978947366406
V182		8.5466414755604561
V183		8.5466803406956995
V184		8.5467150004062127
V185		8.5467459097424463
V186		8.5467734745158417
V187		8.546798056626784
V188		8.5468199788160106
V189		8.5468395289019092
V190		8.5468569635593088
V191		8.54687251168939
V192		8.5468863774249471
V193		8.5468987428104644
V194		8.5469097701921974
V195		8.5469196043496289
V196		8.5469283743962947
V197		8.5469361954749221
V198		8.5469431702691541
V199		8.546949390351692
V200		8.5469549373865537
V201		8.5469598842012591
V202		8.5469642957429812
V203		8.5469682299312453
V204		8.5469717384183657
V205		8.5469748672675792
V206		8.5469776575578322
V207		8.5469801459230936
V208		8.5469823650333332
V209		8.5469843440234499
V210		8.5469861088757817
V211		8.5469876827612321
V212		8.5469890863434852
V213		8.5469903380502998
V214		8.5469914543154442
V215		8.546992449794466
V216		8.5469933375570957
V217	T217/0.514	8.5469941292588505
V218		8.5469948352940524
V219		8.5469954649323014
V220		8.5469960264401763
V221		8.5469965271897621
V222		8.5469969737554461
V223		8.5469973720002272
V224		8.5469977271526982
V225		8.5469980438756892
V226		8.5469983263274809
V227		8.5469985782164137
V228		8.546998802849556
V229		8.546999003176138
V230		8.5469991818262638
V231		8.5469993411454492
V232		8.5469994832254095
V233		8.5469996099315235
V234		8.5469997229273282
V235		8.5469998236963569
V236		8.5469999135616117
V237		8.5469999937029435
V238		8.5470000651725382
V239		8.5470001289087225
V240		8.5470001857482938
V241		8.5470002364375084
V242		8.5470002816418642
V243		8.5470003219548598
V244		8.5470003579057625
V245		8.547000389966577
V246		8.5470004185582322
V247		8.5470004440561098
V248		8.5470004667949748
V249		8.5470004870733689
V250		8.5470005051575271
V251		8.5470005212848772
V252		8.5470005356671592
V253		8.5470005484931963
V254		8.5470005599313854
V255		8.5470005701318996
V256		8.5470005792286585
V257		8.547000587341099
V258		8.5470005945757297
V259		8.5470006010275306
V260		8.5470006067812108
V261		8.5470006119123116
V262		8.547000616488198
V263		8.5470006205689479
V264		8.5470006242081382
V265		8.5470006274535475
V266		8.5470006303477852
V267		8.5470006329288513
V268		8.5470006352306314
V269		8.5470006372833449
V270		8.5470006391139446
V271		8.5470006407464627
V272		8.5470006422023328
V273		8.5470006435006685
V274		8.5470006446585192
V275		8.5470006456910834
V276		8.5470006466119184
V277		8.5470006474331139
V278		8.5470006481654508
V279		8.5470006488185462
V280		8.5470006494009709
V281	T281/0.514	8.5470006499203759
V282		8.5470006503835787
V283		8.5470006507966598
V284		8.5470006511650425
V285		8.5470006514935655
V286		8.54700065178654
V287		8.5470006520478119
V288		8.5470006522808131
V52		TOTAL
V53		Derived
V55		0
V56	0.5*1025*B56^2*$C$9*(S56+T56)	21.09676703675883
V57		74.850209287482571
V58		158.11014903493805
V59		278.5340121492759
V60		458.16586353808538
V61		780.23377086849234
V62		1201.1631076417505
V63		1732.6206416792288
V64		2327.6764421838452
V65		2994.6939031329052
V66		3732.0439940903002
V67		4500.424154661262
V68		5254.0732703980793
V69		6064.2598164840419
V70		6930.7730935372492
V71		7853.4196217733706
V85		
V86		Speed
V87		(kts)
V88	T88/0.514	0.49484735498681731
V89	T89/0.514	0.97453273413851049
V90		1.4395206958869033
V91		1.8881196165963687
V92		2.3207874100392649
V93		2.7366991212235519
V94		3.136037415211228
V95		3.5188429697766344
V96		3.884650385163515
V97		4.2342144485793343
V98		4.5666937342576901
V99		4.8821912457506489
W100		19.924626159713689
W101		22.732951911531817
W102		25.677273363723344
W103		28.749148417303221
W104		31.940659026878365
W105		35.242251270473901
W106		38.644913422546502
W107		42.140371493670131
W108		45.721028836488749
W109		49.37991069576875
W110		53.110103528804395
W111		56.905172439451377
W112		60.7592631979931
W113		64.667049843480697
W114		68.623687014286418
W115		72.624766580210064
W116		76.666278187978833
W117		80.744573367007149
W118		84.856332874149018
W119		88.998536985165543
W120		93.167895745148456
W121	W120+T121	97.361470869397522
W122		101.57664201202992
W123		105.81107236322426
W124		110.06267796903489
W125		114.32960037097378
W126		118.61018220614237
W127		122.90294544756551
W128		127.20657199904286
W129		131.51988638974561
W130		135.84184034135467
W131		140.17149900512061
W132		144.5080286881506
W133		148.85068590777973
W134		153.1988076303204
W135		157.55180256603364
W136		161.90914340603311
W137		166.27035989919941
W138		170.63503267821102
W139		175.00278775363316
W140		179.37329160377695
W141		183.74624679586321
W142		188.12138808100096
W143		192.49847891171078
W144		196.87730833627188
W145		201.25768822911803
W146		205.6394508209201
W147		210.02244649592748
W148		214.40654182764953
W149		218.79161782708718
W150		223.17756838051574
W151		227.56429885630826
W152		231.95172486250843
W153	W152+T153	236.339771138841
W154		240.72837056861289
W155		245.11746329753214
W156		249.50699594787551
W157		253.89692091768757
W158		258.28719575581033
W159		262.67778260453832
W160		267.06864770258119
W161		271.45976094180878
W162		275.85109547195884
W163		280.24262734811742
W164		284.63433521634408
W165		289.02620003331401
W166		293.41820481629651
W167		297.81033442018713
W168		302.20257533866641
W169		306.59491552687405
W170		310.98734424327097
W171		315.37985190861252
W172		319.77242998018198
W173		324.16507083963216
W174		328.55776769296364
W175		332.95051448132568
W176		337.34330580146906
W177		341.7361368348063
W178		346.12900328414798
W179		350.52190131728463
W180		354.91482751667314
W181		359.30777883456778
W182		363.70075255300588
W183		368.09374624812347
W184		372.48675775833226
W185	W184+T185	376.87978515593989
W186		381.27282672184106
W187		385.66588092294722
W188		390.05894639205866
W189		394.45202190991427
W190		398.84510638918374
W191		403.23819886019209
W192		407.6312984581885
W193		412.02440441199309
W194		416.41751603387189
W195		420.8106327105076
W196		425.20375389494728
W197		429.59687909942141
W198		433.99000788893977
W199		438.38313987558053
W200		442.77627471339724
W201		447.1694120938767
W202		451.56255174188857
W203		455.95569341207323
W204		460.34883688562024
W205		464.74198196739576
W206		469.13512848338047
W207		473.52827627838496
W208		477.92142521401212
W209		482.31457516684014
W210		486.70772602680228
W211		491.10087769574153
W212		495.49403008612211
W213		499.88718311987998
W214		504.28033672739809
W215		508.67349084659247
W216		513.06664542209683
W217	W216+T217	517.45980040453583
W218		521.85295574987697
W219		526.24611141885214
W220		530.63926737644238
W221		535.03242359141791
W222		539.42558003592819
W223		543.81873668513629
W224		548.21189351689281
W225		552.60505051144492
W226		556.99820765117727
W227		561.39136492038051
W228		565.78452230504513
W229		570.17767979267762
W230		574.57083737213634
W231		578.96399503348505
W232		583.35715276786289
W233		587.75031056736771
W234		592.1434684249524
W235		596.53662633433237
W236		600.92978428990307
W237		605.32294228666638
W238		609.71610032016508
W239		614.10925838642413
W240		618.50241648189876
W241		622.89557460342769
W242		627.28873274819159
W243		631.6818909136764
W244		636.07504909763998
W245		640.4682072980828
W246		644.8613655132217
W247		649.25452374146653
W248		653.64768198139916
W249	W248+T249	658.04084023175483
W250		662.43399849140576
W251		666.82715675934617
W252		671.22031503467906
W253		675.61347331660454
W254		680.00663160440922
W255		684.39978989745703
W256		688.79294819518054
W257		693.18610649707387
W258		697.57926480268577
W259		701.97242311161392
W260		706.36558142349941
W261		710.75873973802231
W262		715.15189805489729
W263		719.54505637386978
W264		723.93821469471277
W265		728.33137301722388
W266		732.7245313412227
W267		737.11768966654813
W268		741.5108479930567
W269		745.90400632062028
W270		750.29716464912485
W271		754.69032297846854
W272		759.08348130856052
W273		763.47663963931984
W274		767.86979797067431
W275		772.26295630255947
W276		776.65611463491803
W277		781.0492729676987
W278		785.44243130085579
W279		789.83558963434848
W280		794.22874796814062
W281	W280+T281	798.6219063021997
W282		803.01506463649685
W283		807.40822297100635
W284		811.80138130570515
W285		816.19453964057288
W286		820.58769797559114
W287		824.98085631074366
W288		829.37401464601601
W53		Holtrop
W55		0
W56	Holtrop($C$4,$C$5,$C$6,$C$7,$C$9,$C$11,$C$14,$C$15,$C$16,$C$17,$C$18,$C$19,A56)*1000	25.65293326677477
W57	Holtrop($C$4,$C$5,$C$6,$C$7,$C$9,$C$11,$C$14,$C$15,$C$16,$C$17,$C$18,$C$19,A57)*1000	91.016488287338319
W58	Holtrop($C$4,$C$5,$C$6,$C$7,$C$9,$C$11,$C$14,$C$15,$C$16,$C$17,$C$18,$C$19,A58)*1000	191.7064061084107
W59	Holtrop($C$4,$C$5,$C$6,$C$7,$C$9,$C$11,$C$14,$C$15,$C$16,$C$17,$C$18,$C$19,A59)*1000	329.51843984294112
W60	Holtrop($C$4,$C$5,$C$6,$C$7,$C$9,$C$11,$C$14,$C$15,$C$16,$C$17,$C$18,$C$19,A60)*1000	521.69783430469943
W61	Holtrop($C$4,$C$5,$C$6,$C$7,$C$9,$C$11,$C$14,$C$15,$C$16,$C$17,$C$18,$C$19,A61)*1000	803.51087079110323
W62	Holtrop($C$4,$C$5,$C$6,$C$7,$C$9,$C$11,$C$14,$C$15,$C$16,$C$17,$C$18,$C$19,A62)*1000	1246.5646067882001
W63	Holtrop($C$4,$C$5,$C$6,$C$7,$C$9,$C$11,$C$14,$C$15,$C$16,$C$17,$C$18,$C$19,A63)*1000	1757.8463337215319
W64	Holtrop($C$4,$C$5,$C$6,$C$7,$C$9,$C$11,$C$14,$C$15,$C$16,$C$17,$C$18,$C$19,A64)*1000	2415.543986999789
W65	Holtrop($C$4,$C$5,$C$6,$C$7,$C$9,$C$11,$C$14,$C$15,$C$16,$C$17,$C$18,$C$19,A65)*1000	3736.0221120049159
W66	Holtrop($C$4,$C$5,$C$6,$C$7,$C$9,$C$11,$C$14,$C$15,$C$16,$C$17,$C$18,$C$19,A66)*1000	5924.4673696641876
W67	Holtrop($C$4,$C$5,$C$6,$C$7,$C$9,$C$11,$C$14,$C$15,$C$16,$C$17,$C$18,$C$19,A67)*1000	8503.7653686596459
W68	Holtrop($C$4,$C$5,$C$6,$C$7,$C$9,$C$11,$C$14,$C$15,$C$16,$C$17,$C$18,$C$19,A68)*1000	10790.128401406417
W69	Holtrop($C$4,$C$5,$C$6,$C$7,$C$9,$C$11,$C$14,$C$15,$C$16,$C$17,$C$18,$C$19,A69)*1000	10400.561389827408
W70	Holtrop($C$4,$C$5,$C$6,$C$7,$C$9,$C$11,$C$14,$C$15,$C$16,$C$17,$C$18,$C$19,A70)*1000	11328.763457681342
W71	Holtrop($C$4,$C$5,$C$6,$C$7,$C$9,$C$11,$C$14,$C$15,$C$16,$C$17,$C$18,$C$19,A71)*1000	12095.645104998361
W85		
W86		Position
W87		m
W88		0
W89	W88+T89	0.50090982534719442
W90		1.2408234630330628
W91		2.2113169459635964
W92		3.4042016747237787
W93		4.8108650230326848
W94		6.4227882544512562
W95		8.231473540916447
W96		10.228183838890494
W97		12.404570065460273
W98		14.751850644868727
W99		17.261296945184561
X100		51.114129864171076
X101		56.831122076232205
X102		62.468591309150128
X103		67.99834776485234
X104		73.39793661962625
X105		78.548543645168749
X106		83.431283922895688
X107		88.043938174456557
X108		92.388260661103786
X109		96.469058471806122
X110		100.2660330510295
X111		103.78404622099606
X112		107.0372988930814
X113		110.04060130911211
X114		112.80899221628707
X115		115.3574485592915
X116		117.70066784472651
X117		119.85290861087658
X118		121.82787713056155
X119		123.63865068852392
X120		125.26501618981027
X121		126.72436419958876
X122		128.03293191849181
X123		129.20557522593521
X124		130.25584125336619
X125		131.19604884497366
X126		132.03737283031279
X127		132.78992913386051
X128		133.46285859298334
X129		134.06440800329079
X130		134.60200740238238
X131		135.08234297387338
X132		135.51142523031731
X133		135.89465233747464
X134		136.23686858999102
X135		136.54241815301796
X136		136.815194255867
X137		137.05868407041774
X138		137.27600953491847
X139		137.4699643978434
X140		137.64304776033603
X141		137.79749439233979
X142		137.93530208899134
X143		138.05825632190113
X144		138.16795242583072
X145		138.26581554593548
X146		138.35311855487646
X147		138.43099813321518
X148		138.50046919095166
X149		138.56243779309526
X150		138.61771273793255
X151		138.66701592327288
X152	0.5*$C$8*(T152)^2	138.71099162346545
X153		138.75021478840421
X154		138.78519846506347
X155		138.81640043230794
X156		138.84422913076452
X157		138.86904896137463
X158		138.89118501882729
X159		138.91092731933878
X160		138.92853457615834
X161		138.94423757067352
X162		138.95824216202922
X163		138.97073197370173
X164		138.98187079144861
X165		138.99180470343973
X166		139.0006640101287
X167		139.00856492851054
X168		139.0156111128008
X169		139.02189501122967
X170		139.02749907654945
X171		139.0324968459762
X172		139.03695390460862
X173		139.04092874486363
X174		139.04447353312733
X175		139.04763479361654
X176		139.05045401837626
X177		139.05296821137767
X178		139.05521037382582
X179		139.05720993702121
X180		139.05899314843674
X181		139.06058341606104
X182		139.06200161551578
X183		139.06326636396793
X184		139.06439426442435
X185		139.06540012360944
X186		139.06629714628068
X187		139.06709710852871
X188		139.06781051233389
X189		139.06844672340591
X190		139.06901409411378
X191		139.06952007311807
X192		139.0699713031442
X193		139.07037370817855
X194		139.0707325712315
X195		139.07105260368809
X196		139.07133800715584
X197		139.07159252862121
X198		139.07181950963874
X199		139.07202193019859
X200		139.07220244784745
X201		139.07236343257716
X202		139.07250699793849
X203		139.07263502878826
X204		139.07274920603464
X205		139.07285102870475
X206		139.07294183362458
X207		139.07302281296992
X208		139.0730950299176
X209		139.073159432604
X210		139.07321686657255
X211		139.07326808587487
X212		139.07331376297054
X213		139.07335449755567
X214		139.07339082443619
X215		139.07342322054933
X216	0.5*$C$8*(T216)^2	139.07345211122521
X217		139.07347787577115
X218		139.0735008524513
X219		139.07352134292788
X220		139.07353961622175
X221		139.07355591224416
X222		139.07357044494671
X223		139.07358340513031
X224		139.07359496295015
X225		139.07360527014973
X226		139.07361446205303
X227		139.07362265934137
X228		139.07362996963747
X229		139.07363648891885
X230		139.07364230277776
X231		139.07364748754475
X232		139.07365211129104
X233		139.07365623472228
X234		139.07365991197526
X235		139.07366319132896
X236		139.07366611583825
X237		139.07366872389935
X238		139.07367104975373
X239		139.07367312393765
X240		139.07367497368332
X241		139.07367662327616
X242		139.07367809437386
X243		139.07367940629061
X244		139.07368057625067
X245		139.07368161961443
X246		139.07368255008046
X247		139.07368337986486
X248		139.07368411986198
X249		139.07368477978727
X250		139.07368536830495
X251		139.07368589314174
X252		139.07368636118824
X253		139.07368677858949
X254		139.07368715082563
X255		139.0736874827837
X256		139.07368777882203
X257		139.07368804282743
X258		139.07368827826593
X259		139.07368848822873
X260		139.07368867547231
X261		139.07368884245508
X262		139.07368899136941
X263		139.07368912417036
X264		139.07368924260152
X265		139.07368934821775
X266		139.07368944240577
X267		139.07368952640206
X268		139.07368960130952
X269		139.07368966811154
X270		139.07368972768526
X271		139.07368978081274
X272		139.0736898281915
X273		139.07368987044364
X274		139.07368990812387
X275		139.07368994172688
X276		139.07368997169388
X277		139.07368999841827
X278		139.07369002225093
X279		139.07369004350477
X280	0.5*$C$8*(T280)^2	139.07369006245881
X281		139.07369007936194
X282		139.07369009443605
X283		139.07369010787903
X284		139.07369011986745
X285		139.07369013055862
X286		139.07369014009299
X287		139.07369014859566
X288		139.07369015617829
X53		Delft
X55		0
X56	DelftResistance($C$4,$C$5,$C$5,$C$6,$C$8*1000,$C$14,$C$12,$C$13,$C$10,$C$9,B55)	0
X57	DelftResistance($C$4,$C$5,$C$5,$C$6,$C$8*1000,$C$14,$C$12,$C$13,$C$10,$C$9,B56)	25.975273065923012
X58	DelftResistance($C$4,$C$5,$C$5,$C$6,$C$8*1000,$C$14,$C$12,$C$13,$C$10,$C$9,B57)	51.950546131846025
X59	DelftResistance($C$4,$C$5,$C$5,$C$6,$C$8*1000,$C$14,$C$12,$C$13,$C$10,$C$9,B58)	119.46341638349286
X60	DelftResistance($C$4,$C$5,$C$5,$C$6,$C$8*1000,$C$14,$C$12,$C$13,$C$10,$C$9,B59)	252.57602220075316
X61	DelftResistance($C$4,$C$5,$C$5,$C$6,$C$8*1000,$C$14,$C$12,$C$13,$C$10,$C$9,B60)	458.65046396249801
X62	DelftResistance($C$4,$C$5,$C$5,$C$6,$C$8*1000,$C$14,$C$12,$C$13,$C$10,$C$9,B61)	760.56953516149429
X63	DelftResistance($C$4,$C$5,$C$5,$C$6,$C$8*1000,$C$14,$C$12,$C$13,$C$10,$C$9,B62)	1147.080760791931
X64	DelftResistance($C$4,$C$5,$C$5,$C$6,$C$8*1000,$C$14,$C$12,$C$13,$C$10,$C$9,B63)	1679.152238041584
X65	DelftResistance($C$4,$C$5,$C$5,$C$6,$C$8*1000,$C$14,$C$12,$C$13,$C$10,$C$9,B64)	2451.6154329669585
X66	DelftResistance($C$4,$C$5,$C$5,$C$6,$C$8*1000,$C$14,$C$12,$C$13,$C$10,$C$9,B65)	3701.2646219696258
X67	DelftResistance($C$4,$C$5,$C$5,$C$6,$C$8*1000,$C$14,$C$12,$C$13,$C$10,$C$9,B66)	5447.1018812495668
X68	DelftResistance($C$4,$C$5,$C$5,$C$6,$C$8*1000,$C$14,$C$12,$C$13,$C$10,$C$9,B67)	7298.2298821059685
X69	DelftResistance($C$4,$C$5,$C$5,$C$6,$C$8*1000,$C$14,$C$12,$C$13,$C$10,$C$9,B68)	8948.384853882284
X70	DelftResistance($C$4,$C$5,$C$5,$C$6,$C$8*1000,$C$14,$C$12,$C$13,$C$10,$C$9,B69)	10138.006310744966
X71	DelftResistance($C$4,$C$5,$C$5,$C$6,$C$8*1000,$C$14,$C$12,$C$13,$C$10,$C$9,B70)	10716.141004914012
X85		
X86		KE
X87		kJ
X88	0.5*$C$8*(T88)^2	0.46618684102497093
X89		1.8080497114549829
X90		3.945057433966741
X91		6.7869791155347805
X92		10.253879836604135
X93		14.258426772974586
X94		18.723195630462179
X95		23.573131419511178
X96		28.72905770913799
X97		34.132115270206278
X98		39.702812911480365
X99		45.378180616681306
Y52		DESIGN AT LOAD DRAUGHT
Y53		RT
Y55	IF(Input!$B$44="Derived",V55,W55)	0
Y56	IF(Input!$B$44="Derived",V56,IF(Input!$B$44="Holtrop",W56,X56))	25.65293326677477
Y57	IF(Input!$B$44="Derived",V57,IF(Input!$B$44="Holtrop",W57,X57))	91.016488287338319
Y58	IF(Input!$B$44="Derived",V58,IF(Input!$B$44="Holtrop",W58,X58))	191.7064061084107
Y59	IF(Input!$B$44="Derived",V59,IF(Input!$B$44="Holtrop",W59,X59))	329.51843984294112
Y60	IF(Input!$B$44="Derived",V60,IF(Input!$B$44="Holtrop",W60,X60))	521.69783430469943
Y61	IF(Input!$B$44="Derived",V61,IF(Input!$B$44="Holtrop",W61,X61))	803.51087079110323
Y62	IF(Input!$B$44="Derived",V62,IF(Input!$B$44="Holtrop",W62,X62))	1246.5646067882001
Y63	IF(Input!$B$44="Derived",V63,IF(Input!$B$44="Holtrop",W63,X63))	1757.8463337215319
Y64	IF(Input!$B$44="Derived",V64,IF(Input!$B$44="Holtrop",W64,X64))	2415.543986999789
Y65	IF(Input!$B$44="Derived",V65,IF(Input!$B$44="Holtrop",W65,X65))	3736.0221120049159
Y66	IF(Input!$B$44="Derived",V66,IF(Input!$B$44="Holtrop",W66,X66))	5924.4673696641876
Y67	IF(Input!$B$44="Derived",V67,IF(Input!$B$44="Holtrop",W67,X67))	8503.7653686596459
Y68	IF(Input!$B$44="Derived",V68,IF(Input!$B$44="Holtrop",W68,X68))	10790.128401406417
Y69	IF(Input!$B$44="Derived",V69,IF(Input!$B$44="Holtrop",W69,X69))	10400.561389827408
Y70	IF(Input!$B$44="Derived",V70,IF(Input!$B$44="Holtrop",W70,X70))	11328.763457681342
Y71	IF(Input!$B$44="Derived",V71,IF(Input!$B$44="Holtrop",W71,X71))	12095.645104998361
Z53		Thrust
Z55	N55*SUM(Input!$B$37:$B$39)/170	4032.2580645161293
Z56	N56*SUM(Input!$B$37:$B$39)/170	3808.2437275985667
Z57	N57*SUM(Input!$B$37:$B$39)/170	3584.2293906810037
Z58	N58*SUM(Input!$B$37:$B$39)/170	3360.2150537634411
Z59	N59*SUM(Input!$B$37:$B$39)/170	3136.2007168458781
Z60	N60*SUM(Input!$B$37:$B$39)/170	2912.1863799283155
Z61	N61*SUM(Input!$B$37:$B$39)/170	2688.1720430107525
Z62	N62*SUM(Input!$B$37:$B$39)/170	2464.15770609319
Z63	N63*SUM(Input!$B$37:$B$39)/170	2240.1433691756274
Z64	N64*SUM(Input!$B$37:$B$39)/170	2016.1290322580646
Z65	N65*SUM(Input!$B$37:$B$39)/170	1792.1146953405018
Z66	N66*SUM(Input!$B$37:$B$39)/170	1568.1003584229391
Z67	N67*SUM(Input!$B$37:$B$39)/170	1344.0860215053763
Z68	N68*SUM(Input!$B$37:$B$39)/170	1120.0716845878135
Z69	N69*SUM(Input!$B$37:$B$39)/170	896.05734767025103
Z70	N70*SUM(Input!$B$37:$B$39)/170	672.04301075268813
Z71	N71*SUM(Input!$B$37:$B$39)/170	448.02867383512552
